Familia,"Codigo Familia",Contrato,Servicio,"Codigo Servicio",Subservicio,"Codigo Subservicio",Criticidad,"Aceptacion (min)","Respuesta (min)","Resolucion (min)","Respuesta (h)","Resolucion (h)","Disponibilidad (%)",Activo
"Gestión Integral de la Estrategia Digital",GIED,0813-2026,"Desarrollo y Mantenimiento de Sitios Web Especializados",DES_MANT_S,"Arquitectura de Contenido para Nuevos Sitios",ARQDECONPA,CRITICA,10,60,480,1,8,99.50,Si
"Gestión Integral de la Estrategia Digital",GIED,0813-2026,"Desarrollo y Mantenimiento de Sitios Web Especializados",DES_MANT_S,"Arquitectura de Contenido para Nuevos Sitios",ARQDECONPA,ALTA,15,120,1440,2,24,99.50,Si
"Gestión Integral de la Estrategia Digital",GIED,0813-2026,"Desarrollo y Mantenimiento de Sitios Web Especializados",DES_MANT_S,"Arquitectura de Contenido para Nuevos Sitios",ARQDECONPA,MEDIA,30,240,2880,4,48,99.50,Si
"Gestión Integral de la Estrategia Digital",GIED,0813-2026,"Desarrollo y Mantenimiento de Sitios Web Especializados",DES_MANT_S,"Arquitectura de Contenido para Nuevos Sitios",ARQDECONPA,BAJA,60,480,4320,8,72,99.50,Si
"Gestión Integral de la Estrategia Digital",GIED,0813-2026,"Desarrollo y Mantenimiento de Sitios Web Especializados",DES_MANT_S,"Desarrollo de Aplicativos Web Interactivos",DESDEAPLWE,CRITICA,10,60,480,1,8,99.50,Si
"Gestión Integral de la Estrategia Digital",GIED,0813-2026,"Desarrollo y Mantenimiento de Sitios Web Especializados",DES_MANT_S,"Desarrollo de Aplicativos Web Interactivos",DESDEAPLWE,ALTA,15,120,1440,2,24,99.50,Si
"Gestión Integral de la Estrategia Digital",GIED,0813-2026,"Desarrollo y Mantenimiento de Sitios Web Especializados",DES_MANT_S,"Desarrollo de Aplicativos Web Interactivos",DESDEAPLWE,MEDIA,30,240,2880,4,48,99.50,Si
"Gestión Integral de la Estrategia Digital",GIED,0813-2026,"Desarrollo y Mantenimiento de Sitios Web Especializados",DES_MANT_S,"Desarrollo de Aplicativos Web Interactivos",DESDEAPLWE,BAJA,60,480,4320,8,72,99.50,Si
"Gestión Integral de la Estrategia Digital",GIED,0813-2026,"Desarrollo y Mantenimiento de Sitios Web Especializados",DES_MANT_S,"Desarrollo de Landing Pages Temáticas",DESDELANPA,CRITICA,10,60,480,1,8,99.50,Si
"Gestión Integral de la Estrategia Digital",GIED,0813-2026,"Desarrollo y Mantenimiento de Sitios Web Especializados",DES_MANT_S,"Desarrollo de Landing Pages Temáticas",DESDELANPA,ALTA,15,120,1440,2,24,99.50,Si
"Gestión Integral de la Estrategia Digital",GIED,0813-2026,"Desarrollo y Mantenimiento de Sitios Web Especializados",DES_MANT_S,"Desarrollo de Landing Pages Temáticas",DESDELANPA,MEDIA,30,240,2880,4,48,99.50,Si
"Gestión Integral de la Estrategia Digital",GIED,0813-2026,"Desarrollo y Mantenimiento de Sitios Web Especializados",DES_MANT_S,"Desarrollo de Landing Pages Temáticas",DESDELANPA,BAJA,60,480,4320,8,72,99.50,Si
"Gestión Integral de la Estrategia Digital",GIED,0813-2026,"Desarrollo y Mantenimiento de Sitios Web Especializados",DES_MANT_S,"Mantenimiento de Páginas y Micrositios",MANDEPGIYM,CRITICA,10,60,480,1,8,99.50,Si
"Gestión Integral de la Estrategia Digital",GIED,0813-2026,"Desarrollo y Mantenimiento de Sitios Web Especializados",DES_MANT_S,"Mantenimiento de Páginas y Micrositios",MANDEPGIYM,ALTA,15,120,1440,2,24,99.50,Si
"Gestión Integral de la Estrategia Digital",GIED,0813-2026,"Desarrollo y Mantenimiento de Sitios Web Especializados",DES_MANT_S,"Mantenimiento de Páginas y Micrositios",MANDEPGIYM,MEDIA,30,240,2880,4,48,99.50,Si
"Gestión Integral de la Estrategia Digital",GIED,0813-2026,"Desarrollo y Mantenimiento de Sitios Web Especializados",DES_MANT_S,"Mantenimiento de Páginas y Micrositios",MANDEPGIYM,BAJA,60,480,4320,8,72,99.50,Si
"Gestión Integral de la Estrategia Digital",GIED,0813-2026,"Publicaciones en Canales Digitales",CUL_PUB_CANALES,"Actualización de Contenidos en Portal Principal",CUL_ACT_PORTAL,CRITICA,15,30,120,1,2,99.90,Si
"Gestión Integral de la Estrategia Digital",GIED,0813-2026,"Publicaciones en Canales Digitales",CUL_PUB_CANALES,"Actualización de Contenidos en Portal Principal",CUL_ACT_PORTAL,ALTA,30,60,240,1,4,99.90,Si
"Gestión Integral de la Estrategia Digital",GIED,0813-2026,"Publicaciones en Canales Digitales",CUL_PUB_CANALES,"Actualización de Contenidos en Portal Principal",CUL_ACT_PORTAL,MEDIA,60,120,360,2,6,99.90,Si
"Gestión Integral de la Estrategia Digital",GIED,0813-2026,"Publicaciones en Canales Digitales",CUL_PUB_CANALES,"Actualización de Contenidos en Portal Principal",CUL_ACT_PORTAL,BAJA,120,240,480,4,8,99.90,Si
"Gestión Integral de la Estrategia Digital",GIED,0813-2026,"Publicaciones en Canales Digitales",CUL_PUB_CANALES,"Publicación de Noticia o Artículo",CUL_PUB_NOTICIA,CRITICA,15,30,120,1,2,99.90,Si
"Gestión Integral de la Estrategia Digital",GIED,0813-2026,"Publicaciones en Canales Digitales",CUL_PUB_CANALES,"Publicación de Noticia o Artículo",CUL_PUB_NOTICIA,ALTA,30,60,240,1,4,99.90,Si
"Gestión Integral de la Estrategia Digital",GIED,0813-2026,"Publicaciones en Canales Digitales",CUL_PUB_CANALES,"Publicación de Noticia o Artículo",CUL_PUB_NOTICIA,MEDIA,60,120,360,2,6,99.90,Si
"Gestión Integral de la Estrategia Digital",GIED,0813-2026,"Publicaciones en Canales Digitales",CUL_PUB_CANALES,"Publicación de Noticia o Artículo",CUL_PUB_NOTICIA,BAJA,120,240,480,4,8,99.90,Si
"Gestión Integral de la Estrategia Digital",GIED,0813-2026,"Publicaciones en Canales Digitales",CUL_PUB_CANALES,"Publicación de Documento",CUL_PUB_DOCUMENTO,CRITICA,15,30,120,1,2,99.90,Si
"Gestión Integral de la Estrategia Digital",GIED,0813-2026,"Publicaciones en Canales Digitales",CUL_PUB_CANALES,"Publicación de Documento",CUL_PUB_DOCUMENTO,ALTA,30,60,240,1,4,99.90,Si
"Gestión Integral de la Estrategia Digital",GIED,0813-2026,"Publicaciones en Canales Digitales",CUL_PUB_CANALES,"Publicación de Documento",CUL_PUB_DOCUMENTO,MEDIA,60,120,360,2,6,99.90,Si
"Gestión Integral de la Estrategia Digital",GIED,0813-2026,"Publicaciones en Canales Digitales",CUL_PUB_CANALES,"Publicación de Documento",CUL_PUB_DOCUMENTO,BAJA,120,240,480,4,8,99.90,Si
"Gestión Integral de la Estrategia Digital",GIED,0813-2026,"Publicaciones en Canales Digitales",CUL_PUB_CANALES,"Publicación de Banner",CUL_PUB_BANNER,CRITICA,15,30,120,1,2,99.90,Si
"Gestión Integral de la Estrategia Digital",GIED,0813-2026,"Publicaciones en Canales Digitales",CUL_PUB_CANALES,"Publicación de Banner",CUL_PUB_BANNER,ALTA,30,60,240,1,4,99.90,Si
"Gestión Integral de la Estrategia Digital",GIED,0813-2026,"Publicaciones en Canales Digitales",CUL_PUB_CANALES,"Publicación de Banner",CUL_PUB_BANNER,MEDIA,60,120,360,2,6,99.90,Si
"Gestión Integral de la Estrategia Digital",GIED,0813-2026,"Publicaciones en Canales Digitales",CUL_PUB_CANALES,"Publicación de Banner",CUL_PUB_BANNER,BAJA,120,240,480,4,8,99.90,Si
"Gestión Integral de la Estrategia Digital",GIED,0813-2026,"Gestión de Contenidos y Actualizaciones Web",GEST_ACT_C,"Actualización de Contenidos en Portal Principal",ACTDECONEN,CRITICA,10,60,480,1,8,99.50,Si
"Gestión Integral de la Estrategia Digital",GIED,0813-2026,"Gestión de Contenidos y Actualizaciones Web",GEST_ACT_C,"Actualización de Contenidos en Portal Principal",ACTDECONEN,ALTA,15,120,1440,2,24,99.50,Si
"Gestión Integral de la Estrategia Digital",GIED,0813-2026,"Gestión de Contenidos y Actualizaciones Web",GEST_ACT_C,"Actualización de Contenidos en Portal Principal",ACTDECONEN,MEDIA,30,240,2880,4,48,99.50,Si
"Gestión Integral de la Estrategia Digital",GIED,0813-2026,"Gestión de Contenidos y Actualizaciones Web",GEST_ACT_C,"Actualización de Contenidos en Portal Principal",ACTDECONEN,BAJA,60,480,4320,8,72,99.50,Si
"Gestión Integral de la Estrategia Digital",GIED,0813-2026,"Gestión de Contenidos y Actualizaciones Web",GEST_ACT_C,"Coordinación de Actualizaciones por Área",COODEACTPO,CRITICA,10,60,480,1,8,99.50,Si
"Gestión Integral de la Estrategia Digital",GIED,0813-2026,"Gestión de Contenidos y Actualizaciones Web",GEST_ACT_C,"Coordinación de Actualizaciones por Área",COODEACTPO,ALTA,15,120,1440,2,24,99.50,Si
"Gestión Integral de la Estrategia Digital",GIED,0813-2026,"Gestión de Contenidos y Actualizaciones Web",GEST_ACT_C,"Coordinación de Actualizaciones por Área",COODEACTPO,MEDIA,30,240,2880,4,48,99.50,Si
"Gestión Integral de la Estrategia Digital",GIED,0813-2026,"Gestión de Contenidos y Actualizaciones Web",GEST_ACT_C,"Coordinación de Actualizaciones por Área",COODEACTPO,BAJA,60,480,4320,8,72,99.50,Si
"Gestión Integral de la Estrategia Digital",GIED,0813-2026,"Gestión de Contenidos y Actualizaciones Web",GEST_ACT_C,"Gestión de Secciones Especiales",GESDESECES,CRITICA,10,60,480,1,8,99.50,Si
"Gestión Integral de la Estrategia Digital",GIED,0813-2026,"Gestión de Contenidos y Actualizaciones Web",GEST_ACT_C,"Gestión de Secciones Especiales",GESDESECES,ALTA,15,120,1440,2,24,99.50,Si
"Gestión Integral de la Estrategia Digital",GIED,0813-2026,"Gestión de Contenidos y Actualizaciones Web",GEST_ACT_C,"Gestión de Secciones Especiales",GESDESECES,MEDIA,30,240,2880,4,48,99.50,Si
"Gestión Integral de la Estrategia Digital",GIED,0813-2026,"Gestión de Contenidos y Actualizaciones Web",GEST_ACT_C,"Gestión de Secciones Especiales",GESDESECES,BAJA,60,480,4320,8,72,99.50,Si
"Gestión Integral de la Estrategia Digital",GIED,0813-2026,"Gestión de Contenidos y Actualizaciones Web",GEST_ACT_C,"Mantenimiento de Micrositios",MANDEMIC,CRITICA,10,60,480,1,8,99.50,Si
"Gestión Integral de la Estrategia Digital",GIED,0813-2026,"Gestión de Contenidos y Actualizaciones Web",GEST_ACT_C,"Mantenimiento de Micrositios",MANDEMIC,ALTA,15,120,1440,2,24,99.50,Si
"Gestión Integral de la Estrategia Digital",GIED,0813-2026,"Gestión de Contenidos y Actualizaciones Web",GEST_ACT_C,"Mantenimiento de Micrositios",MANDEMIC,MEDIA,30,240,2880,4,48,99.50,Si
"Gestión Integral de la Estrategia Digital",GIED,0813-2026,"Gestión de Contenidos y Actualizaciones Web",GEST_ACT_C,"Mantenimiento de Micrositios",MANDEMIC,BAJA,60,480,4320,8,72,99.50,Si
"Gestión Integral de la Estrategia Digital",GIED,0813-2026,"Comunicación Digital y Divulgación",COM_DIG_DI,"Apoyo a Grupo de Divulgación y Prensa",APOAGRUDED,,,,,,,,No
"Gestión Integral de la Estrategia Digital",GIED,0813-2026,"Comunicación Digital y Divulgación",COM_DIG_DI,"Coordinación de Contenidos Digitales",COODECONDI,,,,,,,,No
"Gestión Integral de la Estrategia Digital",GIED,0813-2026,"Comunicación Digital y Divulgación",COM_DIG_DI,"Desarrollo de Contenidos para Áreas Especializadas",DESDECONPA,,,,,,,,No
"Gestión Integral de la Estrategia Digital",GIED,0813-2026,"Comunicación Digital y Divulgación",COM_DIG_DI,"Gestión de Contenidos para Despacho",GESDECONPA,,,,,,,,No
"Gestión Integral de la Estrategia Digital",GIED,0813-2026,"Gestión de Recursos y Documentación Digital",GEST_REC_D,"Gestión de Hojas de Vida y Actos Administrativos",GESDEHOJDE,CRITICA,10,60,480,1,8,99.50,Si
"Gestión Integral de la Estrategia Digital",GIED,0813-2026,"Gestión de Recursos y Documentación Digital",GEST_REC_D,"Gestión de Hojas de Vida y Actos Administrativos",GESDEHOJDE,ALTA,15,120,1440,2,24,99.50,Si
"Gestión Integral de la Estrategia Digital",GIED,0813-2026,"Gestión de Recursos y Documentación Digital",GEST_REC_D,"Gestión de Hojas de Vida y Actos Administrativos",GESDEHOJDE,MEDIA,30,240,2880,4,48,99.50,Si
"Gestión Integral de la Estrategia Digital",GIED,0813-2026,"Gestión de Recursos y Documentación Digital",GEST_REC_D,"Gestión de Hojas de Vida y Actos Administrativos",GESDEHOJDE,BAJA,60,480,4320,8,72,99.50,Si
"Gestión Integral de la Estrategia Digital",GIED,0813-2026,"Gestión de Recursos y Documentación Digital",GEST_REC_D,"Gestión de Parrilla de Contenidos",GESDEPARDE,CRITICA,10,60,480,1,8,99.50,Si
"Gestión Integral de la Estrategia Digital",GIED,0813-2026,"Gestión de Recursos y Documentación Digital",GEST_REC_D,"Gestión de Parrilla de Contenidos",GESDEPARDE,ALTA,15,120,1440,2,24,99.50,Si
"Gestión Integral de la Estrategia Digital",GIED,0813-2026,"Gestión de Recursos y Documentación Digital",GEST_REC_D,"Gestión de Parrilla de Contenidos",GESDEPARDE,MEDIA,30,240,2880,4,48,99.50,Si
"Gestión Integral de la Estrategia Digital",GIED,0813-2026,"Gestión de Recursos y Documentación Digital",GEST_REC_D,"Gestión de Parrilla de Contenidos",GESDEPARDE,BAJA,60,480,4320,8,72,99.50,Si
"Gestión Integral de la Estrategia Digital",GIED,0813-2026,"Gestión de Recursos y Documentación Digital",GEST_REC_D,"Informes Trimestrales Digitales",INFTRIDIG,CRITICA,10,60,480,1,8,99.50,Si
"Gestión Integral de la Estrategia Digital",GIED,0813-2026,"Gestión de Recursos y Documentación Digital",GEST_REC_D,"Informes Trimestrales Digitales",INFTRIDIG,ALTA,15,120,1440,2,24,99.50,Si
"Gestión Integral de la Estrategia Digital",GIED,0813-2026,"Gestión de Recursos y Documentación Digital",GEST_REC_D,"Informes Trimestrales Digitales",INFTRIDIG,MEDIA,30,240,2880,4,48,99.50,Si
"Gestión Integral de la Estrategia Digital",GIED,0813-2026,"Gestión de Recursos y Documentación Digital",GEST_REC_D,"Informes Trimestrales Digitales",INFTRIDIG,BAJA,60,480,4320,8,72,99.50,Si
"Gestión Integral de la Estrategia Digital",GIED,0813-2026,"Gestión de Recursos y Documentación Digital",GEST_REC_D,"Reportes para Mantenimiento",REPPARMAN,CRITICA,10,60,480,1,8,99.50,Si
"Gestión Integral de la Estrategia Digital",GIED,0813-2026,"Gestión de Recursos y Documentación Digital",GEST_REC_D,"Reportes para Mantenimiento",REPPARMAN,ALTA,15,120,1440,2,24,99.50,Si
"Gestión Integral de la Estrategia Digital",GIED,0813-2026,"Gestión de Recursos y Documentación Digital",GEST_REC_D,"Reportes para Mantenimiento",REPPARMAN,MEDIA,30,240,2880,4,48,99.50,Si
"Gestión Integral de la Estrategia Digital",GIED,0813-2026,"Gestión de Recursos y Documentación Digital",GEST_REC_D,"Reportes para Mantenimiento",REPPARMAN,BAJA,60,480,4320,8,72,99.50,Si
"Gestión Integral de la Estrategia Digital",GIED,0813-2026,"Soporte Técnico y Experimental Digital",SOP_TEC_EX,"Gestión de Servidores y Subdominios",GESDESERYS,CRITICA,10,60,480,1,8,99.50,Si
"Gestión Integral de la Estrategia Digital",GIED,0813-2026,"Soporte Técnico y Experimental Digital",SOP_TEC_EX,"Gestión de Servidores y Subdominios",GESDESERYS,ALTA,15,120,1440,2,24,99.50,Si
"Gestión Integral de la Estrategia Digital",GIED,0813-2026,"Soporte Técnico y Experimental Digital",SOP_TEC_EX,"Gestión de Servidores y Subdominios",GESDESERYS,MEDIA,30,240,2880,4,48,99.50,Si
"Gestión Integral de la Estrategia Digital",GIED,0813-2026,"Soporte Técnico y Experimental Digital",SOP_TEC_EX,"Gestión de Servidores y Subdominios",GESDESERYS,BAJA,60,480,4320,8,72,99.50,Si
"Gestión Integral de la Estrategia Digital",GIED,0813-2026,"Soporte Técnico y Experimental Digital",SOP_TEC_EX,"Pruebas y Desarrollo Experimental",PRUYDESEXP,CRITICA,10,60,480,1,8,99.50,Si
"Gestión Integral de la Estrategia Digital",GIED,0813-2026,"Soporte Técnico y Experimental Digital",SOP_TEC_EX,"Pruebas y Desarrollo Experimental",PRUYDESEXP,ALTA,15,120,1440,2,24,99.50,Si
"Gestión Integral de la Estrategia Digital",GIED,0813-2026,"Soporte Técnico y Experimental Digital",SOP_TEC_EX,"Pruebas y Desarrollo Experimental",PRUYDESEXP,MEDIA,30,240,2880,4,48,99.50,Si
"Gestión Integral de la Estrategia Digital",GIED,0813-2026,"Soporte Técnico y Experimental Digital",SOP_TEC_EX,"Pruebas y Desarrollo Experimental",PRUYDESEXP,BAJA,60,480,4320,8,72,99.50,Si
"Gestión Integral de la Estrategia Digital",GIED,0813-2026,"Soporte Técnico y Experimental Digital",SOP_TEC_EX,"Soporte a Proyectos Especiales No Recurrentes",SOPAPROESP,CRITICA,10,60,480,1,8,99.50,Si
"Gestión Integral de la Estrategia Digital",GIED,0813-2026,"Soporte Técnico y Experimental Digital",SOP_TEC_EX,"Soporte a Proyectos Especiales No Recurrentes",SOPAPROESP,ALTA,15,120,1440,2,24,99.50,Si
"Gestión Integral de la Estrategia Digital",GIED,0813-2026,"Soporte Técnico y Experimental Digital",SOP_TEC_EX,"Soporte a Proyectos Especiales No Recurrentes",SOPAPROESP,MEDIA,30,240,2880,4,48,99.50,Si
"Gestión Integral de la Estrategia Digital",GIED,0813-2026,"Soporte Técnico y Experimental Digital",SOP_TEC_EX,"Soporte a Proyectos Especiales No Recurrentes",SOPAPROESP,BAJA,60,480,4320,8,72,99.50,Si
"Gestión Integral de la Estrategia Digital",GIED,0813-2026,"Soporte Técnico y Experimental Digital",SOP_TEC_EX,"Soporte para Mailing y Comunicaciones",SOPPARMAIY,CRITICA,10,60,480,1,8,99.50,Si
"Gestión Integral de la Estrategia Digital",GIED,0813-2026,"Soporte Técnico y Experimental Digital",SOP_TEC_EX,"Soporte para Mailing y Comunicaciones",SOPPARMAIY,ALTA,15,120,1440,2,24,99.50,Si
"Gestión Integral de la Estrategia Digital",GIED,0813-2026,"Soporte Técnico y Experimental Digital",SOP_TEC_EX,"Soporte para Mailing y Comunicaciones",SOPPARMAIY,MEDIA,30,240,2880,4,48,99.50,Si
"Gestión Integral de la Estrategia Digital",GIED,0813-2026,"Soporte Técnico y Experimental Digital",SOP_TEC_EX,"Soporte para Mailing y Comunicaciones",SOPPARMAIY,BAJA,60,480,4320,8,72,99.50,Si
"Publicaciones en Canales Digitales Institucionales",CUL_F1_PUBLICACIONES,0813-2026,"Publicaciones en Canales Digitales",CUL_SVC_PUBLICACIONES,"Actualización de Contenidos en Portal Principal",CUL_F1_ACT_PORTAL,CRITICA,15,30,120,1,2,99.90,Si
"Publicaciones en Canales Digitales Institucionales",CUL_F1_PUBLICACIONES,0813-2026,"Publicaciones en Canales Digitales",CUL_SVC_PUBLICACIONES,"Actualización de Contenidos en Portal Principal",CUL_F1_ACT_PORTAL,ALTA,30,60,240,1,4,99.90,Si
"Publicaciones en Canales Digitales Institucionales",CUL_F1_PUBLICACIONES,0813-2026,"Publicaciones en Canales Digitales",CUL_SVC_PUBLICACIONES,"Actualización de Contenidos en Portal Principal",CUL_F1_ACT_PORTAL,MEDIA,60,120,360,2,6,99.90,Si
"Publicaciones en Canales Digitales Institucionales",CUL_F1_PUBLICACIONES,0813-2026,"Publicaciones en Canales Digitales",CUL_SVC_PUBLICACIONES,"Actualización de Contenidos en Portal Principal",CUL_F1_ACT_PORTAL,BAJA,120,240,480,4,8,99.90,Si
"Publicaciones en Canales Digitales Institucionales",CUL_F1_PUBLICACIONES,0813-2026,"Publicaciones en Canales Digitales",CUL_SVC_PUBLICACIONES,"Publicación de Noticia o Artículo",CUL_F1_PUB_NOTICIA,CRITICA,15,30,120,1,2,99.90,Si
"Publicaciones en Canales Digitales Institucionales",CUL_F1_PUBLICACIONES,0813-2026,"Publicaciones en Canales Digitales",CUL_SVC_PUBLICACIONES,"Publicación de Noticia o Artículo",CUL_F1_PUB_NOTICIA,ALTA,30,60,240,1,4,99.90,Si
"Publicaciones en Canales Digitales Institucionales",CUL_F1_PUBLICACIONES,0813-2026,"Publicaciones en Canales Digitales",CUL_SVC_PUBLICACIONES,"Publicación de Noticia o Artículo",CUL_F1_PUB_NOTICIA,MEDIA,60,120,360,2,6,99.90,Si
"Publicaciones en Canales Digitales Institucionales",CUL_F1_PUBLICACIONES,0813-2026,"Publicaciones en Canales Digitales",CUL_SVC_PUBLICACIONES,"Publicación de Noticia o Artículo",CUL_F1_PUB_NOTICIA,BAJA,120,240,480,4,8,99.90,Si
"Publicaciones en Canales Digitales Institucionales",CUL_F1_PUBLICACIONES,0813-2026,"Publicaciones en Canales Digitales",CUL_SVC_PUBLICACIONES,"Publicación de Documento",CUL_F1_PUB_DOCUMENTO,CRITICA,15,30,120,1,2,99.90,Si
"Publicaciones en Canales Digitales Institucionales",CUL_F1_PUBLICACIONES,0813-2026,"Publicaciones en Canales Digitales",CUL_SVC_PUBLICACIONES,"Publicación de Documento",CUL_F1_PUB_DOCUMENTO,ALTA,30,60,240,1,4,99.90,Si
"Publicaciones en Canales Digitales Institucionales",CUL_F1_PUBLICACIONES,0813-2026,"Publicaciones en Canales Digitales",CUL_SVC_PUBLICACIONES,"Publicación de Documento",CUL_F1_PUB_DOCUMENTO,MEDIA,60,120,360,2,6,99.90,Si
"Publicaciones en Canales Digitales Institucionales",CUL_F1_PUBLICACIONES,0813-2026,"Publicaciones en Canales Digitales",CUL_SVC_PUBLICACIONES,"Publicación de Documento",CUL_F1_PUB_DOCUMENTO,BAJA,120,240,480,4,8,99.90,Si
"Publicaciones en Canales Digitales Institucionales",CUL_F1_PUBLICACIONES,0813-2026,"Publicaciones en Canales Digitales",CUL_SVC_PUBLICACIONES,"Publicación de Banner",CUL_F1_PUB_BANNER,CRITICA,15,30,120,1,2,99.90,Si
"Publicaciones en Canales Digitales Institucionales",CUL_F1_PUBLICACIONES,0813-2026,"Publicaciones en Canales Digitales",CUL_SVC_PUBLICACIONES,"Publicación de Banner",CUL_F1_PUB_BANNER,ALTA,30,60,240,1,4,99.90,Si
"Publicaciones en Canales Digitales Institucionales",CUL_F1_PUBLICACIONES,0813-2026,"Publicaciones en Canales Digitales",CUL_SVC_PUBLICACIONES,"Publicación de Banner",CUL_F1_PUB_BANNER,MEDIA,60,120,360,2,6,99.90,Si
"Publicaciones en Canales Digitales Institucionales",CUL_F1_PUBLICACIONES,0813-2026,"Publicaciones en Canales Digitales",CUL_SVC_PUBLICACIONES,"Publicación de Banner",CUL_F1_PUB_BANNER,BAJA,120,240,480,4,8,99.90,Si
"Publicaciones en Canales Digitales Institucionales",CUL_F1_PUBLICACIONES,0813-2026,"Publicaciones en Canales Digitales",CUL_SVC_PUBLICACIONES,"Verificación de Publicación",CUL_F1_VERIF_PUBLICACION,CRITICA,60,120,480,2,8,99.90,Si
"Publicaciones en Canales Digitales Institucionales",CUL_F1_PUBLICACIONES,0813-2026,"Publicaciones en Canales Digitales",CUL_SVC_PUBLICACIONES,"Verificación de Publicación",CUL_F1_VERIF_PUBLICACION,ALTA,120,240,1440,4,24,99.90,Si
"Publicaciones en Canales Digitales Institucionales",CUL_F1_PUBLICACIONES,0813-2026,"Publicaciones en Canales Digitales",CUL_SVC_PUBLICACIONES,"Verificación de Publicación",CUL_F1_VERIF_PUBLICACION,MEDIA,240,480,2880,8,48,99.90,Si
"Publicaciones en Canales Digitales Institucionales",CUL_F1_PUBLICACIONES,0813-2026,"Publicaciones en Canales Digitales",CUL_SVC_PUBLICACIONES,"Verificación de Publicación",CUL_F1_VERIF_PUBLICACION,BAJA,480,960,4320,16,72,99.90,Si
"Formulación y Ejecución de Estrategia de Comunicación Digital",CUL_F2_ESTRATEGIA,0813-2026,"Estrategia de Comunicación Digital",CUL_SVC_ESTRATEGIA,"Ejecución de envío de comunicaciones masivas",CUL_F2_COM_MASIVAS,CRITICA,15,30,120,1,2,99.90,Si
"Formulación y Ejecución de Estrategia de Comunicación Digital",CUL_F2_ESTRATEGIA,0813-2026,"Estrategia de Comunicación Digital",CUL_SVC_ESTRATEGIA,"Ejecución de envío de comunicaciones masivas",CUL_F2_COM_MASIVAS,ALTA,30,60,240,1,4,99.90,Si
"Formulación y Ejecución de Estrategia de Comunicación Digital",CUL_F2_ESTRATEGIA,0813-2026,"Estrategia de Comunicación Digital",CUL_SVC_ESTRATEGIA,"Ejecución de envío de comunicaciones masivas",CUL_F2_COM_MASIVAS,MEDIA,60,120,360,2,6,99.90,Si
"Formulación y Ejecución de Estrategia de Comunicación Digital",CUL_F2_ESTRATEGIA,0813-2026,"Estrategia de Comunicación Digital",CUL_SVC_ESTRATEGIA,"Ejecución de envío de comunicaciones masivas",CUL_F2_COM_MASIVAS,BAJA,120,240,480,4,8,99.90,Si
"Formulación y Ejecución de Estrategia de Comunicación Digital",CUL_F2_ESTRATEGIA,0813-2026,"Estrategia de Comunicación Digital",CUL_SVC_ESTRATEGIA,"Gestión de Secciones Especiales y Campañas",CUL_F2_SECC_CAMPANAS,CRITICA,15,30,5760,1,2,99.90,Si
"Formulación y Ejecución de Estrategia de Comunicación Digital",CUL_F2_ESTRATEGIA,0813-2026,"Estrategia de Comunicación Digital",CUL_SVC_ESTRATEGIA,"Gestión de Secciones Especiales y Campañas",CUL_F2_SECC_CAMPANAS,ALTA,30,60,11520,1,4,99.90,Si
"Formulación y Ejecución de Estrategia de Comunicación Digital",CUL_F2_ESTRATEGIA,0813-2026,"Estrategia de Comunicación Digital",CUL_SVC_ESTRATEGIA,"Gestión de Secciones Especiales y Campañas",CUL_F2_SECC_CAMPANAS,MEDIA,60,120,21600,2,6,99.90,Si
"Formulación y Ejecución de Estrategia de Comunicación Digital",CUL_F2_ESTRATEGIA,0813-2026,"Estrategia de Comunicación Digital",CUL_SVC_ESTRATEGIA,"Gestión de Secciones Especiales y Campañas",CUL_F2_SECC_CAMPANAS,BAJA,120,240,36000,4,8,99.90,Si
"Formulación y Ejecución de Estrategia de Comunicación Digital",CUL_F2_ESTRATEGIA,0813-2026,"Estrategia de Comunicación Digital",CUL_SVC_ESTRATEGIA,"Reportes de Analítica Web",CUL_F2_REP_ANALITICA,CRITICA,15,30,120,1,2,99.90,Si
"Formulación y Ejecución de Estrategia de Comunicación Digital",CUL_F2_ESTRATEGIA,0813-2026,"Estrategia de Comunicación Digital",CUL_SVC_ESTRATEGIA,"Reportes de Analítica Web",CUL_F2_REP_ANALITICA,ALTA,30,60,240,1,4,99.90,Si
"Formulación y Ejecución de Estrategia de Comunicación Digital",CUL_F2_ESTRATEGIA,0813-2026,"Estrategia de Comunicación Digital",CUL_SVC_ESTRATEGIA,"Reportes de Analítica Web",CUL_F2_REP_ANALITICA,MEDIA,60,120,360,2,6,99.90,Si
"Formulación y Ejecución de Estrategia de Comunicación Digital",CUL_F2_ESTRATEGIA,0813-2026,"Estrategia de Comunicación Digital",CUL_SVC_ESTRATEGIA,"Reportes de Analítica Web",CUL_F2_REP_ANALITICA,BAJA,120,240,480,4,8,99.90,Si
"Formulación y Ejecución de Estrategia de Comunicación Digital",CUL_F2_ESTRATEGIA,0813-2026,"Estrategia de Comunicación Digital",CUL_SVC_ESTRATEGIA,"Gestión de listas de distribución y bases de destinatarios",CUL_F2_GEST_LISTAS,CRITICA,15,30,120,1,2,99.90,Si
"Formulación y Ejecución de Estrategia de Comunicación Digital",CUL_F2_ESTRATEGIA,0813-2026,"Estrategia de Comunicación Digital",CUL_SVC_ESTRATEGIA,"Gestión de listas de distribución y bases de destinatarios",CUL_F2_GEST_LISTAS,ALTA,30,60,240,1,4,99.90,Si
"Formulación y Ejecución de Estrategia de Comunicación Digital",CUL_F2_ESTRATEGIA,0813-2026,"Estrategia de Comunicación Digital",CUL_SVC_ESTRATEGIA,"Gestión de listas de distribución y bases de destinatarios",CUL_F2_GEST_LISTAS,MEDIA,60,120,360,2,6,99.90,Si
"Formulación y Ejecución de Estrategia de Comunicación Digital",CUL_F2_ESTRATEGIA,0813-2026,"Estrategia de Comunicación Digital",CUL_SVC_ESTRATEGIA,"Gestión de listas de distribución y bases de destinatarios",CUL_F2_GEST_LISTAS,BAJA,120,240,480,4,8,99.90,Si
"Gestión de Publicaciones Digitales",GPD,0813-2026,"1. Publicación y Actualización Técnica de Contenidos Web",PUB_ACT_TEC_CONT_WEB,"Publicación de Contenidos en Landing Pages",PUB_LANDING,CRITICA,15,30,120,1,2,99.90,Si
"Gestión de Publicaciones Digitales",GPD,0813-2026,"1. Publicación y Actualización Técnica de Contenidos Web",PUB_ACT_TEC_CONT_WEB,"Publicación de Contenidos en Landing Pages",PUB_LANDING,ALTA,30,60,240,1,4,99.90,Si
"Gestión de Publicaciones Digitales",GPD,0813-2026,"1. Publicación y Actualización Técnica de Contenidos Web",PUB_ACT_TEC_CONT_WEB,"Publicación de Contenidos en Landing Pages",PUB_LANDING,MEDIA,60,120,360,2,6,99.90,Si
"Gestión de Publicaciones Digitales",GPD,0813-2026,"1. Publicación y Actualización Técnica de Contenidos Web",PUB_ACT_TEC_CONT_WEB,"Publicación de Contenidos en Landing Pages",PUB_LANDING,BAJA,120,240,480,4,8,99.90,Si
"Gestión de Publicaciones Digitales",GPD,0813-2026,"1. Publicación y Actualización Técnica de Contenidos Web",PUB_ACT_TEC_CONT_WEB,"Mantenimiento de Micrositios y Subdominios",MANT_MICROSITIOS,CRITICA,15,30,120,1,2,99.90,Si
"Gestión de Publicaciones Digitales",GPD,0813-2026,"1. Publicación y Actualización Técnica de Contenidos Web",PUB_ACT_TEC_CONT_WEB,"Mantenimiento de Micrositios y Subdominios",MANT_MICROSITIOS,ALTA,30,60,240,1,4,99.90,Si
"Gestión de Publicaciones Digitales",GPD,0813-2026,"1. Publicación y Actualización Técnica de Contenidos Web",PUB_ACT_TEC_CONT_WEB,"Mantenimiento de Micrositios y Subdominios",MANT_MICROSITIOS,MEDIA,60,120,360,2,6,99.90,Si
"Gestión de Publicaciones Digitales",GPD,0813-2026,"1. Publicación y Actualización Técnica de Contenidos Web",PUB_ACT_TEC_CONT_WEB,"Mantenimiento de Micrositios y Subdominios",MANT_MICROSITIOS,BAJA,120,240,480,4,8,99.90,Si
"Gestión de Publicaciones Digitales",GPD,0813-2026,"1. Publicación y Actualización Técnica de Contenidos Web",PUB_ACT_TEC_CONT_WEB,"Actualización de Secciones del Portal Principal",ACT_PORTAL,CRITICA,15,30,120,1,2,99.90,Si
"Gestión de Publicaciones Digitales",GPD,0813-2026,"1. Publicación y Actualización Técnica de Contenidos Web",PUB_ACT_TEC_CONT_WEB,"Actualización de Secciones del Portal Principal",ACT_PORTAL,ALTA,30,60,240,1,4,99.90,Si
"Gestión de Publicaciones Digitales",GPD,0813-2026,"1. Publicación y Actualización Técnica de Contenidos Web",PUB_ACT_TEC_CONT_WEB,"Actualización de Secciones del Portal Principal",ACT_PORTAL,MEDIA,60,120,360,2,6,99.90,Si
"Gestión de Publicaciones Digitales",GPD,0813-2026,"1. Publicación y Actualización Técnica de Contenidos Web",PUB_ACT_TEC_CONT_WEB,"Actualización de Secciones del Portal Principal",ACT_PORTAL,BAJA,120,240,480,4,8,99.90,Si
"Gestión de Publicaciones Digitales",GPD,0813-2026,"1. Publicación y Actualización Técnica de Contenidos Web",PUB_ACT_TEC_CONT_WEB,"Gestión Técnica de Aplicativos Web",GEST_APPS_WEB,CRITICA,15,30,120,1,2,99.90,Si
"Gestión de Publicaciones Digitales",GPD,0813-2026,"1. Publicación y Actualización Técnica de Contenidos Web",PUB_ACT_TEC_CONT_WEB,"Gestión Técnica de Aplicativos Web",GEST_APPS_WEB,ALTA,30,60,240,1,4,99.90,Si
"Gestión de Publicaciones Digitales",GPD,0813-2026,"1. Publicación y Actualización Técnica de Contenidos Web",PUB_ACT_TEC_CONT_WEB,"Gestión Técnica de Aplicativos Web",GEST_APPS_WEB,MEDIA,60,120,360,2,6,99.90,Si
"Gestión de Publicaciones Digitales",GPD,0813-2026,"1. Publicación y Actualización Técnica de Contenidos Web",PUB_ACT_TEC_CONT_WEB,"Gestión Técnica de Aplicativos Web",GEST_APPS_WEB,BAJA,120,240,480,4,8,99.90,Si
"Gestión de Publicaciones Digitales",GPD,0813-2026,"Estrategia de Comunicación Digital",CUL_ESTRATEGIA_DIGITAL,"Ejecución de envío de comunicaciones masivas",CUL_COM_MASIVAS,CRITICA,15,30,120,1,2,99.90,Si
"Gestión de Publicaciones Digitales",GPD,0813-2026,"Estrategia de Comunicación Digital",CUL_ESTRATEGIA_DIGITAL,"Ejecución de envío de comunicaciones masivas",CUL_COM_MASIVAS,ALTA,30,60,240,1,4,99.90,Si
"Gestión de Publicaciones Digitales",GPD,0813-2026,"Estrategia de Comunicación Digital",CUL_ESTRATEGIA_DIGITAL,"Ejecución de envío de comunicaciones masivas",CUL_COM_MASIVAS,MEDIA,60,120,360,2,6,99.90,Si
"Gestión de Publicaciones Digitales",GPD,0813-2026,"Estrategia de Comunicación Digital",CUL_ESTRATEGIA_DIGITAL,"Ejecución de envío de comunicaciones masivas",CUL_COM_MASIVAS,BAJA,120,240,480,4,8,99.90,Si
"Gestión de Publicaciones Digitales",GPD,0813-2026,"Estrategia de Comunicación Digital",CUL_ESTRATEGIA_DIGITAL,"Gestión de Secciones Especiales y Campañas",CUL_SECC_CAMPANAS,CRITICA,15,30,120,1,2,99.90,Si
"Gestión de Publicaciones Digitales",GPD,0813-2026,"Estrategia de Comunicación Digital",CUL_ESTRATEGIA_DIGITAL,"Gestión de Secciones Especiales y Campañas",CUL_SECC_CAMPANAS,ALTA,30,60,240,1,4,99.90,Si
"Gestión de Publicaciones Digitales",GPD,0813-2026,"Estrategia de Comunicación Digital",CUL_ESTRATEGIA_DIGITAL,"Gestión de Secciones Especiales y Campañas",CUL_SECC_CAMPANAS,MEDIA,60,120,360,2,6,99.90,Si
"Gestión de Publicaciones Digitales",GPD,0813-2026,"Estrategia de Comunicación Digital",CUL_ESTRATEGIA_DIGITAL,"Gestión de Secciones Especiales y Campañas",CUL_SECC_CAMPANAS,BAJA,120,240,480,4,8,99.90,Si
"Gestión de Publicaciones Digitales",GPD,0813-2026,"Estrategia de Comunicación Digital",CUL_ESTRATEGIA_DIGITAL,"Reportes de Analítica Web",CUL_REP_ANALITICA,CRITICA,15,30,120,1,2,99.90,Si
"Gestión de Publicaciones Digitales",GPD,0813-2026,"Estrategia de Comunicación Digital",CUL_ESTRATEGIA_DIGITAL,"Reportes de Analítica Web",CUL_REP_ANALITICA,ALTA,30,60,240,1,4,99.90,Si
"Gestión de Publicaciones Digitales",GPD,0813-2026,"Estrategia de Comunicación Digital",CUL_ESTRATEGIA_DIGITAL,"Reportes de Analítica Web",CUL_REP_ANALITICA,MEDIA,60,120,360,2,6,99.90,Si
"Gestión de Publicaciones Digitales",GPD,0813-2026,"Estrategia de Comunicación Digital",CUL_ESTRATEGIA_DIGITAL,"Reportes de Analítica Web",CUL_REP_ANALITICA,BAJA,120,240,480,4,8,99.90,Si
"Gestión de Publicaciones Digitales",GPD,0813-2026,"Estrategia de Comunicación Digital",CUL_ESTRATEGIA_DIGITAL,"Gestión de listas de distribución y bases de destinatarios",CUL_GEST_LISTAS,CRITICA,15,30,120,1,2,99.90,Si
"Gestión de Publicaciones Digitales",GPD,0813-2026,"Estrategia de Comunicación Digital",CUL_ESTRATEGIA_DIGITAL,"Gestión de listas de distribución y bases de destinatarios",CUL_GEST_LISTAS,ALTA,30,60,240,1,4,99.90,Si
"Gestión de Publicaciones Digitales",GPD,0813-2026,"Estrategia de Comunicación Digital",CUL_ESTRATEGIA_DIGITAL,"Gestión de listas de distribución y bases de destinatarios",CUL_GEST_LISTAS,MEDIA,60,120,360,2,6,99.90,Si
"Gestión de Publicaciones Digitales",GPD,0813-2026,"Estrategia de Comunicación Digital",CUL_ESTRATEGIA_DIGITAL,"Gestión de listas de distribución y bases de destinatarios",CUL_GEST_LISTAS,BAJA,120,240,480,4,8,99.90,Si
"Gestión de Publicaciones Digitales",GPD,0813-2026,"2. Desarrollo Técnico y Optimización de Sitios Web",DES_TEC_OPT_SITIOS_WEB,"Desarrollo de Nuevas Funcionalidades Web",NUEVAS_FUNC_WEB,CRITICA,15,30,120,1,2,99.90,Si
"Gestión de Publicaciones Digitales",GPD,0813-2026,"2. Desarrollo Técnico y Optimización de Sitios Web",DES_TEC_OPT_SITIOS_WEB,"Desarrollo de Nuevas Funcionalidades Web",NUEVAS_FUNC_WEB,ALTA,30,60,240,1,4,99.90,Si
"Gestión de Publicaciones Digitales",GPD,0813-2026,"2. Desarrollo Técnico y Optimización de Sitios Web",DES_TEC_OPT_SITIOS_WEB,"Desarrollo de Nuevas Funcionalidades Web",NUEVAS_FUNC_WEB,MEDIA,60,120,360,2,6,99.90,Si
"Gestión de Publicaciones Digitales",GPD,0813-2026,"2. Desarrollo Técnico y Optimización de Sitios Web",DES_TEC_OPT_SITIOS_WEB,"Desarrollo de Nuevas Funcionalidades Web",NUEVAS_FUNC_WEB,BAJA,120,240,480,4,8,99.90,Si
"Gestión de Publicaciones Digitales",GPD,0813-2026,"2. Desarrollo Técnico y Optimización de Sitios Web",DES_TEC_OPT_SITIOS_WEB,"Optimización de Código y Rendimiento",OPT_COD_REND,CRITICA,15,30,120,1,2,99.90,Si
"Gestión de Publicaciones Digitales",GPD,0813-2026,"2. Desarrollo Técnico y Optimización de Sitios Web",DES_TEC_OPT_SITIOS_WEB,"Optimización de Código y Rendimiento",OPT_COD_REND,ALTA,30,60,240,1,4,99.90,Si
"Gestión de Publicaciones Digitales",GPD,0813-2026,"2. Desarrollo Técnico y Optimización de Sitios Web",DES_TEC_OPT_SITIOS_WEB,"Optimización de Código y Rendimiento",OPT_COD_REND,MEDIA,60,120,360,2,6,99.90,Si
"Gestión de Publicaciones Digitales",GPD,0813-2026,"2. Desarrollo Técnico y Optimización de Sitios Web",DES_TEC_OPT_SITIOS_WEB,"Optimización de Código y Rendimiento",OPT_COD_REND,BAJA,120,240,480,4,8,99.90,Si
"Gestión de Publicaciones Digitales",GPD,0813-2026,"2. Desarrollo Técnico y Optimización de Sitios Web",DES_TEC_OPT_SITIOS_WEB,"Resolución de Incidencias Técnicas Web",INCID_TEC_WEB,CRITICA,15,30,120,1,2,99.90,Si
"Gestión de Publicaciones Digitales",GPD,0813-2026,"2. Desarrollo Técnico y Optimización de Sitios Web",DES_TEC_OPT_SITIOS_WEB,"Resolución de Incidencias Técnicas Web",INCID_TEC_WEB,ALTA,30,60,240,1,4,99.90,Si
"Gestión de Publicaciones Digitales",GPD,0813-2026,"2. Desarrollo Técnico y Optimización de Sitios Web",DES_TEC_OPT_SITIOS_WEB,"Resolución de Incidencias Técnicas Web",INCID_TEC_WEB,MEDIA,60,120,360,2,6,99.90,Si
"Gestión de Publicaciones Digitales",GPD,0813-2026,"2. Desarrollo Técnico y Optimización de Sitios Web",DES_TEC_OPT_SITIOS_WEB,"Resolución de Incidencias Técnicas Web",INCID_TEC_WEB,BAJA,120,240,480,4,8,99.90,Si
"Gestión de Publicaciones Digitales",GPD,0813-2026,"2. Desarrollo Técnico y Optimización de Sitios Web",DES_TEC_OPT_SITIOS_WEB,"Migración y Actualización de Entornos Técnicos",MIG_ACT_ENT,CRITICA,15,30,120,1,2,99.90,Si
"Gestión de Publicaciones Digitales",GPD,0813-2026,"2. Desarrollo Técnico y Optimización de Sitios Web",DES_TEC_OPT_SITIOS_WEB,"Migración y Actualización de Entornos Técnicos",MIG_ACT_ENT,ALTA,30,60,240,1,4,99.90,Si
"Gestión de Publicaciones Digitales",GPD,0813-2026,"2. Desarrollo Técnico y Optimización de Sitios Web",DES_TEC_OPT_SITIOS_WEB,"Migración y Actualización de Entornos Técnicos",MIG_ACT_ENT,MEDIA,60,120,360,2,6,99.90,Si
"Gestión de Publicaciones Digitales",GPD,0813-2026,"2. Desarrollo Técnico y Optimización de Sitios Web",DES_TEC_OPT_SITIOS_WEB,"Migración y Actualización de Entornos Técnicos",MIG_ACT_ENT,BAJA,120,240,480,4,8,99.90,Si
"Gestión de Publicaciones Digitales",GPD,0813-2026,"3. Gestión de Servidores y Arquitectura Web",GEST_SERV_ARQ_WEB,"Gestión de Archivos en Servidores Web",ARCHIVOS_SERVER,CRITICA,15,30,120,1,2,99.90,Si
"Gestión de Publicaciones Digitales",GPD,0813-2026,"3. Gestión de Servidores y Arquitectura Web",GEST_SERV_ARQ_WEB,"Gestión de Archivos en Servidores Web",ARCHIVOS_SERVER,ALTA,30,60,240,1,4,99.90,Si
"Gestión de Publicaciones Digitales",GPD,0813-2026,"3. Gestión de Servidores y Arquitectura Web",GEST_SERV_ARQ_WEB,"Gestión de Archivos en Servidores Web",ARCHIVOS_SERVER,MEDIA,60,120,360,2,6,99.90,Si
"Gestión de Publicaciones Digitales",GPD,0813-2026,"3. Gestión de Servidores y Arquitectura Web",GEST_SERV_ARQ_WEB,"Gestión de Archivos en Servidores Web",ARCHIVOS_SERVER,BAJA,120,240,480,4,8,99.90,Si
"Gestión de Publicaciones Digitales",GPD,0813-2026,"3. Gestión de Servidores y Arquitectura Web",GEST_SERV_ARQ_WEB,"Configuración y Mantenimiento de Subdominios",SUBDOMINIOS,CRITICA,15,30,120,1,2,99.90,Si
"Gestión de Publicaciones Digitales",GPD,0813-2026,"3. Gestión de Servidores y Arquitectura Web",GEST_SERV_ARQ_WEB,"Configuración y Mantenimiento de Subdominios",SUBDOMINIOS,ALTA,30,60,240,1,4,99.90,Si
"Gestión de Publicaciones Digitales",GPD,0813-2026,"3. Gestión de Servidores y Arquitectura Web",GEST_SERV_ARQ_WEB,"Configuración y Mantenimiento de Subdominios",SUBDOMINIOS,MEDIA,60,120,360,2,6,99.90,Si
"Gestión de Publicaciones Digitales",GPD,0813-2026,"3. Gestión de Servidores y Arquitectura Web",GEST_SERV_ARQ_WEB,"Configuración y Mantenimiento de Subdominios",SUBDOMINIOS,BAJA,120,240,480,4,8,99.90,Si
"Gestión de Publicaciones Digitales",GPD,0813-2026,"3. Gestión de Servidores y Arquitectura Web",GEST_SERV_ARQ_WEB,"Monitoreo y Backup de Sitios Web",MON_BACKUP_WEB,CRITICA,15,30,120,1,2,99.90,Si
"Gestión de Publicaciones Digitales",GPD,0813-2026,"3. Gestión de Servidores y Arquitectura Web",GEST_SERV_ARQ_WEB,"Monitoreo y Backup de Sitios Web",MON_BACKUP_WEB,ALTA,30,60,240,1,4,99.90,Si
"Gestión de Publicaciones Digitales",GPD,0813-2026,"3. Gestión de Servidores y Arquitectura Web",GEST_SERV_ARQ_WEB,"Monitoreo y Backup de Sitios Web",MON_BACKUP_WEB,MEDIA,60,120,360,2,6,99.90,Si
"Gestión de Publicaciones Digitales",GPD,0813-2026,"3. Gestión de Servidores y Arquitectura Web",GEST_SERV_ARQ_WEB,"Monitoreo y Backup de Sitios Web",MON_BACKUP_WEB,BAJA,120,240,480,4,8,99.90,Si
"Gestión de Publicaciones Digitales",GPD,0813-2026,"3. Gestión de Servidores y Arquitectura Web",GEST_SERV_ARQ_WEB,"Coordinación Técnica con Infraestructura TI",COORD_TI,CRITICA,15,30,120,1,2,99.90,Si
"Gestión de Publicaciones Digitales",GPD,0813-2026,"3. Gestión de Servidores y Arquitectura Web",GEST_SERV_ARQ_WEB,"Coordinación Técnica con Infraestructura TI",COORD_TI,ALTA,30,60,240,1,4,99.90,Si
"Gestión de Publicaciones Digitales",GPD,0813-2026,"3. Gestión de Servidores y Arquitectura Web",GEST_SERV_ARQ_WEB,"Coordinación Técnica con Infraestructura TI",COORD_TI,MEDIA,60,120,360,2,6,99.90,Si
"Gestión de Publicaciones Digitales",GPD,0813-2026,"3. Gestión de Servidores y Arquitectura Web",GEST_SERV_ARQ_WEB,"Coordinación Técnica con Infraestructura TI",COORD_TI,BAJA,120,240,480,4,8,99.90,Si
"Gestión de Publicaciones Digitales",GPD,0813-2026,"4. Soporte Técnico Web a Áreas Internas",SOP_TEC_WEB_AREAS,"Soporte Técnico al Grupo de Divulgación y Prensa",SOP_DIV_PRENSA,CRITICA,15,30,120,1,2,99.90,Si
"Gestión de Publicaciones Digitales",GPD,0813-2026,"4. Soporte Técnico Web a Áreas Internas",SOP_TEC_WEB_AREAS,"Soporte Técnico al Grupo de Divulgación y Prensa",SOP_DIV_PRENSA,ALTA,30,60,240,1,4,99.90,Si
"Gestión de Publicaciones Digitales",GPD,0813-2026,"4. Soporte Técnico Web a Áreas Internas",SOP_TEC_WEB_AREAS,"Soporte Técnico al Grupo de Divulgación y Prensa",SOP_DIV_PRENSA,MEDIA,60,120,360,2,6,99.90,Si
"Gestión de Publicaciones Digitales",GPD,0813-2026,"4. Soporte Técnico Web a Áreas Internas",SOP_TEC_WEB_AREAS,"Soporte Técnico al Grupo de Divulgación y Prensa",SOP_DIV_PRENSA,BAJA,120,240,480,4,8,99.90,Si
"Gestión de Publicaciones Digitales",GPD,0813-2026,"4. Soporte Técnico Web a Áreas Internas",SOP_TEC_WEB_AREAS,"Soporte Técnico al Despacho Ministerial",SOP_DESPACHO,CRITICA,15,30,120,1,2,99.90,Si
"Gestión de Publicaciones Digitales",GPD,0813-2026,"4. Soporte Técnico Web a Áreas Internas",SOP_TEC_WEB_AREAS,"Soporte Técnico al Despacho Ministerial",SOP_DESPACHO,ALTA,30,60,240,1,4,99.90,Si
"Gestión de Publicaciones Digitales",GPD,0813-2026,"4. Soporte Técnico Web a Áreas Internas",SOP_TEC_WEB_AREAS,"Soporte Técnico al Despacho Ministerial",SOP_DESPACHO,MEDIA,60,120,360,2,6,99.90,Si
"Gestión de Publicaciones Digitales",GPD,0813-2026,"4. Soporte Técnico Web a Áreas Internas",SOP_TEC_WEB_AREAS,"Soporte Técnico al Despacho Ministerial",SOP_DESPACHO,BAJA,120,240,480,4,8,99.90,Si
"Gestión de Publicaciones Digitales",GPD,0813-2026,"4. Soporte Técnico Web a Áreas Internas",SOP_TEC_WEB_AREAS,"Soporte a Áreas Especializadas (DACMI, Poblaciones, Internacionales)",SOP_AREAS_ESP,CRITICA,15,30,120,1,2,99.90,Si
"Gestión de Publicaciones Digitales",GPD,0813-2026,"4. Soporte Técnico Web a Áreas Internas",SOP_TEC_WEB_AREAS,"Soporte a Áreas Especializadas (DACMI, Poblaciones, Internacionales)",SOP_AREAS_ESP,ALTA,30,60,240,1,4,99.90,Si
"Gestión de Publicaciones Digitales",GPD,0813-2026,"4. Soporte Técnico Web a Áreas Internas",SOP_TEC_WEB_AREAS,"Soporte a Áreas Especializadas (DACMI, Poblaciones, Internacionales)",SOP_AREAS_ESP,MEDIA,60,120,360,2,6,99.90,Si
"Gestión de Publicaciones Digitales",GPD,0813-2026,"4. Soporte Técnico Web a Áreas Internas",SOP_TEC_WEB_AREAS,"Soporte a Áreas Especializadas (DACMI, Poblaciones, Internacionales)",SOP_AREAS_ESP,BAJA,120,240,480,4,8,99.90,Si
"Gestión de Publicaciones Digitales",GPD,0813-2026,"4. Soporte Técnico Web a Áreas Internas",SOP_TEC_WEB_AREAS,"Capacitación Técnica a Usuarios Internos",CAP_TEC_USU,CRITICA,15,30,120,1,2,99.90,Si
"Gestión de Publicaciones Digitales",GPD,0813-2026,"4. Soporte Técnico Web a Áreas Internas",SOP_TEC_WEB_AREAS,"Capacitación Técnica a Usuarios Internos",CAP_TEC_USU,ALTA,30,60,240,1,4,99.90,Si
"Gestión de Publicaciones Digitales",GPD,0813-2026,"4. Soporte Técnico Web a Áreas Internas",SOP_TEC_WEB_AREAS,"Capacitación Técnica a Usuarios Internos",CAP_TEC_USU,MEDIA,60,120,360,2,6,99.90,Si
"Gestión de Publicaciones Digitales",GPD,0813-2026,"4. Soporte Técnico Web a Áreas Internas",SOP_TEC_WEB_AREAS,"Capacitación Técnica a Usuarios Internos",CAP_TEC_USU,BAJA,120,240,480,4,8,99.90,Si
"Gestión de Publicaciones Digitales",GPD,0813-2026,"5. Gestión de Contenidos Estáticos y Documentación Técnica",GEST_CONT_ESTAT_DOC_TEC,"Gestión de Contenidos Estáticos y Páginas Informativas",CONT_ESTAT_PAG,CRITICA,15,30,120,1,2,99.90,Si
"Gestión de Publicaciones Digitales",GPD,0813-2026,"5. Gestión de Contenidos Estáticos y Documentación Técnica",GEST_CONT_ESTAT_DOC_TEC,"Gestión de Contenidos Estáticos y Páginas Informativas",CONT_ESTAT_PAG,ALTA,30,60,240,1,4,99.90,Si
"Gestión de Publicaciones Digitales",GPD,0813-2026,"5. Gestión de Contenidos Estáticos y Documentación Técnica",GEST_CONT_ESTAT_DOC_TEC,"Gestión de Contenidos Estáticos y Páginas Informativas",CONT_ESTAT_PAG,MEDIA,60,120,360,2,6,99.90,Si
"Gestión de Publicaciones Digitales",GPD,0813-2026,"5. Gestión de Contenidos Estáticos y Documentación Técnica",GEST_CONT_ESTAT_DOC_TEC,"Gestión de Contenidos Estáticos y Páginas Informativas",CONT_ESTAT_PAG,BAJA,120,240,480,4,8,99.90,Si
"Gestión de Publicaciones Digitales",GPD,0813-2026,"5. Gestión de Contenidos Estáticos y Documentación Técnica",GEST_CONT_ESTAT_DOC_TEC,"Documentación de Procesos y Estructuras Web",DOC_PROC_ESTR,CRITICA,15,30,120,1,2,99.90,Si
"Gestión de Publicaciones Digitales",GPD,0813-2026,"5. Gestión de Contenidos Estáticos y Documentación Técnica",GEST_CONT_ESTAT_DOC_TEC,"Documentación de Procesos y Estructuras Web",DOC_PROC_ESTR,ALTA,30,60,240,1,4,99.90,Si
"Gestión de Publicaciones Digitales",GPD,0813-2026,"5. Gestión de Contenidos Estáticos y Documentación Técnica",GEST_CONT_ESTAT_DOC_TEC,"Documentación de Procesos y Estructuras Web",DOC_PROC_ESTR,MEDIA,60,120,360,2,6,99.90,Si
"Gestión de Publicaciones Digitales",GPD,0813-2026,"5. Gestión de Contenidos Estáticos y Documentación Técnica",GEST_CONT_ESTAT_DOC_TEC,"Documentación de Procesos y Estructuras Web",DOC_PROC_ESTR,BAJA,120,240,480,4,8,99.90,Si
"Gestión de Publicaciones Digitales",GPD,0813-2026,"5. Gestión de Contenidos Estáticos y Documentación Técnica",GEST_CONT_ESTAT_DOC_TEC,"Organización del Repositorio de Archivos Digitales",ORG_REPO_DIG,CRITICA,15,30,120,1,2,99.90,Si
"Gestión de Publicaciones Digitales",GPD,0813-2026,"5. Gestión de Contenidos Estáticos y Documentación Técnica",GEST_CONT_ESTAT_DOC_TEC,"Organización del Repositorio de Archivos Digitales",ORG_REPO_DIG,ALTA,30,60,240,1,4,99.90,Si
"Gestión de Publicaciones Digitales",GPD,0813-2026,"5. Gestión de Contenidos Estáticos y Documentación Técnica",GEST_CONT_ESTAT_DOC_TEC,"Organización del Repositorio de Archivos Digitales",ORG_REPO_DIG,MEDIA,60,120,360,2,6,99.90,Si
"Gestión de Publicaciones Digitales",GPD,0813-2026,"5. Gestión de Contenidos Estáticos y Documentación Técnica",GEST_CONT_ESTAT_DOC_TEC,"Organización del Repositorio de Archivos Digitales",ORG_REPO_DIG,BAJA,120,240,480,4,8,99.90,Si
"Gestión de Publicaciones Digitales",GPD,0813-2026,"5. Gestión de Contenidos Estáticos y Documentación Técnica",GEST_CONT_ESTAT_DOC_TEC,"Actualización de Metadatos y SEO Técnico",SEO_TEC,CRITICA,15,30,120,1,2,99.90,Si
"Gestión de Publicaciones Digitales",GPD,0813-2026,"5. Gestión de Contenidos Estáticos y Documentación Técnica",GEST_CONT_ESTAT_DOC_TEC,"Actualización de Metadatos y SEO Técnico",SEO_TEC,ALTA,30,60,240,1,4,99.90,Si
"Gestión de Publicaciones Digitales",GPD,0813-2026,"5. Gestión de Contenidos Estáticos y Documentación Técnica",GEST_CONT_ESTAT_DOC_TEC,"Actualización de Metadatos y SEO Técnico",SEO_TEC,MEDIA,60,120,360,2,6,99.90,Si
"Gestión de Publicaciones Digitales",GPD,0813-2026,"5. Gestión de Contenidos Estáticos y Documentación Técnica",GEST_CONT_ESTAT_DOC_TEC,"Actualización de Metadatos y SEO Técnico",SEO_TEC,BAJA,120,240,480,4,8,99.90,Si
"Estrategia y Comunicación Digital",ECD,0813-2026,"Consultoría y Gestión de Estrategia Digital Integrada",CONSUL_GES,"Alineación Técnica con Estrategia de Gobierno Digital MINTIC",ALITCNCONE,,,,,,,,No
"Estrategia y Comunicación Digital",ECD,0813-2026,"Consultoría y Gestión de Estrategia Digital Integrada",CONSUL_GES,"Diagnóstico Técnico de Capacidades Digitales para Comunicación",DIATCNDECA,,,,,,,,No
"Estrategia y Comunicación Digital",ECD,0813-2026,"Consultoría y Gestión de Estrategia Digital Integrada",CONSUL_GES,"Diseño de Arquitectura Tecnológica para la Comunicación Digital",DISDEARQTE,,,,,,,,No
"Estrategia y Comunicación Digital",ECD,0813-2026,"Consultoría y Gestión de Estrategia Digital Integrada",CONSUL_GES,"Roadmap Tecnológico para la Evolución de la Comunicación Digital",ROATECPARL,,,,,,,,No
"Estrategia y Comunicación Digital",ECD,0813-2026,"Registro de Publicaciones y Estadísticas",CUL_PARRILLA_REG,"Registro y seguimiento de gestión en sistema",CUL_REG_GESTION,CRITICA,15,30,120,1,2,99.90,Si
"Estrategia y Comunicación Digital",ECD,0813-2026,"Registro de Publicaciones y Estadísticas",CUL_PARRILLA_REG,"Registro y seguimiento de gestión en sistema",CUL_REG_GESTION,ALTA,30,60,240,1,4,99.90,Si
"Estrategia y Comunicación Digital",ECD,0813-2026,"Registro de Publicaciones y Estadísticas",CUL_PARRILLA_REG,"Registro y seguimiento de gestión en sistema",CUL_REG_GESTION,MEDIA,60,120,360,2,6,99.90,Si
"Estrategia y Comunicación Digital",ECD,0813-2026,"Registro de Publicaciones y Estadísticas",CUL_PARRILLA_REG,"Registro y seguimiento de gestión en sistema",CUL_REG_GESTION,BAJA,120,240,480,4,8,99.90,Si
"Estrategia y Comunicación Digital",ECD,0813-2026,"Registro de Publicaciones y Estadísticas",CUL_PARRILLA_REG,"Generación de informes y estadísticas de gestión",CUL_INF_ESTADISTICAS,CRITICA,15,30,120,1,2,99.90,Si
"Estrategia y Comunicación Digital",ECD,0813-2026,"Registro de Publicaciones y Estadísticas",CUL_PARRILLA_REG,"Generación de informes y estadísticas de gestión",CUL_INF_ESTADISTICAS,ALTA,30,60,240,1,4,99.90,Si
"Estrategia y Comunicación Digital",ECD,0813-2026,"Registro de Publicaciones y Estadísticas",CUL_PARRILLA_REG,"Generación de informes y estadísticas de gestión",CUL_INF_ESTADISTICAS,MEDIA,60,120,360,2,6,99.90,Si
"Estrategia y Comunicación Digital",ECD,0813-2026,"Registro de Publicaciones y Estadísticas",CUL_PARRILLA_REG,"Generación de informes y estadísticas de gestión",CUL_INF_ESTADISTICAS,BAJA,120,240,480,4,8,99.90,Si
"Estrategia y Comunicación Digital",ECD,0813-2026,"Gestión Técnica de Plataformas y Canales de Comunicación Digital",GEST_TEC_P,"Administración Técnica de CMS y Portales Web Institucionales",ADMTCNDECM,CRITICA,10,60,480,1,8,99.50,Si
"Estrategia y Comunicación Digital",ECD,0813-2026,"Gestión Técnica de Plataformas y Canales de Comunicación Digital",GEST_TEC_P,"Administración Técnica de CMS y Portales Web Institucionales",ADMTCNDECM,ALTA,15,120,1440,2,24,99.50,Si
"Estrategia y Comunicación Digital",ECD,0813-2026,"Gestión Técnica de Plataformas y Canales de Comunicación Digital",GEST_TEC_P,"Administración Técnica de CMS y Portales Web Institucionales",ADMTCNDECM,MEDIA,30,240,2880,4,48,99.50,Si
"Estrategia y Comunicación Digital",ECD,0813-2026,"Gestión Técnica de Plataformas y Canales de Comunicación Digital",GEST_TEC_P,"Administración Técnica de CMS y Portales Web Institucionales",ADMTCNDECM,BAJA,60,480,4320,8,72,99.50,Si
"Estrategia y Comunicación Digital",ECD,0813-2026,"Gestión Técnica de Plataformas y Canales de Comunicación Digital",GEST_TEC_P,"Gestión Técnica de Herramientas de Publicación y Programación",GESTCNDEHE,CRITICA,10,60,480,1,8,99.50,Si
"Estrategia y Comunicación Digital",ECD,0813-2026,"Gestión Técnica de Plataformas y Canales de Comunicación Digital",GEST_TEC_P,"Gestión Técnica de Herramientas de Publicación y Programación",GESTCNDEHE,ALTA,15,120,1440,2,24,99.50,Si
"Estrategia y Comunicación Digital",ECD,0813-2026,"Gestión Técnica de Plataformas y Canales de Comunicación Digital",GEST_TEC_P,"Gestión Técnica de Herramientas de Publicación y Programación",GESTCNDEHE,MEDIA,30,240,2880,4,48,99.50,Si
"Estrategia y Comunicación Digital",ECD,0813-2026,"Gestión Técnica de Plataformas y Canales de Comunicación Digital",GEST_TEC_P,"Gestión Técnica de Herramientas de Publicación y Programación",GESTCNDEHE,BAJA,60,480,4320,8,72,99.50,Si
"Estrategia y Comunicación Digital",ECD,0813-2026,"Gestión Técnica de Plataformas y Canales de Comunicación Digital",GEST_TEC_P,"Integración Técnica de Canales Digitales (Omnicanalidad)",INTTCNDECA,CRITICA,10,60,480,1,8,99.50,Si
"Estrategia y Comunicación Digital",ECD,0813-2026,"Gestión Técnica de Plataformas y Canales de Comunicación Digital",GEST_TEC_P,"Integración Técnica de Canales Digitales (Omnicanalidad)",INTTCNDECA,ALTA,15,120,1440,2,24,99.50,Si
"Estrategia y Comunicación Digital",ECD,0813-2026,"Gestión Técnica de Plataformas y Canales de Comunicación Digital",GEST_TEC_P,"Integración Técnica de Canales Digitales (Omnicanalidad)",INTTCNDECA,MEDIA,30,240,2880,4,48,99.50,Si
"Estrategia y Comunicación Digital",ECD,0813-2026,"Gestión Técnica de Plataformas y Canales de Comunicación Digital",GEST_TEC_P,"Integración Técnica de Canales Digitales (Omnicanalidad)",INTTCNDECA,BAJA,60,480,4320,8,72,99.50,Si
"Estrategia y Comunicación Digital",ECD,0813-2026,"Gestión Técnica de Plataformas y Canales de Comunicación Digital",GEST_TEC_P,"Optimización Técnica para Performance y UX en Canales Digitales",OPTTCNPARP,CRITICA,10,60,480,1,8,99.50,Si
"Estrategia y Comunicación Digital",ECD,0813-2026,"Gestión Técnica de Plataformas y Canales de Comunicación Digital",GEST_TEC_P,"Optimización Técnica para Performance y UX en Canales Digitales",OPTTCNPARP,ALTA,15,120,1440,2,24,99.50,Si
"Estrategia y Comunicación Digital",ECD,0813-2026,"Gestión Técnica de Plataformas y Canales de Comunicación Digital",GEST_TEC_P,"Optimización Técnica para Performance y UX en Canales Digitales",OPTTCNPARP,MEDIA,30,240,2880,4,48,99.50,Si
"Estrategia y Comunicación Digital",ECD,0813-2026,"Gestión Técnica de Plataformas y Canales de Comunicación Digital",GEST_TEC_P,"Optimización Técnica para Performance y UX en Canales Digitales",OPTTCNPARP,BAJA,60,480,4320,8,72,99.50,Si
"Estrategia y Comunicación Digital",ECD,0813-2026,"3. Producción y Gestión Técnica de Contenidos Digitales",PROD_TEC_CONT_DIG,"Desarrollo Técnico de Contenidos Web (HTML/CSS/JS)",TEC_CONT_WEB,CRITICA,15,30,120,1,2,99.90,Si
"Estrategia y Comunicación Digital",ECD,0813-2026,"3. Producción y Gestión Técnica de Contenidos Digitales",PROD_TEC_CONT_DIG,"Desarrollo Técnico de Contenidos Web (HTML/CSS/JS)",TEC_CONT_WEB,ALTA,30,60,240,1,4,99.90,Si
"Estrategia y Comunicación Digital",ECD,0813-2026,"3. Producción y Gestión Técnica de Contenidos Digitales",PROD_TEC_CONT_DIG,"Desarrollo Técnico de Contenidos Web (HTML/CSS/JS)",TEC_CONT_WEB,MEDIA,60,120,360,2,6,99.90,Si
"Estrategia y Comunicación Digital",ECD,0813-2026,"3. Producción y Gestión Técnica de Contenidos Digitales",PROD_TEC_CONT_DIG,"Desarrollo Técnico de Contenidos Web (HTML/CSS/JS)",TEC_CONT_WEB,BAJA,120,240,480,4,8,99.90,Si
"Estrategia y Comunicación Digital",ECD,0813-2026,"3. Producción y Gestión Técnica de Contenidos Digitales",PROD_TEC_CONT_DIG,"Producción Técnica de Contenidos Multimedia Optimizados",PROD_MULT_OPT,CRITICA,15,30,120,1,2,99.90,Si
"Estrategia y Comunicación Digital",ECD,0813-2026,"3. Producción y Gestión Técnica de Contenidos Digitales",PROD_TEC_CONT_DIG,"Producción Técnica de Contenidos Multimedia Optimizados",PROD_MULT_OPT,ALTA,30,60,240,1,4,99.90,Si
"Estrategia y Comunicación Digital",ECD,0813-2026,"3. Producción y Gestión Técnica de Contenidos Digitales",PROD_TEC_CONT_DIG,"Producción Técnica de Contenidos Multimedia Optimizados",PROD_MULT_OPT,MEDIA,60,120,360,2,6,99.90,Si
"Estrategia y Comunicación Digital",ECD,0813-2026,"3. Producción y Gestión Técnica de Contenidos Digitales",PROD_TEC_CONT_DIG,"Producción Técnica de Contenidos Multimedia Optimizados",PROD_MULT_OPT,BAJA,120,240,480,4,8,99.90,Si
"Estrategia y Comunicación Digital",ECD,0813-2026,"3. Producción y Gestión Técnica de Contenidos Digitales",PROD_TEC_CONT_DIG,"Implementación Técnica de Campañas Digitales",CAMP_DIG_TEC,CRITICA,15,30,120,1,2,99.90,Si
"Estrategia y Comunicación Digital",ECD,0813-2026,"3. Producción y Gestión Técnica de Contenidos Digitales",PROD_TEC_CONT_DIG,"Implementación Técnica de Campañas Digitales",CAMP_DIG_TEC,ALTA,30,60,240,1,4,99.90,Si
"Estrategia y Comunicación Digital",ECD,0813-2026,"3. Producción y Gestión Técnica de Contenidos Digitales",PROD_TEC_CONT_DIG,"Implementación Técnica de Campañas Digitales",CAMP_DIG_TEC,MEDIA,60,120,360,2,6,99.90,Si
"Estrategia y Comunicación Digital",ECD,0813-2026,"3. Producción y Gestión Técnica de Contenidos Digitales",PROD_TEC_CONT_DIG,"Implementación Técnica de Campañas Digitales",CAMP_DIG_TEC,BAJA,120,240,480,4,8,99.90,Si
"Estrategia y Comunicación Digital",ECD,0813-2026,"3. Producción y Gestión Técnica de Contenidos Digitales",PROD_TEC_CONT_DIG,"Gestión Técnica del Repositorio de Activos Digitales (DAM)",DAM_GEST,CRITICA,15,30,120,1,2,99.90,Si
"Estrategia y Comunicación Digital",ECD,0813-2026,"3. Producción y Gestión Técnica de Contenidos Digitales",PROD_TEC_CONT_DIG,"Gestión Técnica del Repositorio de Activos Digitales (DAM)",DAM_GEST,ALTA,30,60,240,1,4,99.90,Si
"Estrategia y Comunicación Digital",ECD,0813-2026,"3. Producción y Gestión Técnica de Contenidos Digitales",PROD_TEC_CONT_DIG,"Gestión Técnica del Repositorio de Activos Digitales (DAM)",DAM_GEST,MEDIA,60,120,360,2,6,99.90,Si
"Estrategia y Comunicación Digital",ECD,0813-2026,"3. Producción y Gestión Técnica de Contenidos Digitales",PROD_TEC_CONT_DIG,"Gestión Técnica del Repositorio de Activos Digitales (DAM)",DAM_GEST,BAJA,120,240,480,4,8,99.90,Si
"Estrategia y Comunicación Digital",ECD,0813-2026,"4. Análisis Técnico, Business Intelligence y Reportes Automatizados",ANAL_TEC_BI_REP,"Implementación y Configuración de Herramientas de Analytics",ANALYTICS_CONF,CRITICA,15,30,120,1,2,99.90,Si
"Estrategia y Comunicación Digital",ECD,0813-2026,"4. Análisis Técnico, Business Intelligence y Reportes Automatizados",ANAL_TEC_BI_REP,"Implementación y Configuración de Herramientas de Analytics",ANALYTICS_CONF,ALTA,30,60,240,1,4,99.90,Si
"Estrategia y Comunicación Digital",ECD,0813-2026,"4. Análisis Técnico, Business Intelligence y Reportes Automatizados",ANAL_TEC_BI_REP,"Implementación y Configuración de Herramientas de Analytics",ANALYTICS_CONF,MEDIA,60,120,360,2,6,99.90,Si
"Estrategia y Comunicación Digital",ECD,0813-2026,"4. Análisis Técnico, Business Intelligence y Reportes Automatizados",ANAL_TEC_BI_REP,"Implementación y Configuración de Herramientas de Analytics",ANALYTICS_CONF,BAJA,120,240,480,4,8,99.90,Si
"Estrategia y Comunicación Digital",ECD,0813-2026,"4. Análisis Técnico, Business Intelligence y Reportes Automatizados",ANAL_TEC_BI_REP,"Desarrollo de Dashboards y Visualizaciones de Datos Comunicacionales",DASHBOARD_COM,CRITICA,15,30,120,1,2,99.90,Si
"Estrategia y Comunicación Digital",ECD,0813-2026,"4. Análisis Técnico, Business Intelligence y Reportes Automatizados",ANAL_TEC_BI_REP,"Desarrollo de Dashboards y Visualizaciones de Datos Comunicacionales",DASHBOARD_COM,ALTA,30,60,240,1,4,99.90,Si
"Estrategia y Comunicación Digital",ECD,0813-2026,"4. Análisis Técnico, Business Intelligence y Reportes Automatizados",ANAL_TEC_BI_REP,"Desarrollo de Dashboards y Visualizaciones de Datos Comunicacionales",DASHBOARD_COM,MEDIA,60,120,360,2,6,99.90,Si
"Estrategia y Comunicación Digital",ECD,0813-2026,"4. Análisis Técnico, Business Intelligence y Reportes Automatizados",ANAL_TEC_BI_REP,"Desarrollo de Dashboards y Visualizaciones de Datos Comunicacionales",DASHBOARD_COM,BAJA,120,240,480,4,8,99.90,Si
"Estrategia y Comunicación Digital",ECD,0813-2026,"4. Análisis Técnico, Business Intelligence y Reportes Automatizados",ANAL_TEC_BI_REP,"Automatización de Reportes de Performance Digital",REPORT_AUTO,CRITICA,15,30,120,1,2,99.90,Si
"Estrategia y Comunicación Digital",ECD,0813-2026,"4. Análisis Técnico, Business Intelligence y Reportes Automatizados",ANAL_TEC_BI_REP,"Automatización de Reportes de Performance Digital",REPORT_AUTO,ALTA,30,60,240,1,4,99.90,Si
"Estrategia y Comunicación Digital",ECD,0813-2026,"4. Análisis Técnico, Business Intelligence y Reportes Automatizados",ANAL_TEC_BI_REP,"Automatización de Reportes de Performance Digital",REPORT_AUTO,MEDIA,60,120,360,2,6,99.90,Si
"Estrategia y Comunicación Digital",ECD,0813-2026,"4. Análisis Técnico, Business Intelligence y Reportes Automatizados",ANAL_TEC_BI_REP,"Automatización de Reportes de Performance Digital",REPORT_AUTO,BAJA,120,240,480,4,8,99.90,Si
"Estrategia y Comunicación Digital",ECD,0813-2026,"4. Análisis Técnico, Business Intelligence y Reportes Automatizados",ANAL_TEC_BI_REP,"Análisis Técnico de Datos para Optimización de Contenidos y Canales",DATA_OPT,CRITICA,15,30,120,1,2,99.90,Si
"Estrategia y Comunicación Digital",ECD,0813-2026,"4. Análisis Técnico, Business Intelligence y Reportes Automatizados",ANAL_TEC_BI_REP,"Análisis Técnico de Datos para Optimización de Contenidos y Canales",DATA_OPT,ALTA,30,60,240,1,4,99.90,Si
"Estrategia y Comunicación Digital",ECD,0813-2026,"4. Análisis Técnico, Business Intelligence y Reportes Automatizados",ANAL_TEC_BI_REP,"Análisis Técnico de Datos para Optimización de Contenidos y Canales",DATA_OPT,MEDIA,60,120,360,2,6,99.90,Si
"Estrategia y Comunicación Digital",ECD,0813-2026,"4. Análisis Técnico, Business Intelligence y Reportes Automatizados",ANAL_TEC_BI_REP,"Análisis Técnico de Datos para Optimización de Contenidos y Canales",DATA_OPT,BAJA,120,240,480,4,8,99.90,Si
"Estrategia y Comunicación Digital",ECD,0813-2026,"5. Soporte Técnico Especializado y Capacitación Comunicacional-Tecnológica",SOP_TEC_CAP_COMTEC,"Soporte Técnico de Nivel 2 para Herramientas de Comunicación Digital",SOPORTE_N2,CRITICA,15,30,120,1,2,99.90,Si
"Estrategia y Comunicación Digital",ECD,0813-2026,"5. Soporte Técnico Especializado y Capacitación Comunicacional-Tecnológica",SOP_TEC_CAP_COMTEC,"Soporte Técnico de Nivel 2 para Herramientas de Comunicación Digital",SOPORTE_N2,ALTA,30,60,240,1,4,99.90,Si
"Estrategia y Comunicación Digital",ECD,0813-2026,"5. Soporte Técnico Especializado y Capacitación Comunicacional-Tecnológica",SOP_TEC_CAP_COMTEC,"Soporte Técnico de Nivel 2 para Herramientas de Comunicación Digital",SOPORTE_N2,MEDIA,60,120,360,2,6,99.90,Si
"Estrategia y Comunicación Digital",ECD,0813-2026,"5. Soporte Técnico Especializado y Capacitación Comunicacional-Tecnológica",SOP_TEC_CAP_COMTEC,"Soporte Técnico de Nivel 2 para Herramientas de Comunicación Digital",SOPORTE_N2,BAJA,120,240,480,4,8,99.90,Si
"Estrategia y Comunicación Digital",ECD,0813-2026,"5. Soporte Técnico Especializado y Capacitación Comunicacional-Tecnológica",SOP_TEC_CAP_COMTEC,"Capacitación Técnica para Equipos de Comunicación",CAPACIT_TEC,CRITICA,15,30,120,1,2,99.90,Si
"Estrategia y Comunicación Digital",ECD,0813-2026,"5. Soporte Técnico Especializado y Capacitación Comunicacional-Tecnológica",SOP_TEC_CAP_COMTEC,"Capacitación Técnica para Equipos de Comunicación",CAPACIT_TEC,ALTA,30,60,240,1,4,99.90,Si
"Estrategia y Comunicación Digital",ECD,0813-2026,"5. Soporte Técnico Especializado y Capacitación Comunicacional-Tecnológica",SOP_TEC_CAP_COMTEC,"Capacitación Técnica para Equipos de Comunicación",CAPACIT_TEC,MEDIA,60,120,360,2,6,99.90,Si
"Estrategia y Comunicación Digital",ECD,0813-2026,"5. Soporte Técnico Especializado y Capacitación Comunicacional-Tecnológica",SOP_TEC_CAP_COMTEC,"Capacitación Técnica para Equipos de Comunicación",CAPACIT_TEC,BAJA,120,240,480,4,8,99.90,Si
"Estrategia y Comunicación Digital",ECD,0813-2026,"5. Soporte Técnico Especializado y Capacitación Comunicacional-Tecnológica",SOP_TEC_CAP_COMTEC,"Gestión de Incidentes y Cambios en Infraestructura Comunicacional",INCIDENTES_CHG,CRITICA,15,30,120,1,2,99.90,Si
"Estrategia y Comunicación Digital",ECD,0813-2026,"5. Soporte Técnico Especializado y Capacitación Comunicacional-Tecnológica",SOP_TEC_CAP_COMTEC,"Gestión de Incidentes y Cambios en Infraestructura Comunicacional",INCIDENTES_CHG,ALTA,30,60,240,1,4,99.90,Si
"Estrategia y Comunicación Digital",ECD,0813-2026,"5. Soporte Técnico Especializado y Capacitación Comunicacional-Tecnológica",SOP_TEC_CAP_COMTEC,"Gestión de Incidentes y Cambios en Infraestructura Comunicacional",INCIDENTES_CHG,MEDIA,60,120,360,2,6,99.90,Si
"Estrategia y Comunicación Digital",ECD,0813-2026,"5. Soporte Técnico Especializado y Capacitación Comunicacional-Tecnológica",SOP_TEC_CAP_COMTEC,"Gestión de Incidentes y Cambios en Infraestructura Comunicacional",INCIDENTES_CHG,BAJA,120,240,480,4,8,99.90,Si
"Estrategia y Comunicación Digital",ECD,0813-2026,"5. Soporte Técnico Especializado y Capacitación Comunicacional-Tecnológica",SOP_TEC_CAP_COMTEC,"Asesoría Técnica en Innovación y Tendencias Digitales para Comunicación",ASESORIA_INNOV,CRITICA,15,30,120,1,2,99.90,Si
"Estrategia y Comunicación Digital",ECD,0813-2026,"5. Soporte Técnico Especializado y Capacitación Comunicacional-Tecnológica",SOP_TEC_CAP_COMTEC,"Asesoría Técnica en Innovación y Tendencias Digitales para Comunicación",ASESORIA_INNOV,ALTA,30,60,240,1,4,99.90,Si
"Estrategia y Comunicación Digital",ECD,0813-2026,"5. Soporte Técnico Especializado y Capacitación Comunicacional-Tecnológica",SOP_TEC_CAP_COMTEC,"Asesoría Técnica en Innovación y Tendencias Digitales para Comunicación",ASESORIA_INNOV,MEDIA,60,120,360,2,6,99.90,Si
"Estrategia y Comunicación Digital",ECD,0813-2026,"5. Soporte Técnico Especializado y Capacitación Comunicacional-Tecnológica",SOP_TEC_CAP_COMTEC,"Asesoría Técnica en Innovación y Tendencias Digitales para Comunicación",ASESORIA_INNOV,BAJA,120,240,480,4,8,99.90,Si
"Estrategia y Comunicación Digital",ECD,0813-2026,"Envío de comunicaciones masivas",MAIL_MASIV,"Ejecución de envío de comunicaciones masivas",ENV_COM_MAS,,,,,,,,No
"Parrilla de Contenidos, Registro y Estadísticas",CUL_F3_PARRILLA,0813-2026,"Registro de Publicaciones y Estadísticas",CUL_SVC_PARRILLA,"Registro y seguimiento de gestión en sistema",CUL_F3_REG_GESTION,CRITICA,15,30,120,1,2,99.90,Si
"Parrilla de Contenidos, Registro y Estadísticas",CUL_F3_PARRILLA,0813-2026,"Registro de Publicaciones y Estadísticas",CUL_SVC_PARRILLA,"Registro y seguimiento de gestión en sistema",CUL_F3_REG_GESTION,ALTA,30,60,240,1,4,99.90,Si
"Parrilla de Contenidos, Registro y Estadísticas",CUL_F3_PARRILLA,0813-2026,"Registro de Publicaciones y Estadísticas",CUL_SVC_PARRILLA,"Registro y seguimiento de gestión en sistema",CUL_F3_REG_GESTION,MEDIA,60,120,360,2,6,99.90,Si
"Parrilla de Contenidos, Registro y Estadísticas",CUL_F3_PARRILLA,0813-2026,"Registro de Publicaciones y Estadísticas",CUL_SVC_PARRILLA,"Registro y seguimiento de gestión en sistema",CUL_F3_REG_GESTION,BAJA,120,240,480,4,8,99.90,Si
"Parrilla de Contenidos, Registro y Estadísticas",CUL_F3_PARRILLA,0813-2026,"Registro de Publicaciones y Estadísticas",CUL_SVC_PARRILLA,"Generación de informes y estadísticas de gestión",CUL_F3_INF_ESTADISTICAS,CRITICA,15,30,120,1,2,99.90,Si
"Parrilla de Contenidos, Registro y Estadísticas",CUL_F3_PARRILLA,0813-2026,"Registro de Publicaciones y Estadísticas",CUL_SVC_PARRILLA,"Generación de informes y estadísticas de gestión",CUL_F3_INF_ESTADISTICAS,ALTA,30,60,240,1,4,99.90,Si
"Parrilla de Contenidos, Registro y Estadísticas",CUL_F3_PARRILLA,0813-2026,"Registro de Publicaciones y Estadísticas",CUL_SVC_PARRILLA,"Generación de informes y estadísticas de gestión",CUL_F3_INF_ESTADISTICAS,MEDIA,60,120,360,2,6,99.90,Si
"Parrilla de Contenidos, Registro y Estadísticas",CUL_F3_PARRILLA,0813-2026,"Registro de Publicaciones y Estadísticas",CUL_SVC_PARRILLA,"Generación de informes y estadísticas de gestión",CUL_F3_INF_ESTADISTICAS,BAJA,120,240,480,4,8,99.90,Si
"Gestión e Implementación de la Estrategia Digital Integral",GEID,0813-2026,"1. Gobierno Digital y Cumplimiento Normativo TIC",GODIG_CUMPL_NORM_TIC,"Auditoría y Aseguramiento de Cumplimiento MINTIC",AUDIT_MINTIC,CRITICA,15,30,120,1,2,99.90,Si
"Gestión e Implementación de la Estrategia Digital Integral",GEID,0813-2026,"1. Gobierno Digital y Cumplimiento Normativo TIC",GODIG_CUMPL_NORM_TIC,"Auditoría y Aseguramiento de Cumplimiento MINTIC",AUDIT_MINTIC,ALTA,30,60,240,1,4,99.90,Si
"Gestión e Implementación de la Estrategia Digital Integral",GEID,0813-2026,"1. Gobierno Digital y Cumplimiento Normativo TIC",GODIG_CUMPL_NORM_TIC,"Auditoría y Aseguramiento de Cumplimiento MINTIC",AUDIT_MINTIC,MEDIA,60,120,360,2,6,99.90,Si
"Gestión e Implementación de la Estrategia Digital Integral",GEID,0813-2026,"1. Gobierno Digital y Cumplimiento Normativo TIC",GODIG_CUMPL_NORM_TIC,"Auditoría y Aseguramiento de Cumplimiento MINTIC",AUDIT_MINTIC,BAJA,120,240,480,4,8,99.90,Si
"Gestión e Implementación de la Estrategia Digital Integral",GEID,0813-2026,"1. Gobierno Digital y Cumplimiento Normativo TIC",GODIG_CUMPL_NORM_TIC,"Implementación de Componentes de Transparencia y Acceso a la Información",TRANSP_INFO,CRITICA,15,30,120,1,2,99.90,Si
"Gestión e Implementación de la Estrategia Digital Integral",GEID,0813-2026,"1. Gobierno Digital y Cumplimiento Normativo TIC",GODIG_CUMPL_NORM_TIC,"Implementación de Componentes de Transparencia y Acceso a la Información",TRANSP_INFO,ALTA,30,60,240,1,4,99.90,Si
"Gestión e Implementación de la Estrategia Digital Integral",GEID,0813-2026,"1. Gobierno Digital y Cumplimiento Normativo TIC",GODIG_CUMPL_NORM_TIC,"Implementación de Componentes de Transparencia y Acceso a la Información",TRANSP_INFO,MEDIA,60,120,360,2,6,99.90,Si
"Gestión e Implementación de la Estrategia Digital Integral",GEID,0813-2026,"1. Gobierno Digital y Cumplimiento Normativo TIC",GODIG_CUMPL_NORM_TIC,"Implementación de Componentes de Transparencia y Acceso a la Información",TRANSP_INFO,BAJA,120,240,480,4,8,99.90,Si
"Gestión e Implementación de la Estrategia Digital Integral",GEID,0813-2026,"1. Gobierno Digital y Cumplimiento Normativo TIC",GODIG_CUMPL_NORM_TIC,"Gestión de Seguridad de la Información en Canales Digitales",SEG_INFO_DIG,CRITICA,15,30,120,1,2,99.90,Si
"Gestión e Implementación de la Estrategia Digital Integral",GEID,0813-2026,"1. Gobierno Digital y Cumplimiento Normativo TIC",GODIG_CUMPL_NORM_TIC,"Gestión de Seguridad de la Información en Canales Digitales",SEG_INFO_DIG,ALTA,30,60,240,1,4,99.90,Si
"Gestión e Implementación de la Estrategia Digital Integral",GEID,0813-2026,"1. Gobierno Digital y Cumplimiento Normativo TIC",GODIG_CUMPL_NORM_TIC,"Gestión de Seguridad de la Información en Canales Digitales",SEG_INFO_DIG,MEDIA,60,120,360,2,6,99.90,Si
"Gestión e Implementación de la Estrategia Digital Integral",GEID,0813-2026,"1. Gobierno Digital y Cumplimiento Normativo TIC",GODIG_CUMPL_NORM_TIC,"Gestión de Seguridad de la Información en Canales Digitales",SEG_INFO_DIG,BAJA,120,240,480,4,8,99.90,Si
"Gestión e Implementación de la Estrategia Digital Integral",GEID,0813-2026,"1. Gobierno Digital y Cumplimiento Normativo TIC",GODIG_CUMPL_NORM_TIC,"Asesoría en Adquisición o Desarrollo de Herramientas Digitales Normativas",ASES_NORM_DIG,CRITICA,15,30,120,1,2,99.90,Si
"Gestión e Implementación de la Estrategia Digital Integral",GEID,0813-2026,"1. Gobierno Digital y Cumplimiento Normativo TIC",GODIG_CUMPL_NORM_TIC,"Asesoría en Adquisición o Desarrollo de Herramientas Digitales Normativas",ASES_NORM_DIG,ALTA,30,60,240,1,4,99.90,Si
"Gestión e Implementación de la Estrategia Digital Integral",GEID,0813-2026,"1. Gobierno Digital y Cumplimiento Normativo TIC",GODIG_CUMPL_NORM_TIC,"Asesoría en Adquisición o Desarrollo de Herramientas Digitales Normativas",ASES_NORM_DIG,MEDIA,60,120,360,2,6,99.90,Si
"Gestión e Implementación de la Estrategia Digital Integral",GEID,0813-2026,"1. Gobierno Digital y Cumplimiento Normativo TIC",GODIG_CUMPL_NORM_TIC,"Asesoría en Adquisición o Desarrollo de Herramientas Digitales Normativas",ASES_NORM_DIG,BAJA,120,240,480,4,8,99.90,Si
"Gestión e Implementación de la Estrategia Digital Integral",GEID,0813-2026,"Gobierno Digital y Normatividad",CUL_GOBIERNO_DIGITAL,"Actualización de Sección de Transparencia",CUL_ACT_TRANSPARENCIA,CRITICA,15,30,120,1,2,99.90,Si
"Gestión e Implementación de la Estrategia Digital Integral",GEID,0813-2026,"Gobierno Digital y Normatividad",CUL_GOBIERNO_DIGITAL,"Actualización de Sección de Transparencia",CUL_ACT_TRANSPARENCIA,ALTA,30,60,240,1,4,99.90,Si
"Gestión e Implementación de la Estrategia Digital Integral",GEID,0813-2026,"Gobierno Digital y Normatividad",CUL_GOBIERNO_DIGITAL,"Actualización de Sección de Transparencia",CUL_ACT_TRANSPARENCIA,MEDIA,60,120,360,2,6,99.90,Si
"Gestión e Implementación de la Estrategia Digital Integral",GEID,0813-2026,"Gobierno Digital y Normatividad",CUL_GOBIERNO_DIGITAL,"Actualización de Sección de Transparencia",CUL_ACT_TRANSPARENCIA,BAJA,120,240,480,4,8,99.90,Si
"Gestión e Implementación de la Estrategia Digital Integral",GEID,0813-2026,"Gobierno Digital y Normatividad",CUL_GOBIERNO_DIGITAL,"Cumplimiento de accesibilidad y lineamientos de Gobierno Digital",CUL_ACCESIBILIDAD,CRITICA,15,30,120,1,2,99.90,Si
"Gestión e Implementación de la Estrategia Digital Integral",GEID,0813-2026,"Gobierno Digital y Normatividad",CUL_GOBIERNO_DIGITAL,"Cumplimiento de accesibilidad y lineamientos de Gobierno Digital",CUL_ACCESIBILIDAD,ALTA,30,60,240,1,4,99.90,Si
"Gestión e Implementación de la Estrategia Digital Integral",GEID,0813-2026,"Gobierno Digital y Normatividad",CUL_GOBIERNO_DIGITAL,"Cumplimiento de accesibilidad y lineamientos de Gobierno Digital",CUL_ACCESIBILIDAD,MEDIA,60,120,360,2,6,99.90,Si
"Gestión e Implementación de la Estrategia Digital Integral",GEID,0813-2026,"Gobierno Digital y Normatividad",CUL_GOBIERNO_DIGITAL,"Cumplimiento de accesibilidad y lineamientos de Gobierno Digital",CUL_ACCESIBILIDAD,BAJA,120,240,480,4,8,99.90,Si
"Gestión e Implementación de la Estrategia Digital Integral",GEID,0813-2026,"Gobierno Digital y Normatividad",CUL_GOBIERNO_DIGITAL,"Respuesta a requerimientos ITA y MIPG",CUL_REQ_ITA_MIPG,CRITICA,15,30,120,1,2,99.90,Si
"Gestión e Implementación de la Estrategia Digital Integral",GEID,0813-2026,"Gobierno Digital y Normatividad",CUL_GOBIERNO_DIGITAL,"Respuesta a requerimientos ITA y MIPG",CUL_REQ_ITA_MIPG,ALTA,30,60,240,1,4,99.90,Si
"Gestión e Implementación de la Estrategia Digital Integral",GEID,0813-2026,"Gobierno Digital y Normatividad",CUL_GOBIERNO_DIGITAL,"Respuesta a requerimientos ITA y MIPG",CUL_REQ_ITA_MIPG,MEDIA,60,120,360,2,6,99.90,Si
"Gestión e Implementación de la Estrategia Digital Integral",GEID,0813-2026,"Gobierno Digital y Normatividad",CUL_GOBIERNO_DIGITAL,"Respuesta a requerimientos ITA y MIPG",CUL_REQ_ITA_MIPG,BAJA,120,240,480,4,8,99.90,Si
"Gestión e Implementación de la Estrategia Digital Integral",GEID,0813-2026,"2. Estrategia y Arquitectura de Comunicación Digital",ESTRAT_ARQ_COM_DIG,"Formulación y Documentación del Plan de Comunicación Digital Integral",PLAN_COM_DIG,CRITICA,15,30,120,1,2,99.90,Si
"Gestión e Implementación de la Estrategia Digital Integral",GEID,0813-2026,"2. Estrategia y Arquitectura de Comunicación Digital",ESTRAT_ARQ_COM_DIG,"Formulación y Documentación del Plan de Comunicación Digital Integral",PLAN_COM_DIG,ALTA,30,60,240,1,4,99.90,Si
"Gestión e Implementación de la Estrategia Digital Integral",GEID,0813-2026,"2. Estrategia y Arquitectura de Comunicación Digital",ESTRAT_ARQ_COM_DIG,"Formulación y Documentación del Plan de Comunicación Digital Integral",PLAN_COM_DIG,MEDIA,60,120,360,2,6,99.90,Si
"Gestión e Implementación de la Estrategia Digital Integral",GEID,0813-2026,"2. Estrategia y Arquitectura de Comunicación Digital",ESTRAT_ARQ_COM_DIG,"Formulación y Documentación del Plan de Comunicación Digital Integral",PLAN_COM_DIG,BAJA,120,240,480,4,8,99.90,Si
"Gestión e Implementación de la Estrategia Digital Integral",GEID,0813-2026,"2. Estrategia y Arquitectura de Comunicación Digital",ESTRAT_ARQ_COM_DIG,"Diseño de la Arquitectura de Información y Experiencia de Usuario (UX)",ARQ_INFO_UX,CRITICA,15,30,120,1,2,99.90,Si
"Gestión e Implementación de la Estrategia Digital Integral",GEID,0813-2026,"2. Estrategia y Arquitectura de Comunicación Digital",ESTRAT_ARQ_COM_DIG,"Diseño de la Arquitectura de Información y Experiencia de Usuario (UX)",ARQ_INFO_UX,ALTA,30,60,240,1,4,99.90,Si
"Gestión e Implementación de la Estrategia Digital Integral",GEID,0813-2026,"2. Estrategia y Arquitectura de Comunicación Digital",ESTRAT_ARQ_COM_DIG,"Diseño de la Arquitectura de Información y Experiencia de Usuario (UX)",ARQ_INFO_UX,MEDIA,60,120,360,2,6,99.90,Si
"Gestión e Implementación de la Estrategia Digital Integral",GEID,0813-2026,"2. Estrategia y Arquitectura de Comunicación Digital",ESTRAT_ARQ_COM_DIG,"Diseño de la Arquitectura de Información y Experiencia de Usuario (UX)",ARQ_INFO_UX,BAJA,120,240,480,4,8,99.90,Si
"Gestión e Implementación de la Estrategia Digital Integral",GEID,0813-2026,"2. Estrategia y Arquitectura de Comunicación Digital",ESTRAT_ARQ_COM_DIG,"Gestión de la Parrilla Editorial y Cronograma de Contenidos Digitales",PARRILLA_CONT,CRITICA,15,30,120,1,2,99.90,Si
"Gestión e Implementación de la Estrategia Digital Integral",GEID,0813-2026,"2. Estrategia y Arquitectura de Comunicación Digital",ESTRAT_ARQ_COM_DIG,"Gestión de la Parrilla Editorial y Cronograma de Contenidos Digitales",PARRILLA_CONT,ALTA,30,60,240,1,4,99.90,Si
"Gestión e Implementación de la Estrategia Digital Integral",GEID,0813-2026,"2. Estrategia y Arquitectura de Comunicación Digital",ESTRAT_ARQ_COM_DIG,"Gestión de la Parrilla Editorial y Cronograma de Contenidos Digitales",PARRILLA_CONT,MEDIA,60,120,360,2,6,99.90,Si
"Gestión e Implementación de la Estrategia Digital Integral",GEID,0813-2026,"2. Estrategia y Arquitectura de Comunicación Digital",ESTRAT_ARQ_COM_DIG,"Gestión de la Parrilla Editorial y Cronograma de Contenidos Digitales",PARRILLA_CONT,BAJA,120,240,480,4,8,99.90,Si
"Gestión e Implementación de la Estrategia Digital Integral",GEID,0813-2026,"2. Estrategia y Arquitectura de Comunicación Digital",ESTRAT_ARQ_COM_DIG,"Evaluación y Reporte de Alineación Estratégica",EVAL_ALIN,CRITICA,15,30,120,1,2,99.90,Si
"Gestión e Implementación de la Estrategia Digital Integral",GEID,0813-2026,"2. Estrategia y Arquitectura de Comunicación Digital",ESTRAT_ARQ_COM_DIG,"Evaluación y Reporte de Alineación Estratégica",EVAL_ALIN,ALTA,30,60,240,1,4,99.90,Si
"Gestión e Implementación de la Estrategia Digital Integral",GEID,0813-2026,"2. Estrategia y Arquitectura de Comunicación Digital",ESTRAT_ARQ_COM_DIG,"Evaluación y Reporte de Alineación Estratégica",EVAL_ALIN,MEDIA,60,120,360,2,6,99.90,Si
"Gestión e Implementación de la Estrategia Digital Integral",GEID,0813-2026,"2. Estrategia y Arquitectura de Comunicación Digital",ESTRAT_ARQ_COM_DIG,"Evaluación y Reporte de Alineación Estratégica",EVAL_ALIN,BAJA,120,240,480,4,8,99.90,Si
"Gestión e Implementación de la Estrategia Digital Integral",GEID,0813-2026,"3. Desarrollo, Operación y Mantenimiento Técnico Web",DES_OPER_MANT_WEB,"Desarrollo y Publicación de Sitios Web y Landings (HTML/CSS/JS)",DEV_PUB_SITIOS,CRITICA,15,30,120,1,2,99.90,Si
"Gestión e Implementación de la Estrategia Digital Integral",GEID,0813-2026,"3. Desarrollo, Operación y Mantenimiento Técnico Web",DES_OPER_MANT_WEB,"Desarrollo y Publicación de Sitios Web y Landings (HTML/CSS/JS)",DEV_PUB_SITIOS,ALTA,30,60,240,1,4,99.90,Si
"Gestión e Implementación de la Estrategia Digital Integral",GEID,0813-2026,"3. Desarrollo, Operación y Mantenimiento Técnico Web",DES_OPER_MANT_WEB,"Desarrollo y Publicación de Sitios Web y Landings (HTML/CSS/JS)",DEV_PUB_SITIOS,MEDIA,60,120,360,2,6,99.90,Si
"Gestión e Implementación de la Estrategia Digital Integral",GEID,0813-2026,"3. Desarrollo, Operación y Mantenimiento Técnico Web",DES_OPER_MANT_WEB,"Desarrollo y Publicación de Sitios Web y Landings (HTML/CSS/JS)",DEV_PUB_SITIOS,BAJA,120,240,480,4,8,99.90,Si
"Gestión e Implementación de la Estrategia Digital Integral",GEID,0813-2026,"3. Desarrollo, Operación y Mantenimiento Técnico Web",DES_OPER_MANT_WEB,"Mantenimiento Correctivo y Evolutivo del Portal Principal",MANT_PORTAL,CRITICA,15,30,120,1,2,99.90,Si
"Gestión e Implementación de la Estrategia Digital Integral",GEID,0813-2026,"3. Desarrollo, Operación y Mantenimiento Técnico Web",DES_OPER_MANT_WEB,"Mantenimiento Correctivo y Evolutivo del Portal Principal",MANT_PORTAL,ALTA,30,60,240,1,4,99.90,Si
"Gestión e Implementación de la Estrategia Digital Integral",GEID,0813-2026,"3. Desarrollo, Operación y Mantenimiento Técnico Web",DES_OPER_MANT_WEB,"Mantenimiento Correctivo y Evolutivo del Portal Principal",MANT_PORTAL,MEDIA,60,120,360,2,6,99.90,Si
"Gestión e Implementación de la Estrategia Digital Integral",GEID,0813-2026,"3. Desarrollo, Operación y Mantenimiento Técnico Web",DES_OPER_MANT_WEB,"Mantenimiento Correctivo y Evolutivo del Portal Principal",MANT_PORTAL,BAJA,120,240,480,4,8,99.90,Si
"Gestión e Implementación de la Estrategia Digital Integral",GEID,0813-2026,"3. Desarrollo, Operación y Mantenimiento Técnico Web",DES_OPER_MANT_WEB,"Gestión de Hospedaje, Dominios y Subdominios",HOST_DOM_SUB,CRITICA,15,30,120,1,2,99.90,Si
"Gestión e Implementación de la Estrategia Digital Integral",GEID,0813-2026,"3. Desarrollo, Operación y Mantenimiento Técnico Web",DES_OPER_MANT_WEB,"Gestión de Hospedaje, Dominios y Subdominios",HOST_DOM_SUB,ALTA,30,60,240,1,4,99.90,Si
"Gestión e Implementación de la Estrategia Digital Integral",GEID,0813-2026,"3. Desarrollo, Operación y Mantenimiento Técnico Web",DES_OPER_MANT_WEB,"Gestión de Hospedaje, Dominios y Subdominios",HOST_DOM_SUB,MEDIA,60,120,360,2,6,99.90,Si
"Gestión e Implementación de la Estrategia Digital Integral",GEID,0813-2026,"3. Desarrollo, Operación y Mantenimiento Técnico Web",DES_OPER_MANT_WEB,"Gestión de Hospedaje, Dominios y Subdominios",HOST_DOM_SUB,BAJA,120,240,480,4,8,99.90,Si
"Gestión e Implementación de la Estrategia Digital Integral",GEID,0813-2026,"3. Desarrollo, Operación y Mantenimiento Técnico Web",DES_OPER_MANT_WEB,"Desarrollo de Aplicativos Web Interactivos (Ej: Mapas de Datos)",APPS_INTERACT,CRITICA,15,30,120,1,2,99.90,Si
"Gestión e Implementación de la Estrategia Digital Integral",GEID,0813-2026,"3. Desarrollo, Operación y Mantenimiento Técnico Web",DES_OPER_MANT_WEB,"Desarrollo de Aplicativos Web Interactivos (Ej: Mapas de Datos)",APPS_INTERACT,ALTA,30,60,240,1,4,99.90,Si
"Gestión e Implementación de la Estrategia Digital Integral",GEID,0813-2026,"3. Desarrollo, Operación y Mantenimiento Técnico Web",DES_OPER_MANT_WEB,"Desarrollo de Aplicativos Web Interactivos (Ej: Mapas de Datos)",APPS_INTERACT,MEDIA,60,120,360,2,6,99.90,Si
"Gestión e Implementación de la Estrategia Digital Integral",GEID,0813-2026,"3. Desarrollo, Operación y Mantenimiento Técnico Web",DES_OPER_MANT_WEB,"Desarrollo de Aplicativos Web Interactivos (Ej: Mapas de Datos)",APPS_INTERACT,BAJA,120,240,480,4,8,99.90,Si
"Gestión e Implementación de la Estrategia Digital Integral",GEID,0813-2026,"4. Producción y Gestión Integral de Contenidos Digitales",PROD_GEST_INT_CONT_DIG,"Edición y Publicación de Contenidos en CMS y HTML",ED_PUB_CONT,CRITICA,15,30,120,1,2,99.90,Si
"Gestión e Implementación de la Estrategia Digital Integral",GEID,0813-2026,"4. Producción y Gestión Integral de Contenidos Digitales",PROD_GEST_INT_CONT_DIG,"Edición y Publicación de Contenidos en CMS y HTML",ED_PUB_CONT,ALTA,30,60,240,1,4,99.90,Si
"Gestión e Implementación de la Estrategia Digital Integral",GEID,0813-2026,"4. Producción y Gestión Integral de Contenidos Digitales",PROD_GEST_INT_CONT_DIG,"Edición y Publicación de Contenidos en CMS y HTML",ED_PUB_CONT,MEDIA,60,120,360,2,6,99.90,Si
"Gestión e Implementación de la Estrategia Digital Integral",GEID,0813-2026,"4. Producción y Gestión Integral de Contenidos Digitales",PROD_GEST_INT_CONT_DIG,"Edición y Publicación de Contenidos en CMS y HTML",ED_PUB_CONT,BAJA,120,240,480,4,8,99.90,Si
"Gestión e Implementación de la Estrategia Digital Integral",GEID,0813-2026,"4. Producción y Gestión Integral de Contenidos Digitales",PROD_GEST_INT_CONT_DIG,"Producción Multimedia y Cubrimiento de Eventos",PROD_MM_EVENT,CRITICA,15,30,120,1,2,99.90,Si
"Gestión e Implementación de la Estrategia Digital Integral",GEID,0813-2026,"4. Producción y Gestión Integral de Contenidos Digitales",PROD_GEST_INT_CONT_DIG,"Producción Multimedia y Cubrimiento de Eventos",PROD_MM_EVENT,ALTA,30,60,240,1,4,99.90,Si
"Gestión e Implementación de la Estrategia Digital Integral",GEID,0813-2026,"4. Producción y Gestión Integral de Contenidos Digitales",PROD_GEST_INT_CONT_DIG,"Producción Multimedia y Cubrimiento de Eventos",PROD_MM_EVENT,MEDIA,60,120,360,2,6,99.90,Si
"Gestión e Implementación de la Estrategia Digital Integral",GEID,0813-2026,"4. Producción y Gestión Integral de Contenidos Digitales",PROD_GEST_INT_CONT_DIG,"Producción Multimedia y Cubrimiento de Eventos",PROD_MM_EVENT,BAJA,120,240,480,4,8,99.90,Si
"Gestión e Implementación de la Estrategia Digital Integral",GEID,0813-2026,"4. Producción y Gestión Integral de Contenidos Digitales",PROD_GEST_INT_CONT_DIG,"Gestión de Redes Sociales Institucionales (Desde Perspectiva de Contenido Web)",REDES_WEB_CONT,CRITICA,15,30,120,1,2,99.90,Si
"Gestión e Implementación de la Estrategia Digital Integral",GEID,0813-2026,"4. Producción y Gestión Integral de Contenidos Digitales",PROD_GEST_INT_CONT_DIG,"Gestión de Redes Sociales Institucionales (Desde Perspectiva de Contenido Web)",REDES_WEB_CONT,ALTA,30,60,240,1,4,99.90,Si
"Gestión e Implementación de la Estrategia Digital Integral",GEID,0813-2026,"4. Producción y Gestión Integral de Contenidos Digitales",PROD_GEST_INT_CONT_DIG,"Gestión de Redes Sociales Institucionales (Desde Perspectiva de Contenido Web)",REDES_WEB_CONT,MEDIA,60,120,360,2,6,99.90,Si
"Gestión e Implementación de la Estrategia Digital Integral",GEID,0813-2026,"4. Producción y Gestión Integral de Contenidos Digitales",PROD_GEST_INT_CONT_DIG,"Gestión de Redes Sociales Institucionales (Desde Perspectiva de Contenido Web)",REDES_WEB_CONT,BAJA,120,240,480,4,8,99.90,Si
"Gestión e Implementación de la Estrategia Digital Integral",GEID,0813-2026,"4. Producción y Gestión Integral de Contenidos Digitales",PROD_GEST_INT_CONT_DIG,"Gestión del Archivo Digital y Repositorio de Activos",ARCH_REPO,CRITICA,15,30,120,1,2,99.90,Si
"Gestión e Implementación de la Estrategia Digital Integral",GEID,0813-2026,"4. Producción y Gestión Integral de Contenidos Digitales",PROD_GEST_INT_CONT_DIG,"Gestión del Archivo Digital y Repositorio de Activos",ARCH_REPO,ALTA,30,60,240,1,4,99.90,Si
"Gestión e Implementación de la Estrategia Digital Integral",GEID,0813-2026,"4. Producción y Gestión Integral de Contenidos Digitales",PROD_GEST_INT_CONT_DIG,"Gestión del Archivo Digital y Repositorio de Activos",ARCH_REPO,MEDIA,60,120,360,2,6,99.90,Si
"Gestión e Implementación de la Estrategia Digital Integral",GEID,0813-2026,"4. Producción y Gestión Integral de Contenidos Digitales",PROD_GEST_INT_CONT_DIG,"Gestión del Archivo Digital y Repositorio de Activos",ARCH_REPO,BAJA,120,240,480,4,8,99.90,Si
"Gestión e Implementación de la Estrategia Digital Integral",GEID,0813-2026,"5. Análisis, Métricas y Mejora Continua Digital",ANAL_MET_MEJ_CONT_DIG,"Análisis de Tráfico, Usabilidad y Comportamiento Web (Google Analytics, Heatmaps)",ANAL_TRAFF,CRITICA,15,30,120,1,2,99.90,Si
"Gestión e Implementación de la Estrategia Digital Integral",GEID,0813-2026,"5. Análisis, Métricas y Mejora Continua Digital",ANAL_MET_MEJ_CONT_DIG,"Análisis de Tráfico, Usabilidad y Comportamiento Web (Google Analytics, Heatmaps)",ANAL_TRAFF,ALTA,30,60,240,1,4,99.90,Si
"Gestión e Implementación de la Estrategia Digital Integral",GEID,0813-2026,"5. Análisis, Métricas y Mejora Continua Digital",ANAL_MET_MEJ_CONT_DIG,"Análisis de Tráfico, Usabilidad y Comportamiento Web (Google Analytics, Heatmaps)",ANAL_TRAFF,MEDIA,60,120,360,2,6,99.90,Si
"Gestión e Implementación de la Estrategia Digital Integral",GEID,0813-2026,"5. Análisis, Métricas y Mejora Continua Digital",ANAL_MET_MEJ_CONT_DIG,"Análisis de Tráfico, Usabilidad y Comportamiento Web (Google Analytics, Heatmaps)",ANAL_TRAFF,BAJA,120,240,480,4,8,99.90,Si
"Gestión e Implementación de la Estrategia Digital Integral",GEID,0813-2026,"5. Análisis, Métricas y Mejora Continua Digital",ANAL_MET_MEJ_CONT_DIG,"Medición de Desempeño de Contenidos y Campañas Digitales",MED_DESEMP,CRITICA,15,30,120,1,2,99.90,Si
"Gestión e Implementación de la Estrategia Digital Integral",GEID,0813-2026,"5. Análisis, Métricas y Mejora Continua Digital",ANAL_MET_MEJ_CONT_DIG,"Medición de Desempeño de Contenidos y Campañas Digitales",MED_DESEMP,ALTA,30,60,240,1,4,99.90,Si
"Gestión e Implementación de la Estrategia Digital Integral",GEID,0813-2026,"5. Análisis, Métricas y Mejora Continua Digital",ANAL_MET_MEJ_CONT_DIG,"Medición de Desempeño de Contenidos y Campañas Digitales",MED_DESEMP,MEDIA,60,120,360,2,6,99.90,Si
"Gestión e Implementación de la Estrategia Digital Integral",GEID,0813-2026,"5. Análisis, Métricas y Mejora Continua Digital",ANAL_MET_MEJ_CONT_DIG,"Medición de Desempeño de Contenidos y Campañas Digitales",MED_DESEMP,BAJA,120,240,480,4,8,99.90,Si
"Gestión e Implementación de la Estrategia Digital Integral",GEID,0813-2026,"5. Análisis, Métricas y Mejora Continua Digital",ANAL_MET_MEJ_CONT_DIG,"Pruebas de Usabilidad y Optimización (A/B Testing, SEO Técnico)",AB_SEO,CRITICA,15,30,120,1,2,99.90,Si
"Gestión e Implementación de la Estrategia Digital Integral",GEID,0813-2026,"5. Análisis, Métricas y Mejora Continua Digital",ANAL_MET_MEJ_CONT_DIG,"Pruebas de Usabilidad y Optimización (A/B Testing, SEO Técnico)",AB_SEO,ALTA,30,60,240,1,4,99.90,Si
"Gestión e Implementación de la Estrategia Digital Integral",GEID,0813-2026,"5. Análisis, Métricas y Mejora Continua Digital",ANAL_MET_MEJ_CONT_DIG,"Pruebas de Usabilidad y Optimización (A/B Testing, SEO Técnico)",AB_SEO,MEDIA,60,120,360,2,6,99.90,Si
"Gestión e Implementación de la Estrategia Digital Integral",GEID,0813-2026,"5. Análisis, Métricas y Mejora Continua Digital",ANAL_MET_MEJ_CONT_DIG,"Pruebas de Usabilidad y Optimización (A/B Testing, SEO Técnico)",AB_SEO,BAJA,120,240,480,4,8,99.90,Si
"Gestión e Implementación de la Estrategia Digital Integral",GEID,0813-2026,"5. Análisis, Métricas y Mejora Continua Digital",ANAL_MET_MEJ_CONT_DIG,"Generación de Reportes Integrales de Gestión Digital",REP_GEST_DIG,CRITICA,15,30,120,1,2,99.90,Si
"Gestión e Implementación de la Estrategia Digital Integral",GEID,0813-2026,"5. Análisis, Métricas y Mejora Continua Digital",ANAL_MET_MEJ_CONT_DIG,"Generación de Reportes Integrales de Gestión Digital",REP_GEST_DIG,ALTA,30,60,240,1,4,99.90,Si
"Gestión e Implementación de la Estrategia Digital Integral",GEID,0813-2026,"5. Análisis, Métricas y Mejora Continua Digital",ANAL_MET_MEJ_CONT_DIG,"Generación de Reportes Integrales de Gestión Digital",REP_GEST_DIG,MEDIA,60,120,360,2,6,99.90,Si
"Gestión e Implementación de la Estrategia Digital Integral",GEID,0813-2026,"5. Análisis, Métricas y Mejora Continua Digital",ANAL_MET_MEJ_CONT_DIG,"Generación de Reportes Integrales de Gestión Digital",REP_GEST_DIG,BAJA,120,240,480,4,8,99.90,Si
"Implementación de Estrategia de Gobierno Digital",CUL_F4_GOBIERNO_DIGITAL,0813-2026,"Gobierno Digital y Normatividad",CUL_SVC_GOBIERNO_DIGITAL,"Actualización de Sección de Transparencia",CUL_F4_ACT_TRANSPARENCIA,CRITICA,15,30,120,1,2,99.90,Si
"Implementación de Estrategia de Gobierno Digital",CUL_F4_GOBIERNO_DIGITAL,0813-2026,"Gobierno Digital y Normatividad",CUL_SVC_GOBIERNO_DIGITAL,"Actualización de Sección de Transparencia",CUL_F4_ACT_TRANSPARENCIA,ALTA,30,60,240,1,4,99.90,Si
"Implementación de Estrategia de Gobierno Digital",CUL_F4_GOBIERNO_DIGITAL,0813-2026,"Gobierno Digital y Normatividad",CUL_SVC_GOBIERNO_DIGITAL,"Actualización de Sección de Transparencia",CUL_F4_ACT_TRANSPARENCIA,MEDIA,60,120,360,2,6,99.90,Si
"Implementación de Estrategia de Gobierno Digital",CUL_F4_GOBIERNO_DIGITAL,0813-2026,"Gobierno Digital y Normatividad",CUL_SVC_GOBIERNO_DIGITAL,"Actualización de Sección de Transparencia",CUL_F4_ACT_TRANSPARENCIA,BAJA,120,240,480,4,8,99.90,Si
"Implementación de Estrategia de Gobierno Digital",CUL_F4_GOBIERNO_DIGITAL,0813-2026,"Gobierno Digital y Normatividad",CUL_SVC_GOBIERNO_DIGITAL,"Cumplimiento de accesibilidad y lineamientos de Gobierno Digital",CUL_F4_ACCESIBILIDAD,CRITICA,15,30,120,1,2,99.90,Si
"Implementación de Estrategia de Gobierno Digital",CUL_F4_GOBIERNO_DIGITAL,0813-2026,"Gobierno Digital y Normatividad",CUL_SVC_GOBIERNO_DIGITAL,"Cumplimiento de accesibilidad y lineamientos de Gobierno Digital",CUL_F4_ACCESIBILIDAD,ALTA,30,60,240,1,4,99.90,Si
"Implementación de Estrategia de Gobierno Digital",CUL_F4_GOBIERNO_DIGITAL,0813-2026,"Gobierno Digital y Normatividad",CUL_SVC_GOBIERNO_DIGITAL,"Cumplimiento de accesibilidad y lineamientos de Gobierno Digital",CUL_F4_ACCESIBILIDAD,MEDIA,60,120,360,2,6,99.90,Si
"Implementación de Estrategia de Gobierno Digital",CUL_F4_GOBIERNO_DIGITAL,0813-2026,"Gobierno Digital y Normatividad",CUL_SVC_GOBIERNO_DIGITAL,"Cumplimiento de accesibilidad y lineamientos de Gobierno Digital",CUL_F4_ACCESIBILIDAD,BAJA,120,240,480,4,8,99.90,Si
"Implementación de Estrategia de Gobierno Digital",CUL_F4_GOBIERNO_DIGITAL,0813-2026,"Gobierno Digital y Normatividad",CUL_SVC_GOBIERNO_DIGITAL,"Respuesta a requerimientos ITA y MIPG",CUL_F4_REQ_ITA_MIPG,CRITICA,15,30,120,1,2,99.90,Si
"Implementación de Estrategia de Gobierno Digital",CUL_F4_GOBIERNO_DIGITAL,0813-2026,"Gobierno Digital y Normatividad",CUL_SVC_GOBIERNO_DIGITAL,"Respuesta a requerimientos ITA y MIPG",CUL_F4_REQ_ITA_MIPG,ALTA,30,60,240,1,4,99.90,Si
"Implementación de Estrategia de Gobierno Digital",CUL_F4_GOBIERNO_DIGITAL,0813-2026,"Gobierno Digital y Normatividad",CUL_SVC_GOBIERNO_DIGITAL,"Respuesta a requerimientos ITA y MIPG",CUL_F4_REQ_ITA_MIPG,MEDIA,60,120,360,2,6,99.90,Si
"Implementación de Estrategia de Gobierno Digital",CUL_F4_GOBIERNO_DIGITAL,0813-2026,"Gobierno Digital y Normatividad",CUL_SVC_GOBIERNO_DIGITAL,"Respuesta a requerimientos ITA y MIPG",CUL_F4_REQ_ITA_MIPG,BAJA,120,240,480,4,8,99.90,Si
"Cubrimiento de Eventos y Actividades",CUL_F5_EVENTOS,0813-2026,"Cubrimiento Digital de Eventos",CUL_SVC_EVENTOS,"Creación de sitios y landings para eventos",CUL_F5_LANDING_EVENTOS,CRITICA,15,30,7200,1,2,99.90,Si
"Cubrimiento de Eventos y Actividades",CUL_F5_EVENTOS,0813-2026,"Cubrimiento Digital de Eventos",CUL_SVC_EVENTOS,"Creación de sitios y landings para eventos",CUL_F5_LANDING_EVENTOS,ALTA,30,60,14400,1,4,99.90,Si
"Cubrimiento de Eventos y Actividades",CUL_F5_EVENTOS,0813-2026,"Cubrimiento Digital de Eventos",CUL_SVC_EVENTOS,"Creación de sitios y landings para eventos",CUL_F5_LANDING_EVENTOS,MEDIA,60,120,28800,2,6,99.90,Si
"Cubrimiento de Eventos y Actividades",CUL_F5_EVENTOS,0813-2026,"Cubrimiento Digital de Eventos",CUL_SVC_EVENTOS,"Creación de sitios y landings para eventos",CUL_F5_LANDING_EVENTOS,BAJA,120,240,43200,4,8,99.90,Si
"Cubrimiento de Eventos y Actividades",CUL_F5_EVENTOS,0813-2026,"Cubrimiento Digital de Eventos",CUL_SVC_EVENTOS,"Actualización y publicación de contenidos de eventos",CUL_F5_CONT_EVENTOS,CRITICA,15,30,120,1,2,99.90,Si
"Cubrimiento de Eventos y Actividades",CUL_F5_EVENTOS,0813-2026,"Cubrimiento Digital de Eventos",CUL_SVC_EVENTOS,"Actualización y publicación de contenidos de eventos",CUL_F5_CONT_EVENTOS,ALTA,30,60,240,1,4,99.90,Si
"Cubrimiento de Eventos y Actividades",CUL_F5_EVENTOS,0813-2026,"Cubrimiento Digital de Eventos",CUL_SVC_EVENTOS,"Actualización y publicación de contenidos de eventos",CUL_F5_CONT_EVENTOS,MEDIA,60,120,360,2,6,99.90,Si
"Cubrimiento de Eventos y Actividades",CUL_F5_EVENTOS,0813-2026,"Cubrimiento Digital de Eventos",CUL_SVC_EVENTOS,"Actualización y publicación de contenidos de eventos",CUL_F5_CONT_EVENTOS,BAJA,120,240,480,4,8,99.90,Si
"Gestión de la Parrilla y Análisis de Contenidos Digitales",GPACD,0813-2026,"1. Diseño y Programación de la Parrilla Editorial Digital",DIS_PROG_PARRILLA_EDIT,"Diseño de la Arquitectura de Contenidos por Canal",ARQ_CONT_CANAL,CRITICA,15,30,120,1,2,99.90,Si
"Gestión de la Parrilla y Análisis de Contenidos Digitales",GPACD,0813-2026,"1. Diseño y Programación de la Parrilla Editorial Digital",DIS_PROG_PARRILLA_EDIT,"Diseño de la Arquitectura de Contenidos por Canal",ARQ_CONT_CANAL,ALTA,30,60,240,1,4,99.90,Si
"Gestión de la Parrilla y Análisis de Contenidos Digitales",GPACD,0813-2026,"1. Diseño y Programación de la Parrilla Editorial Digital",DIS_PROG_PARRILLA_EDIT,"Diseño de la Arquitectura de Contenidos por Canal",ARQ_CONT_CANAL,MEDIA,60,120,360,2,6,99.90,Si
"Gestión de la Parrilla y Análisis de Contenidos Digitales",GPACD,0813-2026,"1. Diseño y Programación de la Parrilla Editorial Digital",DIS_PROG_PARRILLA_EDIT,"Diseño de la Arquitectura de Contenidos por Canal",ARQ_CONT_CANAL,BAJA,120,240,480,4,8,99.90,Si
"Gestión de la Parrilla y Análisis de Contenidos Digitales",GPACD,0813-2026,"1. Diseño y Programación de la Parrilla Editorial Digital",DIS_PROG_PARRILLA_EDIT,"Programación Semanal/Mensual de Contenidos",PROG_CONT_SEM_MES,CRITICA,15,30,120,1,2,99.90,Si
"Gestión de la Parrilla y Análisis de Contenidos Digitales",GPACD,0813-2026,"1. Diseño y Programación de la Parrilla Editorial Digital",DIS_PROG_PARRILLA_EDIT,"Programación Semanal/Mensual de Contenidos",PROG_CONT_SEM_MES,ALTA,30,60,240,1,4,99.90,Si
"Gestión de la Parrilla y Análisis de Contenidos Digitales",GPACD,0813-2026,"1. Diseño y Programación de la Parrilla Editorial Digital",DIS_PROG_PARRILLA_EDIT,"Programación Semanal/Mensual de Contenidos",PROG_CONT_SEM_MES,MEDIA,60,120,360,2,6,99.90,Si
"Gestión de la Parrilla y Análisis de Contenidos Digitales",GPACD,0813-2026,"1. Diseño y Programación de la Parrilla Editorial Digital",DIS_PROG_PARRILLA_EDIT,"Programación Semanal/Mensual de Contenidos",PROG_CONT_SEM_MES,BAJA,120,240,480,4,8,99.90,Si
"Gestión de la Parrilla y Análisis de Contenidos Digitales",GPACD,0813-2026,"1. Diseño y Programación de la Parrilla Editorial Digital",DIS_PROG_PARRILLA_EDIT,"Gestión del Calendario Editorial Digital",CAL_EDIT_DIG,CRITICA,15,30,120,1,2,99.90,Si
"Gestión de la Parrilla y Análisis de Contenidos Digitales",GPACD,0813-2026,"1. Diseño y Programación de la Parrilla Editorial Digital",DIS_PROG_PARRILLA_EDIT,"Gestión del Calendario Editorial Digital",CAL_EDIT_DIG,ALTA,30,60,240,1,4,99.90,Si
"Gestión de la Parrilla y Análisis de Contenidos Digitales",GPACD,0813-2026,"1. Diseño y Programación de la Parrilla Editorial Digital",DIS_PROG_PARRILLA_EDIT,"Gestión del Calendario Editorial Digital",CAL_EDIT_DIG,MEDIA,60,120,360,2,6,99.90,Si
"Gestión de la Parrilla y Análisis de Contenidos Digitales",GPACD,0813-2026,"1. Diseño y Programación de la Parrilla Editorial Digital",DIS_PROG_PARRILLA_EDIT,"Gestión del Calendario Editorial Digital",CAL_EDIT_DIG,BAJA,120,240,480,4,8,99.90,Si
"Gestión de la Parrilla y Análisis de Contenidos Digitales",GPACD,0813-2026,"1. Diseño y Programación de la Parrilla Editorial Digital",DIS_PROG_PARRILLA_EDIT,"Ajuste de la Parrilla por Prioridades o Coyunturas",AJUSTE_PARRILLA,CRITICA,15,30,120,1,2,99.90,Si
"Gestión de la Parrilla y Análisis de Contenidos Digitales",GPACD,0813-2026,"1. Diseño y Programación de la Parrilla Editorial Digital",DIS_PROG_PARRILLA_EDIT,"Ajuste de la Parrilla por Prioridades o Coyunturas",AJUSTE_PARRILLA,ALTA,30,60,240,1,4,99.90,Si
"Gestión de la Parrilla y Análisis de Contenidos Digitales",GPACD,0813-2026,"1. Diseño y Programación de la Parrilla Editorial Digital",DIS_PROG_PARRILLA_EDIT,"Ajuste de la Parrilla por Prioridades o Coyunturas",AJUSTE_PARRILLA,MEDIA,60,120,360,2,6,99.90,Si
"Gestión de la Parrilla y Análisis de Contenidos Digitales",GPACD,0813-2026,"1. Diseño y Programación de la Parrilla Editorial Digital",DIS_PROG_PARRILLA_EDIT,"Ajuste de la Parrilla por Prioridades o Coyunturas",AJUSTE_PARRILLA,BAJA,120,240,480,4,8,99.90,Si
"Gestión de la Parrilla y Análisis de Contenidos Digitales",GPACD,0813-2026,"Cubrimiento de Eventos y Actividades",CUL_EVENTOS,"Creación de sitios y landings para eventos",CUL_LANDING_EVENTOS,CRITICA,15,30,120,1,2,99.90,Si
"Gestión de la Parrilla y Análisis de Contenidos Digitales",GPACD,0813-2026,"Cubrimiento de Eventos y Actividades",CUL_EVENTOS,"Creación de sitios y landings para eventos",CUL_LANDING_EVENTOS,ALTA,30,60,240,1,4,99.90,Si
"Gestión de la Parrilla y Análisis de Contenidos Digitales",GPACD,0813-2026,"Cubrimiento de Eventos y Actividades",CUL_EVENTOS,"Creación de sitios y landings para eventos",CUL_LANDING_EVENTOS,MEDIA,60,120,360,2,6,99.90,Si
"Gestión de la Parrilla y Análisis de Contenidos Digitales",GPACD,0813-2026,"Cubrimiento de Eventos y Actividades",CUL_EVENTOS,"Creación de sitios y landings para eventos",CUL_LANDING_EVENTOS,BAJA,120,240,480,4,8,99.90,Si
"Gestión de la Parrilla y Análisis de Contenidos Digitales",GPACD,0813-2026,"Cubrimiento de Eventos y Actividades",CUL_EVENTOS,"Actualización y publicación de contenidos de eventos",CUL_CONT_EVENTOS,CRITICA,15,30,120,1,2,99.90,Si
"Gestión de la Parrilla y Análisis de Contenidos Digitales",GPACD,0813-2026,"Cubrimiento de Eventos y Actividades",CUL_EVENTOS,"Actualización y publicación de contenidos de eventos",CUL_CONT_EVENTOS,ALTA,30,60,240,1,4,99.90,Si
"Gestión de la Parrilla y Análisis de Contenidos Digitales",GPACD,0813-2026,"Cubrimiento de Eventos y Actividades",CUL_EVENTOS,"Actualización y publicación de contenidos de eventos",CUL_CONT_EVENTOS,MEDIA,60,120,360,2,6,99.90,Si
"Gestión de la Parrilla y Análisis de Contenidos Digitales",GPACD,0813-2026,"Cubrimiento de Eventos y Actividades",CUL_EVENTOS,"Actualización y publicación de contenidos de eventos",CUL_CONT_EVENTOS,BAJA,120,240,480,4,8,99.90,Si
"Gestión de la Parrilla y Análisis de Contenidos Digitales",GPACD,0813-2026,"2. Registro y Sistematización de Publicaciones",REG_SIST_PUBLIC,"Registro Diario de Publicaciones por Canal",REG_DIARIO_CANAL,CRITICA,15,30,120,1,2,99.90,Si
"Gestión de la Parrilla y Análisis de Contenidos Digitales",GPACD,0813-2026,"2. Registro y Sistematización de Publicaciones",REG_SIST_PUBLIC,"Registro Diario de Publicaciones por Canal",REG_DIARIO_CANAL,ALTA,30,60,240,1,4,99.90,Si
"Gestión de la Parrilla y Análisis de Contenidos Digitales",GPACD,0813-2026,"2. Registro y Sistematización de Publicaciones",REG_SIST_PUBLIC,"Registro Diario de Publicaciones por Canal",REG_DIARIO_CANAL,MEDIA,60,120,360,2,6,99.90,Si
"Gestión de la Parrilla y Análisis de Contenidos Digitales",GPACD,0813-2026,"2. Registro y Sistematización de Publicaciones",REG_SIST_PUBLIC,"Registro Diario de Publicaciones por Canal",REG_DIARIO_CANAL,BAJA,120,240,480,4,8,99.90,Si
"Gestión de la Parrilla y Análisis de Contenidos Digitales",GPACD,0813-2026,"2. Registro y Sistematización de Publicaciones",REG_SIST_PUBLIC,"Catalogación y Etiquetado de Contenidos",CAT_ETIQ_CONT,CRITICA,15,30,120,1,2,99.90,Si
"Gestión de la Parrilla y Análisis de Contenidos Digitales",GPACD,0813-2026,"2. Registro y Sistematización de Publicaciones",REG_SIST_PUBLIC,"Catalogación y Etiquetado de Contenidos",CAT_ETIQ_CONT,ALTA,30,60,240,1,4,99.90,Si
"Gestión de la Parrilla y Análisis de Contenidos Digitales",GPACD,0813-2026,"2. Registro y Sistematización de Publicaciones",REG_SIST_PUBLIC,"Catalogación y Etiquetado de Contenidos",CAT_ETIQ_CONT,MEDIA,60,120,360,2,6,99.90,Si
"Gestión de la Parrilla y Análisis de Contenidos Digitales",GPACD,0813-2026,"2. Registro y Sistematización de Publicaciones",REG_SIST_PUBLIC,"Catalogación y Etiquetado de Contenidos",CAT_ETIQ_CONT,BAJA,120,240,480,4,8,99.90,Si
"Gestión de la Parrilla y Análisis de Contenidos Digitales",GPACD,0813-2026,"2. Registro y Sistematización de Publicaciones",REG_SIST_PUBLIC,"Mantenimiento del Inventario Digital de Contenidos",INV_DIG_CONT,CRITICA,15,30,120,1,2,99.90,Si
"Gestión de la Parrilla y Análisis de Contenidos Digitales",GPACD,0813-2026,"2. Registro y Sistematización de Publicaciones",REG_SIST_PUBLIC,"Mantenimiento del Inventario Digital de Contenidos",INV_DIG_CONT,ALTA,30,60,240,1,4,99.90,Si
"Gestión de la Parrilla y Análisis de Contenidos Digitales",GPACD,0813-2026,"2. Registro y Sistematización de Publicaciones",REG_SIST_PUBLIC,"Mantenimiento del Inventario Digital de Contenidos",INV_DIG_CONT,MEDIA,60,120,360,2,6,99.90,Si
"Gestión de la Parrilla y Análisis de Contenidos Digitales",GPACD,0813-2026,"2. Registro y Sistematización de Publicaciones",REG_SIST_PUBLIC,"Mantenimiento del Inventario Digital de Contenidos",INV_DIG_CONT,BAJA,120,240,480,4,8,99.90,Si
"Gestión de la Parrilla y Análisis de Contenidos Digitales",GPACD,0813-2026,"2. Registro y Sistematización de Publicaciones",REG_SIST_PUBLIC,"Validación de Consistencia entre Parrilla y Publicaciones",VALID_PARRILLA,CRITICA,15,30,120,1,2,99.90,Si
"Gestión de la Parrilla y Análisis de Contenidos Digitales",GPACD,0813-2026,"2. Registro y Sistematización de Publicaciones",REG_SIST_PUBLIC,"Validación de Consistencia entre Parrilla y Publicaciones",VALID_PARRILLA,ALTA,30,60,240,1,4,99.90,Si
"Gestión de la Parrilla y Análisis de Contenidos Digitales",GPACD,0813-2026,"2. Registro y Sistematización de Publicaciones",REG_SIST_PUBLIC,"Validación de Consistencia entre Parrilla y Publicaciones",VALID_PARRILLA,MEDIA,60,120,360,2,6,99.90,Si
"Gestión de la Parrilla y Análisis de Contenidos Digitales",GPACD,0813-2026,"2. Registro y Sistematización de Publicaciones",REG_SIST_PUBLIC,"Validación de Consistencia entre Parrilla y Publicaciones",VALID_PARRILLA,BAJA,120,240,480,4,8,99.90,Si
"Gestión de la Parrilla y Análisis de Contenidos Digitales",GPACD,0813-2026,"3. Análisis de Desempeño y Métricas de Contenidos",ANAL_METRIC_CONT,"Generación de Reportes de Estadísticas Básicas",REP_EST_BAS,CRITICA,15,30,120,1,2,99.90,Si
"Gestión de la Parrilla y Análisis de Contenidos Digitales",GPACD,0813-2026,"3. Análisis de Desempeño y Métricas de Contenidos",ANAL_METRIC_CONT,"Generación de Reportes de Estadísticas Básicas",REP_EST_BAS,ALTA,30,60,240,1,4,99.90,Si
"Gestión de la Parrilla y Análisis de Contenidos Digitales",GPACD,0813-2026,"3. Análisis de Desempeño y Métricas de Contenidos",ANAL_METRIC_CONT,"Generación de Reportes de Estadísticas Básicas",REP_EST_BAS,MEDIA,60,120,360,2,6,99.90,Si
"Gestión de la Parrilla y Análisis de Contenidos Digitales",GPACD,0813-2026,"3. Análisis de Desempeño y Métricas de Contenidos",ANAL_METRIC_CONT,"Generación de Reportes de Estadísticas Básicas",REP_EST_BAS,BAJA,120,240,480,4,8,99.90,Si
"Gestión de la Parrilla y Análisis de Contenidos Digitales",GPACD,0813-2026,"3. Análisis de Desempeño y Métricas de Contenidos",ANAL_METRIC_CONT,"Análisis de Temáticas y Formatos más Efectivos",ANAL_TEM_FORM,CRITICA,15,30,120,1,2,99.90,Si
"Gestión de la Parrilla y Análisis de Contenidos Digitales",GPACD,0813-2026,"3. Análisis de Desempeño y Métricas de Contenidos",ANAL_METRIC_CONT,"Análisis de Temáticas y Formatos más Efectivos",ANAL_TEM_FORM,ALTA,30,60,240,1,4,99.90,Si
"Gestión de la Parrilla y Análisis de Contenidos Digitales",GPACD,0813-2026,"3. Análisis de Desempeño y Métricas de Contenidos",ANAL_METRIC_CONT,"Análisis de Temáticas y Formatos más Efectivos",ANAL_TEM_FORM,MEDIA,60,120,360,2,6,99.90,Si
"Gestión de la Parrilla y Análisis de Contenidos Digitales",GPACD,0813-2026,"3. Análisis de Desempeño y Métricas de Contenidos",ANAL_METRIC_CONT,"Análisis de Temáticas y Formatos más Efectivos",ANAL_TEM_FORM,BAJA,120,240,480,4,8,99.90,Si
"Gestión de la Parrilla y Análisis de Contenidos Digitales",GPACD,0813-2026,"3. Análisis de Desempeño y Métricas de Contenidos",ANAL_METRIC_CONT,"Reporte de Desempeño por Área o Dependencia Solicitante",REP_AREA_DEP,CRITICA,15,30,120,1,2,99.90,Si
"Gestión de la Parrilla y Análisis de Contenidos Digitales",GPACD,0813-2026,"3. Análisis de Desempeño y Métricas de Contenidos",ANAL_METRIC_CONT,"Reporte de Desempeño por Área o Dependencia Solicitante",REP_AREA_DEP,ALTA,30,60,240,1,4,99.90,Si
"Gestión de la Parrilla y Análisis de Contenidos Digitales",GPACD,0813-2026,"3. Análisis de Desempeño y Métricas de Contenidos",ANAL_METRIC_CONT,"Reporte de Desempeño por Área o Dependencia Solicitante",REP_AREA_DEP,MEDIA,60,120,360,2,6,99.90,Si
"Gestión de la Parrilla y Análisis de Contenidos Digitales",GPACD,0813-2026,"3. Análisis de Desempeño y Métricas de Contenidos",ANAL_METRIC_CONT,"Reporte de Desempeño por Área o Dependencia Solicitante",REP_AREA_DEP,BAJA,120,240,480,4,8,99.90,Si
"Gestión de la Parrilla y Análisis de Contenidos Digitales",GPACD,0813-2026,"3. Análisis de Desempeño y Métricas de Contenidos",ANAL_METRIC_CONT,"Monitoreo de Tendencias y Comportamiento de Audiencia",MON_TEND_AUD,CRITICA,15,30,120,1,2,99.90,Si
"Gestión de la Parrilla y Análisis de Contenidos Digitales",GPACD,0813-2026,"3. Análisis de Desempeño y Métricas de Contenidos",ANAL_METRIC_CONT,"Monitoreo de Tendencias y Comportamiento de Audiencia",MON_TEND_AUD,ALTA,30,60,240,1,4,99.90,Si
"Gestión de la Parrilla y Análisis de Contenidos Digitales",GPACD,0813-2026,"3. Análisis de Desempeño y Métricas de Contenidos",ANAL_METRIC_CONT,"Monitoreo de Tendencias y Comportamiento de Audiencia",MON_TEND_AUD,MEDIA,60,120,360,2,6,99.90,Si
"Gestión de la Parrilla y Análisis de Contenidos Digitales",GPACD,0813-2026,"3. Análisis de Desempeño y Métricas de Contenidos",ANAL_METRIC_CONT,"Monitoreo de Tendencias y Comportamiento de Audiencia",MON_TEND_AUD,BAJA,120,240,480,4,8,99.90,Si
"Gestión de la Parrilla y Análisis de Contenidos Digitales",GPACD,0813-2026,"4. Optimización y Recomendaciones Estratégicas",OPT_REC_ESTRAT_CONT,"Elaboración de Informes Ejecutivos de Resultados",INF_EJEC_RES,CRITICA,15,30,120,1,2,99.90,Si
"Gestión de la Parrilla y Análisis de Contenidos Digitales",GPACD,0813-2026,"4. Optimización y Recomendaciones Estratégicas",OPT_REC_ESTRAT_CONT,"Elaboración de Informes Ejecutivos de Resultados",INF_EJEC_RES,ALTA,30,60,240,1,4,99.90,Si
"Gestión de la Parrilla y Análisis de Contenidos Digitales",GPACD,0813-2026,"4. Optimización y Recomendaciones Estratégicas",OPT_REC_ESTRAT_CONT,"Elaboración de Informes Ejecutivos de Resultados",INF_EJEC_RES,MEDIA,60,120,360,2,6,99.90,Si
"Gestión de la Parrilla y Análisis de Contenidos Digitales",GPACD,0813-2026,"4. Optimización y Recomendaciones Estratégicas",OPT_REC_ESTRAT_CONT,"Elaboración de Informes Ejecutivos de Resultados",INF_EJEC_RES,BAJA,120,240,480,4,8,99.90,Si
"Gestión de la Parrilla y Análisis de Contenidos Digitales",GPACD,0813-2026,"4. Optimización y Recomendaciones Estratégicas",OPT_REC_ESTRAT_CONT,"Propuestas de Ajuste a la Estrategia de Contenidos",PROP_AJUSTE,CRITICA,15,30,120,1,2,99.90,Si
"Gestión de la Parrilla y Análisis de Contenidos Digitales",GPACD,0813-2026,"4. Optimización y Recomendaciones Estratégicas",OPT_REC_ESTRAT_CONT,"Propuestas de Ajuste a la Estrategia de Contenidos",PROP_AJUSTE,ALTA,30,60,240,1,4,99.90,Si
"Gestión de la Parrilla y Análisis de Contenidos Digitales",GPACD,0813-2026,"4. Optimización y Recomendaciones Estratégicas",OPT_REC_ESTRAT_CONT,"Propuestas de Ajuste a la Estrategia de Contenidos",PROP_AJUSTE,MEDIA,60,120,360,2,6,99.90,Si
"Gestión de la Parrilla y Análisis de Contenidos Digitales",GPACD,0813-2026,"4. Optimización y Recomendaciones Estratégicas",OPT_REC_ESTRAT_CONT,"Propuestas de Ajuste a la Estrategia de Contenidos",PROP_AJUSTE,BAJA,120,240,480,4,8,99.90,Si
"Gestión de la Parrilla y Análisis de Contenidos Digitales",GPACD,0813-2026,"4. Optimización y Recomendaciones Estratégicas",OPT_REC_ESTRAT_CONT,"Soporte para la Toma de Decisiones Comunicacionales",SOP_DEC_COM,CRITICA,15,30,120,1,2,99.90,Si
"Gestión de la Parrilla y Análisis de Contenidos Digitales",GPACD,0813-2026,"4. Optimización y Recomendaciones Estratégicas",OPT_REC_ESTRAT_CONT,"Soporte para la Toma de Decisiones Comunicacionales",SOP_DEC_COM,ALTA,30,60,240,1,4,99.90,Si
"Gestión de la Parrilla y Análisis de Contenidos Digitales",GPACD,0813-2026,"4. Optimización y Recomendaciones Estratégicas",OPT_REC_ESTRAT_CONT,"Soporte para la Toma de Decisiones Comunicacionales",SOP_DEC_COM,MEDIA,60,120,360,2,6,99.90,Si
"Gestión de la Parrilla y Análisis de Contenidos Digitales",GPACD,0813-2026,"4. Optimización y Recomendaciones Estratégicas",OPT_REC_ESTRAT_CONT,"Soporte para la Toma de Decisiones Comunicacionales",SOP_DEC_COM,BAJA,120,240,480,4,8,99.90,Si
"Gestión de la Parrilla y Análisis de Contenidos Digitales",GPACD,0813-2026,"4. Optimización y Recomendaciones Estratégicas",OPT_REC_ESTRAT_CONT,"Retroalimentación a Creadores de Contenido y Áreas",RETRO_CONT,CRITICA,15,30,120,1,2,99.90,Si
"Gestión de la Parrilla y Análisis de Contenidos Digitales",GPACD,0813-2026,"4. Optimización y Recomendaciones Estratégicas",OPT_REC_ESTRAT_CONT,"Retroalimentación a Creadores de Contenido y Áreas",RETRO_CONT,ALTA,30,60,240,1,4,99.90,Si
"Gestión de la Parrilla y Análisis de Contenidos Digitales",GPACD,0813-2026,"4. Optimización y Recomendaciones Estratégicas",OPT_REC_ESTRAT_CONT,"Retroalimentación a Creadores de Contenido y Áreas",RETRO_CONT,MEDIA,60,120,360,2,6,99.90,Si
"Gestión de la Parrilla y Análisis de Contenidos Digitales",GPACD,0813-2026,"4. Optimización y Recomendaciones Estratégicas",OPT_REC_ESTRAT_CONT,"Retroalimentación a Creadores de Contenido y Áreas",RETRO_CONT,BAJA,120,240,480,4,8,99.90,Si
"Cubrimiento y Registro de Eventos",CRE,0813-2026,"Planificación y Logística para Cubrimiento de Eventos",PLAN_LOG_C,"Checklist Pre-Evento y Confirmación",CHEPREYCON,,,,,,,,No
"Cubrimiento y Registro de Eventos",CRE,0813-2026,"Planificación y Logística para Cubrimiento de Eventos",PLAN_LOG_C,"Coordinación de Agenda y Requerimientos del Evento",COODEAGEYR,,,,,,,,No
"Cubrimiento y Registro de Eventos",CRE,0813-2026,"Planificación y Logística para Cubrimiento de Eventos",PLAN_LOG_C,"Logística de Desplazamiento y Montaje",LOGDEDESYM,,,,,,,,No
"Cubrimiento y Registro de Eventos",CRE,0813-2026,"Planificación y Logística para Cubrimiento de Eventos",PLAN_LOG_C,"Planificación Técnica y de Equipos",PLATCNYDEE,,,,,,,,No
"Cubrimiento y Registro de Eventos",CRE,0813-2026,"Reuniones de Estrategia Digital",CUL_REUNIONES,"Reuniones de seguimiento con supervisión",CUL_REUNION_SUPER,CRITICA,15,30,120,1,2,99.90,Si
"Cubrimiento y Registro de Eventos",CRE,0813-2026,"Reuniones de Estrategia Digital",CUL_REUNIONES,"Reuniones de seguimiento con supervisión",CUL_REUNION_SUPER,ALTA,30,60,240,1,4,99.90,Si
"Cubrimiento y Registro de Eventos",CRE,0813-2026,"Reuniones de Estrategia Digital",CUL_REUNIONES,"Reuniones de seguimiento con supervisión",CUL_REUNION_SUPER,MEDIA,60,120,360,2,6,99.90,Si
"Cubrimiento y Registro de Eventos",CRE,0813-2026,"Reuniones de Estrategia Digital",CUL_REUNIONES,"Reuniones de seguimiento con supervisión",CUL_REUNION_SUPER,BAJA,120,240,480,4,8,99.90,Si
"Cubrimiento y Registro de Eventos",CRE,0813-2026,"Reuniones de Estrategia Digital",CUL_REUNIONES,"Reuniones de validación y concepto con áreas",CUL_REUNION_VALID,CRITICA,15,30,120,1,2,99.90,Si
"Cubrimiento y Registro de Eventos",CRE,0813-2026,"Reuniones de Estrategia Digital",CUL_REUNIONES,"Reuniones de validación y concepto con áreas",CUL_REUNION_VALID,ALTA,30,60,240,1,4,99.90,Si
"Cubrimiento y Registro de Eventos",CRE,0813-2026,"Reuniones de Estrategia Digital",CUL_REUNIONES,"Reuniones de validación y concepto con áreas",CUL_REUNION_VALID,MEDIA,60,120,360,2,6,99.90,Si
"Cubrimiento y Registro de Eventos",CRE,0813-2026,"Reuniones de Estrategia Digital",CUL_REUNIONES,"Reuniones de validación y concepto con áreas",CUL_REUNION_VALID,BAJA,120,240,480,4,8,99.90,Si
"Cubrimiento y Registro de Eventos",CRE,0813-2026,"Reuniones de Estrategia Digital",CUL_REUNIONES,"Mesas técnicas para renovación de contenidos",CUL_MESA_TECNICA,CRITICA,15,30,120,1,2,99.90,Si
"Cubrimiento y Registro de Eventos",CRE,0813-2026,"Reuniones de Estrategia Digital",CUL_REUNIONES,"Mesas técnicas para renovación de contenidos",CUL_MESA_TECNICA,ALTA,30,60,240,1,4,99.90,Si
"Cubrimiento y Registro de Eventos",CRE,0813-2026,"Reuniones de Estrategia Digital",CUL_REUNIONES,"Mesas técnicas para renovación de contenidos",CUL_MESA_TECNICA,MEDIA,60,120,360,2,6,99.90,Si
"Cubrimiento y Registro de Eventos",CRE,0813-2026,"Reuniones de Estrategia Digital",CUL_REUNIONES,"Mesas técnicas para renovación de contenidos",CUL_MESA_TECNICA,BAJA,120,240,480,4,8,99.90,Si
"Cubrimiento y Registro de Eventos",CRE,0813-2026,"Ejecución y Registro en Vivo de Eventos",EJEC_REG_V,"Cobertura para Redes Sociales en Tiempo Real",COBPARREDS,CRITICA,15,30,120,1,2,99.90,Si
"Cubrimiento y Registro de Eventos",CRE,0813-2026,"Ejecución y Registro en Vivo de Eventos",EJEC_REG_V,"Cobertura para Redes Sociales en Tiempo Real",COBPARREDS,ALTA,30,60,240,1,4,99.90,Si
"Cubrimiento y Registro de Eventos",CRE,0813-2026,"Ejecución y Registro en Vivo de Eventos",EJEC_REG_V,"Cobertura para Redes Sociales en Tiempo Real",COBPARREDS,MEDIA,60,120,360,2,6,99.90,Si
"Cubrimiento y Registro de Eventos",CRE,0813-2026,"Ejecución y Registro en Vivo de Eventos",EJEC_REG_V,"Cobertura para Redes Sociales en Tiempo Real",COBPARREDS,BAJA,120,240,480,4,8,99.90,Si
"Cubrimiento y Registro de Eventos",CRE,0813-2026,"Ejecución y Registro en Vivo de Eventos",EJEC_REG_V,"Grabación de Video y Audio",GRADEVIDYA,,,,,,,,No
"Cubrimiento y Registro de Eventos",CRE,0813-2026,"Ejecución y Registro en Vivo de Eventos",EJEC_REG_V,"Registro de Notas y Minutas en Vivo",REGDENOTYM,,,,,,,,No
"Cubrimiento y Registro de Eventos",CRE,0813-2026,"Ejecución y Registro en Vivo de Eventos",EJEC_REG_V,"Registro Fotográfico Institucional",REGFOTINS,,,,,,,,No
"Cubrimiento y Registro de Eventos",CRE,0813-2026,"Soporte Adicional y Gestión de Imprevistos",SOP_ADIC_G,"Cubrimiento de Eventos no Programados o Emergentes",CUBDEEVENO,,,,,,,,No
"Cubrimiento y Registro de Eventos",CRE,0813-2026,"Soporte Adicional y Gestión de Imprevistos",SOP_ADIC_G,"Gestión de Cambios de Última Hora",GESDECAMDE,,,,,,,,No
"Cubrimiento y Registro de Eventos",CRE,0813-2026,"Soporte Adicional y Gestión de Imprevistos",SOP_ADIC_G,"Reporte Post-Evento y Lecciones Aprendidas",REPPOSYLEC,,,,,,,,No
"Cubrimiento y Registro de Eventos",CRE,0813-2026,"Soporte Adicional y Gestión de Imprevistos",SOP_ADIC_G,"Soporte Técnico y Resolución de Problemas en Sitio",SOPTCNYRES,,,,,,,,No
"Reuniones de Estrategia de Comunicación Digital",CUL_F6_REUNIONES,0813-2026,"Reuniones de Estrategia Digital",CUL_SVC_REUNIONES,"Reuniones de seguimiento con supervisión",CUL_F6_REUNION_SUPER,CRITICA,15,30,120,1,2,99.90,Si
"Reuniones de Estrategia de Comunicación Digital",CUL_F6_REUNIONES,0813-2026,"Reuniones de Estrategia Digital",CUL_SVC_REUNIONES,"Reuniones de seguimiento con supervisión",CUL_F6_REUNION_SUPER,ALTA,30,60,240,1,4,99.90,Si
"Reuniones de Estrategia de Comunicación Digital",CUL_F6_REUNIONES,0813-2026,"Reuniones de Estrategia Digital",CUL_SVC_REUNIONES,"Reuniones de seguimiento con supervisión",CUL_F6_REUNION_SUPER,MEDIA,60,120,360,2,6,99.90,Si
"Reuniones de Estrategia de Comunicación Digital",CUL_F6_REUNIONES,0813-2026,"Reuniones de Estrategia Digital",CUL_SVC_REUNIONES,"Reuniones de seguimiento con supervisión",CUL_F6_REUNION_SUPER,BAJA,120,240,480,4,8,99.90,Si
"Reuniones de Estrategia de Comunicación Digital",CUL_F6_REUNIONES,0813-2026,"Reuniones de Estrategia Digital",CUL_SVC_REUNIONES,"Reuniones de validación y concepto con áreas",CUL_F6_REUNION_VALID,CRITICA,15,30,120,1,2,99.90,Si
"Reuniones de Estrategia de Comunicación Digital",CUL_F6_REUNIONES,0813-2026,"Reuniones de Estrategia Digital",CUL_SVC_REUNIONES,"Reuniones de validación y concepto con áreas",CUL_F6_REUNION_VALID,ALTA,30,60,240,1,4,99.90,Si
"Reuniones de Estrategia de Comunicación Digital",CUL_F6_REUNIONES,0813-2026,"Reuniones de Estrategia Digital",CUL_SVC_REUNIONES,"Reuniones de validación y concepto con áreas",CUL_F6_REUNION_VALID,MEDIA,60,120,360,2,6,99.90,Si
"Reuniones de Estrategia de Comunicación Digital",CUL_F6_REUNIONES,0813-2026,"Reuniones de Estrategia Digital",CUL_SVC_REUNIONES,"Reuniones de validación y concepto con áreas",CUL_F6_REUNION_VALID,BAJA,120,240,480,4,8,99.90,Si
"Reuniones de Estrategia de Comunicación Digital",CUL_F6_REUNIONES,0813-2026,"Reuniones de Estrategia Digital",CUL_SVC_REUNIONES,"Mesas técnicas para renovación de contenidos",CUL_F6_MESA_TECNICA,CRITICA,15,30,120,1,2,99.90,Si
"Reuniones de Estrategia de Comunicación Digital",CUL_F6_REUNIONES,0813-2026,"Reuniones de Estrategia Digital",CUL_SVC_REUNIONES,"Mesas técnicas para renovación de contenidos",CUL_F6_MESA_TECNICA,ALTA,30,60,240,1,4,99.90,Si
"Reuniones de Estrategia de Comunicación Digital",CUL_F6_REUNIONES,0813-2026,"Reuniones de Estrategia Digital",CUL_SVC_REUNIONES,"Mesas técnicas para renovación de contenidos",CUL_F6_MESA_TECNICA,MEDIA,60,120,360,2,6,99.90,Si
"Reuniones de Estrategia de Comunicación Digital",CUL_F6_REUNIONES,0813-2026,"Reuniones de Estrategia Digital",CUL_SVC_REUNIONES,"Mesas técnicas para renovación de contenidos",CUL_F6_MESA_TECNICA,BAJA,120,240,480,4,8,99.90,Si
"Actividades de Soporte y Tareas Conexas del Contrato",ASTC,0813-2026,"Confidencialidad de Información",CUL_CONFIDENCIALIDAD,"Custodia y gestión de información reservada",CUL_CUSTODIA_INFO,CRITICA,15,30,120,1,2,99.90,Si
"Actividades de Soporte y Tareas Conexas del Contrato",ASTC,0813-2026,"Confidencialidad de Información",CUL_CONFIDENCIALIDAD,"Custodia y gestión de información reservada",CUL_CUSTODIA_INFO,ALTA,30,60,240,1,4,99.90,Si
"Actividades de Soporte y Tareas Conexas del Contrato",ASTC,0813-2026,"Confidencialidad de Información",CUL_CONFIDENCIALIDAD,"Custodia y gestión de información reservada",CUL_CUSTODIA_INFO,MEDIA,60,120,360,2,6,99.90,Si
"Actividades de Soporte y Tareas Conexas del Contrato",ASTC,0813-2026,"Confidencialidad de Información",CUL_CONFIDENCIALIDAD,"Custodia y gestión de información reservada",CUL_CUSTODIA_INFO,BAJA,120,240,480,4,8,99.90,Si
"Actividades de Soporte y Tareas Conexas del Contrato",ASTC,0813-2026,"Confidencialidad de Información",CUL_CONFIDENCIALIDAD,"Informe de cumplimiento de confidencialidad",CUL_INF_CONFIDENCIAL,CRITICA,15,30,120,1,2,99.90,Si
"Actividades de Soporte y Tareas Conexas del Contrato",ASTC,0813-2026,"Confidencialidad de Información",CUL_CONFIDENCIALIDAD,"Informe de cumplimiento de confidencialidad",CUL_INF_CONFIDENCIAL,ALTA,30,60,240,1,4,99.90,Si
"Actividades de Soporte y Tareas Conexas del Contrato",ASTC,0813-2026,"Confidencialidad de Información",CUL_CONFIDENCIALIDAD,"Informe de cumplimiento de confidencialidad",CUL_INF_CONFIDENCIAL,MEDIA,60,120,360,2,6,99.90,Si
"Actividades de Soporte y Tareas Conexas del Contrato",ASTC,0813-2026,"Confidencialidad de Información",CUL_CONFIDENCIALIDAD,"Informe de cumplimiento de confidencialidad",CUL_INF_CONFIDENCIAL,BAJA,120,240,480,4,8,99.90,Si
"Actividades de Soporte y Tareas Conexas del Contrato",ASTC,0813-2026,"Gestión de Requerimientos Adicionales y No Catalogados",GEST_REQ_A,"Ejecución de Tareas Administrativas Conexas",EJEDETARAD,,,,,,,,No
"Actividades de Soporte y Tareas Conexas del Contrato",ASTC,0813-2026,"Gestión de Requerimientos Adicionales y No Catalogados",GEST_REQ_A,"Ejecución de Tareas Técnicas o Digitales Específicas",EJEDETARTC,,,,,,,,No
"Actividades de Soporte y Tareas Conexas del Contrato",ASTC,0813-2026,"Gestión de Requerimientos Adicionales y No Catalogados",GEST_REQ_A,"Entrega de Productos o Reportes bajo Demanda",ENTDEPROOR,,,,,,,,No
"Actividades de Soporte y Tareas Conexas del Contrato",ASTC,0813-2026,"Gestión de Requerimientos Adicionales y No Catalogados",GEST_REQ_A,"Recepción y Análisis de Solicitudes de Supervisión",RECYANLDES,,,,,,,,No
"Actividades de Soporte y Tareas Conexas del Contrato",ASTC,0813-2026,"Soporte Logístico y Operativo para Iniciativas Digitales",SOP_LOG_OP,"Apoyo Logístico para Eventos o Lanzamientos Digitales",APOLOGPARE,,,,,,,,No
"Actividades de Soporte y Tareas Conexas del Contrato",ASTC,0813-2026,"Soporte Logístico y Operativo para Iniciativas Digitales",SOP_LOG_OP,"Coordinación con Terceros para Actividades Conexas",COOCONTERP,,,,,,,,No
"Actividades de Soporte y Tareas Conexas del Contrato",ASTC,0813-2026,"Soporte Logístico y Operativo para Iniciativas Digitales",SOP_LOG_OP,"Soporte en Gestión de Proyectos Digitales Especiales",SOPENGESDE,,,,,,,,No
"Actividades de Soporte y Tareas Conexas del Contrato",ASTC,0813-2026,"Soporte Logístico y Operativo para Iniciativas Digitales",SOP_LOG_OP,"Soporte en la Documentación de Procesos Adicionales",SOPENLADOC,,,,,,,,No
"Actividades de Soporte y Tareas Conexas del Contrato",ASTC,0813-2026,"Asesoría y Acompañamiento en Solicitudes Específicas",ASES_ACOMP,"Acompañamiento en Evaluaciones o Auditorías Adicionales",ACOENEVAOA,CRITICA,15,30,120,1,2,99.90,Si
"Actividades de Soporte y Tareas Conexas del Contrato",ASTC,0813-2026,"Asesoría y Acompañamiento en Solicitudes Específicas",ASES_ACOMP,"Acompañamiento en Evaluaciones o Auditorías Adicionales",ACOENEVAOA,ALTA,30,60,240,1,4,99.90,Si
"Actividades de Soporte y Tareas Conexas del Contrato",ASTC,0813-2026,"Asesoría y Acompañamiento en Solicitudes Específicas",ASES_ACOMP,"Acompañamiento en Evaluaciones o Auditorías Adicionales",ACOENEVAOA,MEDIA,60,120,360,2,6,99.90,Si
"Actividades de Soporte y Tareas Conexas del Contrato",ASTC,0813-2026,"Asesoría y Acompañamiento en Solicitudes Específicas",ASES_ACOMP,"Acompañamiento en Evaluaciones o Auditorías Adicionales",ACOENEVAOA,BAJA,120,240,480,4,8,99.90,Si
"Actividades de Soporte y Tareas Conexas del Contrato",ASTC,0813-2026,"Asesoría y Acompañamiento en Solicitudes Específicas",ASES_ACOMP,"Asesoría Puntual en Temas de Comunicación Digital",ASEPUNENTE,,,,,,,,No
"Actividades de Soporte y Tareas Conexas del Contrato",ASTC,0813-2026,"Asesoría y Acompañamiento en Solicitudes Específicas",ASES_ACOMP,"Capacitación o Transferencia de Conocimiento bajo Demanda",CAPOTRADEC,,,,,,,,No
"Actividades de Soporte y Tareas Conexas del Contrato",ASTC,0813-2026,"Asesoría y Acompañamiento en Solicitudes Específicas",ASES_ACOMP,"Consultoría para Solución de Problemas Específicos",CONPARSOLD,,,,,,,,No
"Confidencialidad de Información Reservada",CUL_F7_CONFIDENCIALIDAD,0813-2026,"Gestión de Información Reservada",CUL_SVC_CONFIDENCIALIDAD,"Custodia y gestión de información reservada",CUL_F7_CUSTODIA_INFO,CRITICA,15,30,120,1,2,99.90,Si
"Confidencialidad de Información Reservada",CUL_F7_CONFIDENCIALIDAD,0813-2026,"Gestión de Información Reservada",CUL_SVC_CONFIDENCIALIDAD,"Custodia y gestión de información reservada",CUL_F7_CUSTODIA_INFO,ALTA,30,60,240,1,4,99.90,Si
"Confidencialidad de Información Reservada",CUL_F7_CONFIDENCIALIDAD,0813-2026,"Gestión de Información Reservada",CUL_SVC_CONFIDENCIALIDAD,"Custodia y gestión de información reservada",CUL_F7_CUSTODIA_INFO,MEDIA,60,120,360,2,6,99.90,Si
"Confidencialidad de Información Reservada",CUL_F7_CONFIDENCIALIDAD,0813-2026,"Gestión de Información Reservada",CUL_SVC_CONFIDENCIALIDAD,"Custodia y gestión de información reservada",CUL_F7_CUSTODIA_INFO,BAJA,120,240,480,4,8,99.90,Si
"Confidencialidad de Información Reservada",CUL_F7_CONFIDENCIALIDAD,0813-2026,"Gestión de Información Reservada",CUL_SVC_CONFIDENCIALIDAD,"Informe de cumplimiento de confidencialidad",CUL_F7_INF_CONFIDENCIAL,CRITICA,15,30,120,1,2,99.90,Si
"Confidencialidad de Información Reservada",CUL_F7_CONFIDENCIALIDAD,0813-2026,"Gestión de Información Reservada",CUL_SVC_CONFIDENCIALIDAD,"Informe de cumplimiento de confidencialidad",CUL_F7_INF_CONFIDENCIAL,ALTA,30,60,240,1,4,99.90,Si
"Confidencialidad de Información Reservada",CUL_F7_CONFIDENCIALIDAD,0813-2026,"Gestión de Información Reservada",CUL_SVC_CONFIDENCIALIDAD,"Informe de cumplimiento de confidencialidad",CUL_F7_INF_CONFIDENCIAL,MEDIA,60,120,360,2,6,99.90,Si
"Confidencialidad de Información Reservada",CUL_F7_CONFIDENCIALIDAD,0813-2026,"Gestión de Información Reservada",CUL_SVC_CONFIDENCIALIDAD,"Informe de cumplimiento de confidencialidad",CUL_F7_INF_CONFIDENCIAL,BAJA,120,240,480,4,8,99.90,Si
"Demás Actividades Asignadas por el Supervisor",CUL_F8_DEMAS,0813-2026,"Actividades Asignadas por Supervisor",CUL_SVC_DEMAS,"Correcciones y ajustes de último momento",CUL_F8_CORREC_URGENTES,CRITICA,15,30,120,1,2,99.90,Si
"Demás Actividades Asignadas por el Supervisor",CUL_F8_DEMAS,0813-2026,"Actividades Asignadas por Supervisor",CUL_SVC_DEMAS,"Correcciones y ajustes de último momento",CUL_F8_CORREC_URGENTES,ALTA,30,60,240,1,4,99.90,Si
"Demás Actividades Asignadas por el Supervisor",CUL_F8_DEMAS,0813-2026,"Actividades Asignadas por Supervisor",CUL_SVC_DEMAS,"Correcciones y ajustes de último momento",CUL_F8_CORREC_URGENTES,MEDIA,60,120,360,2,6,99.90,Si
"Demás Actividades Asignadas por el Supervisor",CUL_F8_DEMAS,0813-2026,"Actividades Asignadas por Supervisor",CUL_SVC_DEMAS,"Correcciones y ajustes de último momento",CUL_F8_CORREC_URGENTES,BAJA,120,240,480,4,8,99.90,Si
"Demás Actividades Asignadas por el Supervisor",CUL_F8_DEMAS,0813-2026,"Actividades Asignadas por Supervisor",CUL_SVC_DEMAS,"Tareas administrativas e informes",CUL_F8_TAREA_ADMIN,CRITICA,15,30,120,1,2,99.90,Si
"Demás Actividades Asignadas por el Supervisor",CUL_F8_DEMAS,0813-2026,"Actividades Asignadas por Supervisor",CUL_SVC_DEMAS,"Tareas administrativas e informes",CUL_F8_TAREA_ADMIN,ALTA,30,60,240,1,4,99.90,Si
"Demás Actividades Asignadas por el Supervisor",CUL_F8_DEMAS,0813-2026,"Actividades Asignadas por Supervisor",CUL_SVC_DEMAS,"Tareas administrativas e informes",CUL_F8_TAREA_ADMIN,MEDIA,60,120,360,2,6,99.90,Si
"Demás Actividades Asignadas por el Supervisor",CUL_F8_DEMAS,0813-2026,"Actividades Asignadas por Supervisor",CUL_SVC_DEMAS,"Tareas administrativas e informes",CUL_F8_TAREA_ADMIN,BAJA,120,240,480,4,8,99.90,Si
"Demás Actividades Asignadas por el Supervisor",CUL_F8_DEMAS,0813-2026,"Actividades Asignadas por Supervisor",CUL_SVC_DEMAS,"Capacitaciones y sesiones de formación",CUL_F8_CAPACITACIONES,CRITICA,15,30,120,1,2,99.90,Si
"Demás Actividades Asignadas por el Supervisor",CUL_F8_DEMAS,0813-2026,"Actividades Asignadas por Supervisor",CUL_SVC_DEMAS,"Capacitaciones y sesiones de formación",CUL_F8_CAPACITACIONES,ALTA,30,60,240,1,4,99.90,Si
"Demás Actividades Asignadas por el Supervisor",CUL_F8_DEMAS,0813-2026,"Actividades Asignadas por Supervisor",CUL_SVC_DEMAS,"Capacitaciones y sesiones de formación",CUL_F8_CAPACITACIONES,MEDIA,60,120,360,2,6,99.90,Si
"Demás Actividades Asignadas por el Supervisor",CUL_F8_DEMAS,0813-2026,"Actividades Asignadas por Supervisor",CUL_SVC_DEMAS,"Capacitaciones y sesiones de formación",CUL_F8_CAPACITACIONES,BAJA,120,240,480,4,8,99.90,Si
"Demás Actividades Asignadas por el Supervisor",CUL_F8_DEMAS,0813-2026,"Actividades Asignadas por Supervisor",CUL_SVC_DEMAS,"Asignación de tarea no especificada",CUL_F8_TAREA_NO_ESPEC,CRITICA,15,30,120,1,2,99.90,Si
"Demás Actividades Asignadas por el Supervisor",CUL_F8_DEMAS,0813-2026,"Actividades Asignadas por Supervisor",CUL_SVC_DEMAS,"Asignación de tarea no especificada",CUL_F8_TAREA_NO_ESPEC,ALTA,30,60,240,1,4,99.90,Si
"Demás Actividades Asignadas por el Supervisor",CUL_F8_DEMAS,0813-2026,"Actividades Asignadas por Supervisor",CUL_SVC_DEMAS,"Asignación de tarea no especificada",CUL_F8_TAREA_NO_ESPEC,MEDIA,60,120,360,2,6,99.90,Si
"Demás Actividades Asignadas por el Supervisor",CUL_F8_DEMAS,0813-2026,"Actividades Asignadas por Supervisor",CUL_SVC_DEMAS,"Asignación de tarea no especificada",CUL_F8_TAREA_NO_ESPEC,BAJA,120,240,480,4,8,99.90,Si
