name,type,number_time,definition_time,calendar,itilcategory_completename,criticality
"Gestión Integral de la Estrategia Digital / Desarrollo y Mantenimiento de Sitios Web Especializados / Arquitectura de Contenido para Nuevos Sitios - CRITICA - TTO","Time to own",60,minute,Default,"Gestión Integral de la Estrategia Digital > Desarrollo y Mantenimiento de Sitios Web Especializados > Arquitectura de Contenido para Nuevos Sitios",CRITICA
"Gestión Integral de la Estrategia Digital / Desarrollo y Mantenimiento de Sitios Web Especializados / Arquitectura de Contenido para Nuevos Sitios - CRITICA - TTR","Time to resolve",480,minute,Default,"Gestión Integral de la Estrategia Digital > Desarrollo y Mantenimiento de Sitios Web Especializados > Arquitectura de Contenido para Nuevos Sitios",CRITICA
"Gestión Integral de la Estrategia Digital / Desarrollo y Mantenimiento de Sitios Web Especializados / Arquitectura de Contenido para Nuevos Sitios - ALTA - TTO","Time to own",120,minute,Default,"Gestión Integral de la Estrategia Digital > Desarrollo y Mantenimiento de Sitios Web Especializados > Arquitectura de Contenido para Nuevos Sitios",ALTA
"Gestión Integral de la Estrategia Digital / Desarrollo y Mantenimiento de Sitios Web Especializados / Arquitectura de Contenido para Nuevos Sitios - ALTA - TTR","Time to resolve",1440,minute,Default,"Gestión Integral de la Estrategia Digital > Desarrollo y Mantenimiento de Sitios Web Especializados > Arquitectura de Contenido para Nuevos Sitios",ALTA
"Gestión Integral de la Estrategia Digital / Desarrollo y Mantenimiento de Sitios Web Especializados / Arquitectura de Contenido para Nuevos Sitios - MEDIA - TTO","Time to own",240,minute,Default,"Gestión Integral de la Estrategia Digital > Desarrollo y Mantenimiento de Sitios Web Especializados > Arquitectura de Contenido para Nuevos Sitios",MEDIA
"Gestión Integral de la Estrategia Digital / Desarrollo y Mantenimiento de Sitios Web Especializados / Arquitectura de Contenido para Nuevos Sitios - MEDIA - TTR","Time to resolve",2880,minute,Default,"Gestión Integral de la Estrategia Digital > Desarrollo y Mantenimiento de Sitios Web Especializados > Arquitectura de Contenido para Nuevos Sitios",MEDIA
"Gestión Integral de la Estrategia Digital / Desarrollo y Mantenimiento de Sitios Web Especializados / Arquitectura de Contenido para Nuevos Sitios - BAJA - TTO","Time to own",480,minute,Default,"Gestión Integral de la Estrategia Digital > Desarrollo y Mantenimiento de Sitios Web Especializados > Arquitectura de Contenido para Nuevos Sitios",BAJA
"Gestión Integral de la Estrategia Digital / Desarrollo y Mantenimiento de Sitios Web Especializados / Arquitectura de Contenido para Nuevos Sitios - BAJA - TTR","Time to resolve",4320,minute,Default,"Gestión Integral de la Estrategia Digital > Desarrollo y Mantenimiento de Sitios Web Especializados > Arquitectura de Contenido para Nuevos Sitios",BAJA
"Gestión Integral de la Estrategia Digital / Desarrollo y Mantenimiento de Sitios Web Especializados / Desarrollo de Aplicativos Web Interactivos - CRITICA - TTO","Time to own",60,minute,Default,"Gestión Integral de la Estrategia Digital > Desarrollo y Mantenimiento de Sitios Web Especializados > Desarrollo de Aplicativos Web Interactivos",CRITICA
"Gestión Integral de la Estrategia Digital / Desarrollo y Mantenimiento de Sitios Web Especializados / Desarrollo de Aplicativos Web Interactivos - CRITICA - TTR","Time to resolve",480,minute,Default,"Gestión Integral de la Estrategia Digital > Desarrollo y Mantenimiento de Sitios Web Especializados > Desarrollo de Aplicativos Web Interactivos",CRITICA
"Gestión Integral de la Estrategia Digital / Desarrollo y Mantenimiento de Sitios Web Especializados / Desarrollo de Aplicativos Web Interactivos - ALTA - TTO","Time to own",120,minute,Default,"Gestión Integral de la Estrategia Digital > Desarrollo y Mantenimiento de Sitios Web Especializados > Desarrollo de Aplicativos Web Interactivos",ALTA
"Gestión Integral de la Estrategia Digital / Desarrollo y Mantenimiento de Sitios Web Especializados / Desarrollo de Aplicativos Web Interactivos - ALTA - TTR","Time to resolve",1440,minute,Default,"Gestión Integral de la Estrategia Digital > Desarrollo y Mantenimiento de Sitios Web Especializados > Desarrollo de Aplicativos Web Interactivos",ALTA
"Gestión Integral de la Estrategia Digital / Desarrollo y Mantenimiento de Sitios Web Especializados / Desarrollo de Aplicativos Web Interactivos - MEDIA - TTO","Time to own",240,minute,Default,"Gestión Integral de la Estrategia Digital > Desarrollo y Mantenimiento de Sitios Web Especializados > Desarrollo de Aplicativos Web Interactivos",MEDIA
"Gestión Integral de la Estrategia Digital / Desarrollo y Mantenimiento de Sitios Web Especializados / Desarrollo de Aplicativos Web Interactivos - MEDIA - TTR","Time to resolve",2880,minute,Default,"Gestión Integral de la Estrategia Digital > Desarrollo y Mantenimiento de Sitios Web Especializados > Desarrollo de Aplicativos Web Interactivos",MEDIA
"Gestión Integral de la Estrategia Digital / Desarrollo y Mantenimiento de Sitios Web Especializados / Desarrollo de Aplicativos Web Interactivos - BAJA - TTO","Time to own",480,minute,Default,"Gestión Integral de la Estrategia Digital > Desarrollo y Mantenimiento de Sitios Web Especializados > Desarrollo de Aplicativos Web Interactivos",BAJA
"Gestión Integral de la Estrategia Digital / Desarrollo y Mantenimiento de Sitios Web Especializados / Desarrollo de Aplicativos Web Interactivos - BAJA - TTR","Time to resolve",4320,minute,Default,"Gestión Integral de la Estrategia Digital > Desarrollo y Mantenimiento de Sitios Web Especializados > Desarrollo de Aplicativos Web Interactivos",BAJA
"Gestión Integral de la Estrategia Digital / Desarrollo y Mantenimiento de Sitios Web Especializados / Desarrollo de Landing Pages Temáticas - CRITICA - TTO","Time to own",60,minute,Default,"Gestión Integral de la Estrategia Digital > Desarrollo y Mantenimiento de Sitios Web Especializados > Desarrollo de Landing Pages Temáticas",CRITICA
"Gestión Integral de la Estrategia Digital / Desarrollo y Mantenimiento de Sitios Web Especializados / Desarrollo de Landing Pages Temáticas - CRITICA - TTR","Time to resolve",480,minute,Default,"Gestión Integral de la Estrategia Digital > Desarrollo y Mantenimiento de Sitios Web Especializados > Desarrollo de Landing Pages Temáticas",CRITICA
"Gestión Integral de la Estrategia Digital / Desarrollo y Mantenimiento de Sitios Web Especializados / Desarrollo de Landing Pages Temáticas - ALTA - TTO","Time to own",120,minute,Default,"Gestión Integral de la Estrategia Digital > Desarrollo y Mantenimiento de Sitios Web Especializados > Desarrollo de Landing Pages Temáticas",ALTA
"Gestión Integral de la Estrategia Digital / Desarrollo y Mantenimiento de Sitios Web Especializados / Desarrollo de Landing Pages Temáticas - ALTA - TTR","Time to resolve",1440,minute,Default,"Gestión Integral de la Estrategia Digital > Desarrollo y Mantenimiento de Sitios Web Especializados > Desarrollo de Landing Pages Temáticas",ALTA
"Gestión Integral de la Estrategia Digital / Desarrollo y Mantenimiento de Sitios Web Especializados / Desarrollo de Landing Pages Temáticas - MEDIA - TTO","Time to own",240,minute,Default,"Gestión Integral de la Estrategia Digital > Desarrollo y Mantenimiento de Sitios Web Especializados > Desarrollo de Landing Pages Temáticas",MEDIA
"Gestión Integral de la Estrategia Digital / Desarrollo y Mantenimiento de Sitios Web Especializados / Desarrollo de Landing Pages Temáticas - MEDIA - TTR","Time to resolve",2880,minute,Default,"Gestión Integral de la Estrategia Digital > Desarrollo y Mantenimiento de Sitios Web Especializados > Desarrollo de Landing Pages Temáticas",MEDIA
"Gestión Integral de la Estrategia Digital / Desarrollo y Mantenimiento de Sitios Web Especializados / Desarrollo de Landing Pages Temáticas - BAJA - TTO","Time to own",480,minute,Default,"Gestión Integral de la Estrategia Digital > Desarrollo y Mantenimiento de Sitios Web Especializados > Desarrollo de Landing Pages Temáticas",BAJA
"Gestión Integral de la Estrategia Digital / Desarrollo y Mantenimiento de Sitios Web Especializados / Desarrollo de Landing Pages Temáticas - BAJA - TTR","Time to resolve",4320,minute,Default,"Gestión Integral de la Estrategia Digital > Desarrollo y Mantenimiento de Sitios Web Especializados > Desarrollo de Landing Pages Temáticas",BAJA
"Gestión Integral de la Estrategia Digital / Desarrollo y Mantenimiento de Sitios Web Especializados / Mantenimiento de Páginas y Micrositios - CRITICA - TTO","Time to own",60,minute,Default,"Gestión Integral de la Estrategia Digital > Desarrollo y Mantenimiento de Sitios Web Especializados > Mantenimiento de Páginas y Micrositios",CRITICA
"Gestión Integral de la Estrategia Digital / Desarrollo y Mantenimiento de Sitios Web Especializados / Mantenimiento de Páginas y Micrositios - CRITICA - TTR","Time to resolve",480,minute,Default,"Gestión Integral de la Estrategia Digital > Desarrollo y Mantenimiento de Sitios Web Especializados > Mantenimiento de Páginas y Micrositios",CRITICA
"Gestión Integral de la Estrategia Digital / Desarrollo y Mantenimiento de Sitios Web Especializados / Mantenimiento de Páginas y Micrositios - ALTA - TTO","Time to own",120,minute,Default,"Gestión Integral de la Estrategia Digital > Desarrollo y Mantenimiento de Sitios Web Especializados > Mantenimiento de Páginas y Micrositios",ALTA
"Gestión Integral de la Estrategia Digital / Desarrollo y Mantenimiento de Sitios Web Especializados / Mantenimiento de Páginas y Micrositios - ALTA - TTR","Time to resolve",1440,minute,Default,"Gestión Integral de la Estrategia Digital > Desarrollo y Mantenimiento de Sitios Web Especializados > Mantenimiento de Páginas y Micrositios",ALTA
"Gestión Integral de la Estrategia Digital / Desarrollo y Mantenimiento de Sitios Web Especializados / Mantenimiento de Páginas y Micrositios - MEDIA - TTO","Time to own",240,minute,Default,"Gestión Integral de la Estrategia Digital > Desarrollo y Mantenimiento de Sitios Web Especializados > Mantenimiento de Páginas y Micrositios",MEDIA
"Gestión Integral de la Estrategia Digital / Desarrollo y Mantenimiento de Sitios Web Especializados / Mantenimiento de Páginas y Micrositios - MEDIA - TTR","Time to resolve",2880,minute,Default,"Gestión Integral de la Estrategia Digital > Desarrollo y Mantenimiento de Sitios Web Especializados > Mantenimiento de Páginas y Micrositios",MEDIA
"Gestión Integral de la Estrategia Digital / Desarrollo y Mantenimiento de Sitios Web Especializados / Mantenimiento de Páginas y Micrositios - BAJA - TTO","Time to own",480,minute,Default,"Gestión Integral de la Estrategia Digital > Desarrollo y Mantenimiento de Sitios Web Especializados > Mantenimiento de Páginas y Micrositios",BAJA
"Gestión Integral de la Estrategia Digital / Desarrollo y Mantenimiento de Sitios Web Especializados / Mantenimiento de Páginas y Micrositios - BAJA - TTR","Time to resolve",4320,minute,Default,"Gestión Integral de la Estrategia Digital > Desarrollo y Mantenimiento de Sitios Web Especializados > Mantenimiento de Páginas y Micrositios",BAJA
"Gestión Integral de la Estrategia Digital / Publicaciones en Canales Digitales / Actualización de Contenidos en Portal Principal - CRITICA - TTO","Time to own",30,minute,Default,"Gestión Integral de la Estrategia Digital > Publicaciones en Canales Digitales > Actualización de Contenidos en Portal Principal",CRITICA
"Gestión Integral de la Estrategia Digital / Publicaciones en Canales Digitales / Actualización de Contenidos en Portal Principal - CRITICA - TTR","Time to resolve",120,minute,Default,"Gestión Integral de la Estrategia Digital > Publicaciones en Canales Digitales > Actualización de Contenidos en Portal Principal",CRITICA
"Gestión Integral de la Estrategia Digital / Publicaciones en Canales Digitales / Actualización de Contenidos en Portal Principal - ALTA - TTO","Time to own",60,minute,Default,"Gestión Integral de la Estrategia Digital > Publicaciones en Canales Digitales > Actualización de Contenidos en Portal Principal",ALTA
"Gestión Integral de la Estrategia Digital / Publicaciones en Canales Digitales / Actualización de Contenidos en Portal Principal - ALTA - TTR","Time to resolve",240,minute,Default,"Gestión Integral de la Estrategia Digital > Publicaciones en Canales Digitales > Actualización de Contenidos en Portal Principal",ALTA
"Gestión Integral de la Estrategia Digital / Publicaciones en Canales Digitales / Actualización de Contenidos en Portal Principal - MEDIA - TTO","Time to own",120,minute,Default,"Gestión Integral de la Estrategia Digital > Publicaciones en Canales Digitales > Actualización de Contenidos en Portal Principal",MEDIA
"Gestión Integral de la Estrategia Digital / Publicaciones en Canales Digitales / Actualización de Contenidos en Portal Principal - MEDIA - TTR","Time to resolve",360,minute,Default,"Gestión Integral de la Estrategia Digital > Publicaciones en Canales Digitales > Actualización de Contenidos en Portal Principal",MEDIA
"Gestión Integral de la Estrategia Digital / Publicaciones en Canales Digitales / Actualización de Contenidos en Portal Principal - BAJA - TTO","Time to own",240,minute,Default,"Gestión Integral de la Estrategia Digital > Publicaciones en Canales Digitales > Actualización de Contenidos en Portal Principal",BAJA
"Gestión Integral de la Estrategia Digital / Publicaciones en Canales Digitales / Actualización de Contenidos en Portal Principal - BAJA - TTR","Time to resolve",480,minute,Default,"Gestión Integral de la Estrategia Digital > Publicaciones en Canales Digitales > Actualización de Contenidos en Portal Principal",BAJA
"Gestión Integral de la Estrategia Digital / Publicaciones en Canales Digitales / Publicación de Noticia o Artículo - CRITICA - TTO","Time to own",30,minute,Default,"Gestión Integral de la Estrategia Digital > Publicaciones en Canales Digitales > Publicación de Noticia o Artículo",CRITICA
"Gestión Integral de la Estrategia Digital / Publicaciones en Canales Digitales / Publicación de Noticia o Artículo - CRITICA - TTR","Time to resolve",120,minute,Default,"Gestión Integral de la Estrategia Digital > Publicaciones en Canales Digitales > Publicación de Noticia o Artículo",CRITICA
"Gestión Integral de la Estrategia Digital / Publicaciones en Canales Digitales / Publicación de Noticia o Artículo - ALTA - TTO","Time to own",60,minute,Default,"Gestión Integral de la Estrategia Digital > Publicaciones en Canales Digitales > Publicación de Noticia o Artículo",ALTA
"Gestión Integral de la Estrategia Digital / Publicaciones en Canales Digitales / Publicación de Noticia o Artículo - ALTA - TTR","Time to resolve",240,minute,Default,"Gestión Integral de la Estrategia Digital > Publicaciones en Canales Digitales > Publicación de Noticia o Artículo",ALTA
"Gestión Integral de la Estrategia Digital / Publicaciones en Canales Digitales / Publicación de Noticia o Artículo - MEDIA - TTO","Time to own",120,minute,Default,"Gestión Integral de la Estrategia Digital > Publicaciones en Canales Digitales > Publicación de Noticia o Artículo",MEDIA
"Gestión Integral de la Estrategia Digital / Publicaciones en Canales Digitales / Publicación de Noticia o Artículo - MEDIA - TTR","Time to resolve",360,minute,Default,"Gestión Integral de la Estrategia Digital > Publicaciones en Canales Digitales > Publicación de Noticia o Artículo",MEDIA
"Gestión Integral de la Estrategia Digital / Publicaciones en Canales Digitales / Publicación de Noticia o Artículo - BAJA - TTO","Time to own",240,minute,Default,"Gestión Integral de la Estrategia Digital > Publicaciones en Canales Digitales > Publicación de Noticia o Artículo",BAJA
"Gestión Integral de la Estrategia Digital / Publicaciones en Canales Digitales / Publicación de Noticia o Artículo - BAJA - TTR","Time to resolve",480,minute,Default,"Gestión Integral de la Estrategia Digital > Publicaciones en Canales Digitales > Publicación de Noticia o Artículo",BAJA
"Gestión Integral de la Estrategia Digital / Publicaciones en Canales Digitales / Publicación de Documento - CRITICA - TTO","Time to own",30,minute,Default,"Gestión Integral de la Estrategia Digital > Publicaciones en Canales Digitales > Publicación de Documento",CRITICA
"Gestión Integral de la Estrategia Digital / Publicaciones en Canales Digitales / Publicación de Documento - CRITICA - TTR","Time to resolve",120,minute,Default,"Gestión Integral de la Estrategia Digital > Publicaciones en Canales Digitales > Publicación de Documento",CRITICA
"Gestión Integral de la Estrategia Digital / Publicaciones en Canales Digitales / Publicación de Documento - ALTA - TTO","Time to own",60,minute,Default,"Gestión Integral de la Estrategia Digital > Publicaciones en Canales Digitales > Publicación de Documento",ALTA
"Gestión Integral de la Estrategia Digital / Publicaciones en Canales Digitales / Publicación de Documento - ALTA - TTR","Time to resolve",240,minute,Default,"Gestión Integral de la Estrategia Digital > Publicaciones en Canales Digitales > Publicación de Documento",ALTA
"Gestión Integral de la Estrategia Digital / Publicaciones en Canales Digitales / Publicación de Documento - MEDIA - TTO","Time to own",120,minute,Default,"Gestión Integral de la Estrategia Digital > Publicaciones en Canales Digitales > Publicación de Documento",MEDIA
"Gestión Integral de la Estrategia Digital / Publicaciones en Canales Digitales / Publicación de Documento - MEDIA - TTR","Time to resolve",360,minute,Default,"Gestión Integral de la Estrategia Digital > Publicaciones en Canales Digitales > Publicación de Documento",MEDIA
"Gestión Integral de la Estrategia Digital / Publicaciones en Canales Digitales / Publicación de Documento - BAJA - TTO","Time to own",240,minute,Default,"Gestión Integral de la Estrategia Digital > Publicaciones en Canales Digitales > Publicación de Documento",BAJA
"Gestión Integral de la Estrategia Digital / Publicaciones en Canales Digitales / Publicación de Documento - BAJA - TTR","Time to resolve",480,minute,Default,"Gestión Integral de la Estrategia Digital > Publicaciones en Canales Digitales > Publicación de Documento",BAJA
"Gestión Integral de la Estrategia Digital / Publicaciones en Canales Digitales / Publicación de Banner - CRITICA - TTO","Time to own",30,minute,Default,"Gestión Integral de la Estrategia Digital > Publicaciones en Canales Digitales > Publicación de Banner",CRITICA
"Gestión Integral de la Estrategia Digital / Publicaciones en Canales Digitales / Publicación de Banner - CRITICA - TTR","Time to resolve",120,minute,Default,"Gestión Integral de la Estrategia Digital > Publicaciones en Canales Digitales > Publicación de Banner",CRITICA
"Gestión Integral de la Estrategia Digital / Publicaciones en Canales Digitales / Publicación de Banner - ALTA - TTO","Time to own",60,minute,Default,"Gestión Integral de la Estrategia Digital > Publicaciones en Canales Digitales > Publicación de Banner",ALTA
"Gestión Integral de la Estrategia Digital / Publicaciones en Canales Digitales / Publicación de Banner - ALTA - TTR","Time to resolve",240,minute,Default,"Gestión Integral de la Estrategia Digital > Publicaciones en Canales Digitales > Publicación de Banner",ALTA
"Gestión Integral de la Estrategia Digital / Publicaciones en Canales Digitales / Publicación de Banner - MEDIA - TTO","Time to own",120,minute,Default,"Gestión Integral de la Estrategia Digital > Publicaciones en Canales Digitales > Publicación de Banner",MEDIA
"Gestión Integral de la Estrategia Digital / Publicaciones en Canales Digitales / Publicación de Banner - MEDIA - TTR","Time to resolve",360,minute,Default,"Gestión Integral de la Estrategia Digital > Publicaciones en Canales Digitales > Publicación de Banner",MEDIA
"Gestión Integral de la Estrategia Digital / Publicaciones en Canales Digitales / Publicación de Banner - BAJA - TTO","Time to own",240,minute,Default,"Gestión Integral de la Estrategia Digital > Publicaciones en Canales Digitales > Publicación de Banner",BAJA
"Gestión Integral de la Estrategia Digital / Publicaciones en Canales Digitales / Publicación de Banner - BAJA - TTR","Time to resolve",480,minute,Default,"Gestión Integral de la Estrategia Digital > Publicaciones en Canales Digitales > Publicación de Banner",BAJA
"Gestión Integral de la Estrategia Digital / Gestión de Contenidos y Actualizaciones Web / Actualización de Contenidos en Portal Principal - CRITICA - TTO","Time to own",60,minute,Default,"Gestión Integral de la Estrategia Digital > Gestión de Contenidos y Actualizaciones Web > Actualización de Contenidos en Portal Principal",CRITICA
"Gestión Integral de la Estrategia Digital / Gestión de Contenidos y Actualizaciones Web / Actualización de Contenidos en Portal Principal - CRITICA - TTR","Time to resolve",480,minute,Default,"Gestión Integral de la Estrategia Digital > Gestión de Contenidos y Actualizaciones Web > Actualización de Contenidos en Portal Principal",CRITICA
"Gestión Integral de la Estrategia Digital / Gestión de Contenidos y Actualizaciones Web / Actualización de Contenidos en Portal Principal - ALTA - TTO","Time to own",120,minute,Default,"Gestión Integral de la Estrategia Digital > Gestión de Contenidos y Actualizaciones Web > Actualización de Contenidos en Portal Principal",ALTA
"Gestión Integral de la Estrategia Digital / Gestión de Contenidos y Actualizaciones Web / Actualización de Contenidos en Portal Principal - ALTA - TTR","Time to resolve",1440,minute,Default,"Gestión Integral de la Estrategia Digital > Gestión de Contenidos y Actualizaciones Web > Actualización de Contenidos en Portal Principal",ALTA
"Gestión Integral de la Estrategia Digital / Gestión de Contenidos y Actualizaciones Web / Actualización de Contenidos en Portal Principal - MEDIA - TTO","Time to own",240,minute,Default,"Gestión Integral de la Estrategia Digital > Gestión de Contenidos y Actualizaciones Web > Actualización de Contenidos en Portal Principal",MEDIA
"Gestión Integral de la Estrategia Digital / Gestión de Contenidos y Actualizaciones Web / Actualización de Contenidos en Portal Principal - MEDIA - TTR","Time to resolve",2880,minute,Default,"Gestión Integral de la Estrategia Digital > Gestión de Contenidos y Actualizaciones Web > Actualización de Contenidos en Portal Principal",MEDIA
"Gestión Integral de la Estrategia Digital / Gestión de Contenidos y Actualizaciones Web / Actualización de Contenidos en Portal Principal - BAJA - TTO","Time to own",480,minute,Default,"Gestión Integral de la Estrategia Digital > Gestión de Contenidos y Actualizaciones Web > Actualización de Contenidos en Portal Principal",BAJA
"Gestión Integral de la Estrategia Digital / Gestión de Contenidos y Actualizaciones Web / Actualización de Contenidos en Portal Principal - BAJA - TTR","Time to resolve",4320,minute,Default,"Gestión Integral de la Estrategia Digital > Gestión de Contenidos y Actualizaciones Web > Actualización de Contenidos en Portal Principal",BAJA
"Gestión Integral de la Estrategia Digital / Gestión de Contenidos y Actualizaciones Web / Coordinación de Actualizaciones por Área - CRITICA - TTO","Time to own",60,minute,Default,"Gestión Integral de la Estrategia Digital > Gestión de Contenidos y Actualizaciones Web > Coordinación de Actualizaciones por Área",CRITICA
"Gestión Integral de la Estrategia Digital / Gestión de Contenidos y Actualizaciones Web / Coordinación de Actualizaciones por Área - CRITICA - TTR","Time to resolve",480,minute,Default,"Gestión Integral de la Estrategia Digital > Gestión de Contenidos y Actualizaciones Web > Coordinación de Actualizaciones por Área",CRITICA
"Gestión Integral de la Estrategia Digital / Gestión de Contenidos y Actualizaciones Web / Coordinación de Actualizaciones por Área - ALTA - TTO","Time to own",120,minute,Default,"Gestión Integral de la Estrategia Digital > Gestión de Contenidos y Actualizaciones Web > Coordinación de Actualizaciones por Área",ALTA
"Gestión Integral de la Estrategia Digital / Gestión de Contenidos y Actualizaciones Web / Coordinación de Actualizaciones por Área - ALTA - TTR","Time to resolve",1440,minute,Default,"Gestión Integral de la Estrategia Digital > Gestión de Contenidos y Actualizaciones Web > Coordinación de Actualizaciones por Área",ALTA
"Gestión Integral de la Estrategia Digital / Gestión de Contenidos y Actualizaciones Web / Coordinación de Actualizaciones por Área - MEDIA - TTO","Time to own",240,minute,Default,"Gestión Integral de la Estrategia Digital > Gestión de Contenidos y Actualizaciones Web > Coordinación de Actualizaciones por Área",MEDIA
"Gestión Integral de la Estrategia Digital / Gestión de Contenidos y Actualizaciones Web / Coordinación de Actualizaciones por Área - MEDIA - TTR","Time to resolve",2880,minute,Default,"Gestión Integral de la Estrategia Digital > Gestión de Contenidos y Actualizaciones Web > Coordinación de Actualizaciones por Área",MEDIA
"Gestión Integral de la Estrategia Digital / Gestión de Contenidos y Actualizaciones Web / Coordinación de Actualizaciones por Área - BAJA - TTO","Time to own",480,minute,Default,"Gestión Integral de la Estrategia Digital > Gestión de Contenidos y Actualizaciones Web > Coordinación de Actualizaciones por Área",BAJA
"Gestión Integral de la Estrategia Digital / Gestión de Contenidos y Actualizaciones Web / Coordinación de Actualizaciones por Área - BAJA - TTR","Time to resolve",4320,minute,Default,"Gestión Integral de la Estrategia Digital > Gestión de Contenidos y Actualizaciones Web > Coordinación de Actualizaciones por Área",BAJA
"Gestión Integral de la Estrategia Digital / Gestión de Contenidos y Actualizaciones Web / Gestión de Secciones Especiales - CRITICA - TTO","Time to own",60,minute,Default,"Gestión Integral de la Estrategia Digital > Gestión de Contenidos y Actualizaciones Web > Gestión de Secciones Especiales",CRITICA
"Gestión Integral de la Estrategia Digital / Gestión de Contenidos y Actualizaciones Web / Gestión de Secciones Especiales - CRITICA - TTR","Time to resolve",480,minute,Default,"Gestión Integral de la Estrategia Digital > Gestión de Contenidos y Actualizaciones Web > Gestión de Secciones Especiales",CRITICA
"Gestión Integral de la Estrategia Digital / Gestión de Contenidos y Actualizaciones Web / Gestión de Secciones Especiales - ALTA - TTO","Time to own",120,minute,Default,"Gestión Integral de la Estrategia Digital > Gestión de Contenidos y Actualizaciones Web > Gestión de Secciones Especiales",ALTA
"Gestión Integral de la Estrategia Digital / Gestión de Contenidos y Actualizaciones Web / Gestión de Secciones Especiales - ALTA - TTR","Time to resolve",1440,minute,Default,"Gestión Integral de la Estrategia Digital > Gestión de Contenidos y Actualizaciones Web > Gestión de Secciones Especiales",ALTA
"Gestión Integral de la Estrategia Digital / Gestión de Contenidos y Actualizaciones Web / Gestión de Secciones Especiales - MEDIA - TTO","Time to own",240,minute,Default,"Gestión Integral de la Estrategia Digital > Gestión de Contenidos y Actualizaciones Web > Gestión de Secciones Especiales",MEDIA
"Gestión Integral de la Estrategia Digital / Gestión de Contenidos y Actualizaciones Web / Gestión de Secciones Especiales - MEDIA - TTR","Time to resolve",2880,minute,Default,"Gestión Integral de la Estrategia Digital > Gestión de Contenidos y Actualizaciones Web > Gestión de Secciones Especiales",MEDIA
"Gestión Integral de la Estrategia Digital / Gestión de Contenidos y Actualizaciones Web / Gestión de Secciones Especiales - BAJA - TTO","Time to own",480,minute,Default,"Gestión Integral de la Estrategia Digital > Gestión de Contenidos y Actualizaciones Web > Gestión de Secciones Especiales",BAJA
"Gestión Integral de la Estrategia Digital / Gestión de Contenidos y Actualizaciones Web / Gestión de Secciones Especiales - BAJA - TTR","Time to resolve",4320,minute,Default,"Gestión Integral de la Estrategia Digital > Gestión de Contenidos y Actualizaciones Web > Gestión de Secciones Especiales",BAJA
"Gestión Integral de la Estrategia Digital / Gestión de Contenidos y Actualizaciones Web / Mantenimiento de Micrositios - CRITICA - TTO","Time to own",60,minute,Default,"Gestión Integral de la Estrategia Digital > Gestión de Contenidos y Actualizaciones Web > Mantenimiento de Micrositios",CRITICA
"Gestión Integral de la Estrategia Digital / Gestión de Contenidos y Actualizaciones Web / Mantenimiento de Micrositios - CRITICA - TTR","Time to resolve",480,minute,Default,"Gestión Integral de la Estrategia Digital > Gestión de Contenidos y Actualizaciones Web > Mantenimiento de Micrositios",CRITICA
"Gestión Integral de la Estrategia Digital / Gestión de Contenidos y Actualizaciones Web / Mantenimiento de Micrositios - ALTA - TTO","Time to own",120,minute,Default,"Gestión Integral de la Estrategia Digital > Gestión de Contenidos y Actualizaciones Web > Mantenimiento de Micrositios",ALTA
"Gestión Integral de la Estrategia Digital / Gestión de Contenidos y Actualizaciones Web / Mantenimiento de Micrositios - ALTA - TTR","Time to resolve",1440,minute,Default,"Gestión Integral de la Estrategia Digital > Gestión de Contenidos y Actualizaciones Web > Mantenimiento de Micrositios",ALTA
"Gestión Integral de la Estrategia Digital / Gestión de Contenidos y Actualizaciones Web / Mantenimiento de Micrositios - MEDIA - TTO","Time to own",240,minute,Default,"Gestión Integral de la Estrategia Digital > Gestión de Contenidos y Actualizaciones Web > Mantenimiento de Micrositios",MEDIA
"Gestión Integral de la Estrategia Digital / Gestión de Contenidos y Actualizaciones Web / Mantenimiento de Micrositios - MEDIA - TTR","Time to resolve",2880,minute,Default,"Gestión Integral de la Estrategia Digital > Gestión de Contenidos y Actualizaciones Web > Mantenimiento de Micrositios",MEDIA
"Gestión Integral de la Estrategia Digital / Gestión de Contenidos y Actualizaciones Web / Mantenimiento de Micrositios - BAJA - TTO","Time to own",480,minute,Default,"Gestión Integral de la Estrategia Digital > Gestión de Contenidos y Actualizaciones Web > Mantenimiento de Micrositios",BAJA
"Gestión Integral de la Estrategia Digital / Gestión de Contenidos y Actualizaciones Web / Mantenimiento de Micrositios - BAJA - TTR","Time to resolve",4320,minute,Default,"Gestión Integral de la Estrategia Digital > Gestión de Contenidos y Actualizaciones Web > Mantenimiento de Micrositios",BAJA
"Gestión Integral de la Estrategia Digital / Gestión de Recursos y Documentación Digital / Gestión de Hojas de Vida y Actos Administrativos - CRITICA - TTO","Time to own",60,minute,Default,"Gestión Integral de la Estrategia Digital > Gestión de Recursos y Documentación Digital > Gestión de Hojas de Vida y Actos Administrativos",CRITICA
"Gestión Integral de la Estrategia Digital / Gestión de Recursos y Documentación Digital / Gestión de Hojas de Vida y Actos Administrativos - CRITICA - TTR","Time to resolve",480,minute,Default,"Gestión Integral de la Estrategia Digital > Gestión de Recursos y Documentación Digital > Gestión de Hojas de Vida y Actos Administrativos",CRITICA
"Gestión Integral de la Estrategia Digital / Gestión de Recursos y Documentación Digital / Gestión de Hojas de Vida y Actos Administrativos - ALTA - TTO","Time to own",120,minute,Default,"Gestión Integral de la Estrategia Digital > Gestión de Recursos y Documentación Digital > Gestión de Hojas de Vida y Actos Administrativos",ALTA
"Gestión Integral de la Estrategia Digital / Gestión de Recursos y Documentación Digital / Gestión de Hojas de Vida y Actos Administrativos - ALTA - TTR","Time to resolve",1440,minute,Default,"Gestión Integral de la Estrategia Digital > Gestión de Recursos y Documentación Digital > Gestión de Hojas de Vida y Actos Administrativos",ALTA
"Gestión Integral de la Estrategia Digital / Gestión de Recursos y Documentación Digital / Gestión de Hojas de Vida y Actos Administrativos - MEDIA - TTO","Time to own",240,minute,Default,"Gestión Integral de la Estrategia Digital > Gestión de Recursos y Documentación Digital > Gestión de Hojas de Vida y Actos Administrativos",MEDIA
"Gestión Integral de la Estrategia Digital / Gestión de Recursos y Documentación Digital / Gestión de Hojas de Vida y Actos Administrativos - MEDIA - TTR","Time to resolve",2880,minute,Default,"Gestión Integral de la Estrategia Digital > Gestión de Recursos y Documentación Digital > Gestión de Hojas de Vida y Actos Administrativos",MEDIA
"Gestión Integral de la Estrategia Digital / Gestión de Recursos y Documentación Digital / Gestión de Hojas de Vida y Actos Administrativos - BAJA - TTO","Time to own",480,minute,Default,"Gestión Integral de la Estrategia Digital > Gestión de Recursos y Documentación Digital > Gestión de Hojas de Vida y Actos Administrativos",BAJA
"Gestión Integral de la Estrategia Digital / Gestión de Recursos y Documentación Digital / Gestión de Hojas de Vida y Actos Administrativos - BAJA - TTR","Time to resolve",4320,minute,Default,"Gestión Integral de la Estrategia Digital > Gestión de Recursos y Documentación Digital > Gestión de Hojas de Vida y Actos Administrativos",BAJA
"Gestión Integral de la Estrategia Digital / Gestión de Recursos y Documentación Digital / Gestión de Parrilla de Contenidos - CRITICA - TTO","Time to own",60,minute,Default,"Gestión Integral de la Estrategia Digital > Gestión de Recursos y Documentación Digital > Gestión de Parrilla de Contenidos",CRITICA
"Gestión Integral de la Estrategia Digital / Gestión de Recursos y Documentación Digital / Gestión de Parrilla de Contenidos - CRITICA - TTR","Time to resolve",480,minute,Default,"Gestión Integral de la Estrategia Digital > Gestión de Recursos y Documentación Digital > Gestión de Parrilla de Contenidos",CRITICA
"Gestión Integral de la Estrategia Digital / Gestión de Recursos y Documentación Digital / Gestión de Parrilla de Contenidos - ALTA - TTO","Time to own",120,minute,Default,"Gestión Integral de la Estrategia Digital > Gestión de Recursos y Documentación Digital > Gestión de Parrilla de Contenidos",ALTA
"Gestión Integral de la Estrategia Digital / Gestión de Recursos y Documentación Digital / Gestión de Parrilla de Contenidos - ALTA - TTR","Time to resolve",1440,minute,Default,"Gestión Integral de la Estrategia Digital > Gestión de Recursos y Documentación Digital > Gestión de Parrilla de Contenidos",ALTA
"Gestión Integral de la Estrategia Digital / Gestión de Recursos y Documentación Digital / Gestión de Parrilla de Contenidos - MEDIA - TTO","Time to own",240,minute,Default,"Gestión Integral de la Estrategia Digital > Gestión de Recursos y Documentación Digital > Gestión de Parrilla de Contenidos",MEDIA
"Gestión Integral de la Estrategia Digital / Gestión de Recursos y Documentación Digital / Gestión de Parrilla de Contenidos - MEDIA - TTR","Time to resolve",2880,minute,Default,"Gestión Integral de la Estrategia Digital > Gestión de Recursos y Documentación Digital > Gestión de Parrilla de Contenidos",MEDIA
"Gestión Integral de la Estrategia Digital / Gestión de Recursos y Documentación Digital / Gestión de Parrilla de Contenidos - BAJA - TTO","Time to own",480,minute,Default,"Gestión Integral de la Estrategia Digital > Gestión de Recursos y Documentación Digital > Gestión de Parrilla de Contenidos",BAJA
"Gestión Integral de la Estrategia Digital / Gestión de Recursos y Documentación Digital / Gestión de Parrilla de Contenidos - BAJA - TTR","Time to resolve",4320,minute,Default,"Gestión Integral de la Estrategia Digital > Gestión de Recursos y Documentación Digital > Gestión de Parrilla de Contenidos",BAJA
"Gestión Integral de la Estrategia Digital / Gestión de Recursos y Documentación Digital / Informes Trimestrales Digitales - CRITICA - TTO","Time to own",60,minute,Default,"Gestión Integral de la Estrategia Digital > Gestión de Recursos y Documentación Digital > Informes Trimestrales Digitales",CRITICA
"Gestión Integral de la Estrategia Digital / Gestión de Recursos y Documentación Digital / Informes Trimestrales Digitales - CRITICA - TTR","Time to resolve",480,minute,Default,"Gestión Integral de la Estrategia Digital > Gestión de Recursos y Documentación Digital > Informes Trimestrales Digitales",CRITICA
"Gestión Integral de la Estrategia Digital / Gestión de Recursos y Documentación Digital / Informes Trimestrales Digitales - ALTA - TTO","Time to own",120,minute,Default,"Gestión Integral de la Estrategia Digital > Gestión de Recursos y Documentación Digital > Informes Trimestrales Digitales",ALTA
"Gestión Integral de la Estrategia Digital / Gestión de Recursos y Documentación Digital / Informes Trimestrales Digitales - ALTA - TTR","Time to resolve",1440,minute,Default,"Gestión Integral de la Estrategia Digital > Gestión de Recursos y Documentación Digital > Informes Trimestrales Digitales",ALTA
"Gestión Integral de la Estrategia Digital / Gestión de Recursos y Documentación Digital / Informes Trimestrales Digitales - MEDIA - TTO","Time to own",240,minute,Default,"Gestión Integral de la Estrategia Digital > Gestión de Recursos y Documentación Digital > Informes Trimestrales Digitales",MEDIA
"Gestión Integral de la Estrategia Digital / Gestión de Recursos y Documentación Digital / Informes Trimestrales Digitales - MEDIA - TTR","Time to resolve",2880,minute,Default,"Gestión Integral de la Estrategia Digital > Gestión de Recursos y Documentación Digital > Informes Trimestrales Digitales",MEDIA
"Gestión Integral de la Estrategia Digital / Gestión de Recursos y Documentación Digital / Informes Trimestrales Digitales - BAJA - TTO","Time to own",480,minute,Default,"Gestión Integral de la Estrategia Digital > Gestión de Recursos y Documentación Digital > Informes Trimestrales Digitales",BAJA
"Gestión Integral de la Estrategia Digital / Gestión de Recursos y Documentación Digital / Informes Trimestrales Digitales - BAJA - TTR","Time to resolve",4320,minute,Default,"Gestión Integral de la Estrategia Digital > Gestión de Recursos y Documentación Digital > Informes Trimestrales Digitales",BAJA
"Gestión Integral de la Estrategia Digital / Gestión de Recursos y Documentación Digital / Reportes para Mantenimiento - CRITICA - TTO","Time to own",60,minute,Default,"Gestión Integral de la Estrategia Digital > Gestión de Recursos y Documentación Digital > Reportes para Mantenimiento",CRITICA
"Gestión Integral de la Estrategia Digital / Gestión de Recursos y Documentación Digital / Reportes para Mantenimiento - CRITICA - TTR","Time to resolve",480,minute,Default,"Gestión Integral de la Estrategia Digital > Gestión de Recursos y Documentación Digital > Reportes para Mantenimiento",CRITICA
"Gestión Integral de la Estrategia Digital / Gestión de Recursos y Documentación Digital / Reportes para Mantenimiento - ALTA - TTO","Time to own",120,minute,Default,"Gestión Integral de la Estrategia Digital > Gestión de Recursos y Documentación Digital > Reportes para Mantenimiento",ALTA
"Gestión Integral de la Estrategia Digital / Gestión de Recursos y Documentación Digital / Reportes para Mantenimiento - ALTA - TTR","Time to resolve",1440,minute,Default,"Gestión Integral de la Estrategia Digital > Gestión de Recursos y Documentación Digital > Reportes para Mantenimiento",ALTA
"Gestión Integral de la Estrategia Digital / Gestión de Recursos y Documentación Digital / Reportes para Mantenimiento - MEDIA - TTO","Time to own",240,minute,Default,"Gestión Integral de la Estrategia Digital > Gestión de Recursos y Documentación Digital > Reportes para Mantenimiento",MEDIA
"Gestión Integral de la Estrategia Digital / Gestión de Recursos y Documentación Digital / Reportes para Mantenimiento - MEDIA - TTR","Time to resolve",2880,minute,Default,"Gestión Integral de la Estrategia Digital > Gestión de Recursos y Documentación Digital > Reportes para Mantenimiento",MEDIA
"Gestión Integral de la Estrategia Digital / Gestión de Recursos y Documentación Digital / Reportes para Mantenimiento - BAJA - TTO","Time to own",480,minute,Default,"Gestión Integral de la Estrategia Digital > Gestión de Recursos y Documentación Digital > Reportes para Mantenimiento",BAJA
"Gestión Integral de la Estrategia Digital / Gestión de Recursos y Documentación Digital / Reportes para Mantenimiento - BAJA - TTR","Time to resolve",4320,minute,Default,"Gestión Integral de la Estrategia Digital > Gestión de Recursos y Documentación Digital > Reportes para Mantenimiento",BAJA
"Gestión Integral de la Estrategia Digital / Soporte Técnico y Experimental Digital / Gestión de Servidores y Subdominios - CRITICA - TTO","Time to own",60,minute,Default,"Gestión Integral de la Estrategia Digital > Soporte Técnico y Experimental Digital > Gestión de Servidores y Subdominios",CRITICA
"Gestión Integral de la Estrategia Digital / Soporte Técnico y Experimental Digital / Gestión de Servidores y Subdominios - CRITICA - TTR","Time to resolve",480,minute,Default,"Gestión Integral de la Estrategia Digital > Soporte Técnico y Experimental Digital > Gestión de Servidores y Subdominios",CRITICA
"Gestión Integral de la Estrategia Digital / Soporte Técnico y Experimental Digital / Gestión de Servidores y Subdominios - ALTA - TTO","Time to own",120,minute,Default,"Gestión Integral de la Estrategia Digital > Soporte Técnico y Experimental Digital > Gestión de Servidores y Subdominios",ALTA
"Gestión Integral de la Estrategia Digital / Soporte Técnico y Experimental Digital / Gestión de Servidores y Subdominios - ALTA - TTR","Time to resolve",1440,minute,Default,"Gestión Integral de la Estrategia Digital > Soporte Técnico y Experimental Digital > Gestión de Servidores y Subdominios",ALTA
"Gestión Integral de la Estrategia Digital / Soporte Técnico y Experimental Digital / Gestión de Servidores y Subdominios - MEDIA - TTO","Time to own",240,minute,Default,"Gestión Integral de la Estrategia Digital > Soporte Técnico y Experimental Digital > Gestión de Servidores y Subdominios",MEDIA
"Gestión Integral de la Estrategia Digital / Soporte Técnico y Experimental Digital / Gestión de Servidores y Subdominios - MEDIA - TTR","Time to resolve",2880,minute,Default,"Gestión Integral de la Estrategia Digital > Soporte Técnico y Experimental Digital > Gestión de Servidores y Subdominios",MEDIA
"Gestión Integral de la Estrategia Digital / Soporte Técnico y Experimental Digital / Gestión de Servidores y Subdominios - BAJA - TTO","Time to own",480,minute,Default,"Gestión Integral de la Estrategia Digital > Soporte Técnico y Experimental Digital > Gestión de Servidores y Subdominios",BAJA
"Gestión Integral de la Estrategia Digital / Soporte Técnico y Experimental Digital / Gestión de Servidores y Subdominios - BAJA - TTR","Time to resolve",4320,minute,Default,"Gestión Integral de la Estrategia Digital > Soporte Técnico y Experimental Digital > Gestión de Servidores y Subdominios",BAJA
"Gestión Integral de la Estrategia Digital / Soporte Técnico y Experimental Digital / Pruebas y Desarrollo Experimental - CRITICA - TTO","Time to own",60,minute,Default,"Gestión Integral de la Estrategia Digital > Soporte Técnico y Experimental Digital > Pruebas y Desarrollo Experimental",CRITICA
"Gestión Integral de la Estrategia Digital / Soporte Técnico y Experimental Digital / Pruebas y Desarrollo Experimental - CRITICA - TTR","Time to resolve",480,minute,Default,"Gestión Integral de la Estrategia Digital > Soporte Técnico y Experimental Digital > Pruebas y Desarrollo Experimental",CRITICA
"Gestión Integral de la Estrategia Digital / Soporte Técnico y Experimental Digital / Pruebas y Desarrollo Experimental - ALTA - TTO","Time to own",120,minute,Default,"Gestión Integral de la Estrategia Digital > Soporte Técnico y Experimental Digital > Pruebas y Desarrollo Experimental",ALTA
"Gestión Integral de la Estrategia Digital / Soporte Técnico y Experimental Digital / Pruebas y Desarrollo Experimental - ALTA - TTR","Time to resolve",1440,minute,Default,"Gestión Integral de la Estrategia Digital > Soporte Técnico y Experimental Digital > Pruebas y Desarrollo Experimental",ALTA
"Gestión Integral de la Estrategia Digital / Soporte Técnico y Experimental Digital / Pruebas y Desarrollo Experimental - MEDIA - TTO","Time to own",240,minute,Default,"Gestión Integral de la Estrategia Digital > Soporte Técnico y Experimental Digital > Pruebas y Desarrollo Experimental",MEDIA
"Gestión Integral de la Estrategia Digital / Soporte Técnico y Experimental Digital / Pruebas y Desarrollo Experimental - MEDIA - TTR","Time to resolve",2880,minute,Default,"Gestión Integral de la Estrategia Digital > Soporte Técnico y Experimental Digital > Pruebas y Desarrollo Experimental",MEDIA
"Gestión Integral de la Estrategia Digital / Soporte Técnico y Experimental Digital / Pruebas y Desarrollo Experimental - BAJA - TTO","Time to own",480,minute,Default,"Gestión Integral de la Estrategia Digital > Soporte Técnico y Experimental Digital > Pruebas y Desarrollo Experimental",BAJA
"Gestión Integral de la Estrategia Digital / Soporte Técnico y Experimental Digital / Pruebas y Desarrollo Experimental - BAJA - TTR","Time to resolve",4320,minute,Default,"Gestión Integral de la Estrategia Digital > Soporte Técnico y Experimental Digital > Pruebas y Desarrollo Experimental",BAJA
"Gestión Integral de la Estrategia Digital / Soporte Técnico y Experimental Digital / Soporte a Proyectos Especiales No Recurrentes - CRITICA - TTO","Time to own",60,minute,Default,"Gestión Integral de la Estrategia Digital > Soporte Técnico y Experimental Digital > Soporte a Proyectos Especiales No Recurrentes",CRITICA
"Gestión Integral de la Estrategia Digital / Soporte Técnico y Experimental Digital / Soporte a Proyectos Especiales No Recurrentes - CRITICA - TTR","Time to resolve",480,minute,Default,"Gestión Integral de la Estrategia Digital > Soporte Técnico y Experimental Digital > Soporte a Proyectos Especiales No Recurrentes",CRITICA
"Gestión Integral de la Estrategia Digital / Soporte Técnico y Experimental Digital / Soporte a Proyectos Especiales No Recurrentes - ALTA - TTO","Time to own",120,minute,Default,"Gestión Integral de la Estrategia Digital > Soporte Técnico y Experimental Digital > Soporte a Proyectos Especiales No Recurrentes",ALTA
"Gestión Integral de la Estrategia Digital / Soporte Técnico y Experimental Digital / Soporte a Proyectos Especiales No Recurrentes - ALTA - TTR","Time to resolve",1440,minute,Default,"Gestión Integral de la Estrategia Digital > Soporte Técnico y Experimental Digital > Soporte a Proyectos Especiales No Recurrentes",ALTA
"Gestión Integral de la Estrategia Digital / Soporte Técnico y Experimental Digital / Soporte a Proyectos Especiales No Recurrentes - MEDIA - TTO","Time to own",240,minute,Default,"Gestión Integral de la Estrategia Digital > Soporte Técnico y Experimental Digital > Soporte a Proyectos Especiales No Recurrentes",MEDIA
"Gestión Integral de la Estrategia Digital / Soporte Técnico y Experimental Digital / Soporte a Proyectos Especiales No Recurrentes - MEDIA - TTR","Time to resolve",2880,minute,Default,"Gestión Integral de la Estrategia Digital > Soporte Técnico y Experimental Digital > Soporte a Proyectos Especiales No Recurrentes",MEDIA
"Gestión Integral de la Estrategia Digital / Soporte Técnico y Experimental Digital / Soporte a Proyectos Especiales No Recurrentes - BAJA - TTO","Time to own",480,minute,Default,"Gestión Integral de la Estrategia Digital > Soporte Técnico y Experimental Digital > Soporte a Proyectos Especiales No Recurrentes",BAJA
"Gestión Integral de la Estrategia Digital / Soporte Técnico y Experimental Digital / Soporte a Proyectos Especiales No Recurrentes - BAJA - TTR","Time to resolve",4320,minute,Default,"Gestión Integral de la Estrategia Digital > Soporte Técnico y Experimental Digital > Soporte a Proyectos Especiales No Recurrentes",BAJA
"Gestión Integral de la Estrategia Digital / Soporte Técnico y Experimental Digital / Soporte para Mailing y Comunicaciones - CRITICA - TTO","Time to own",60,minute,Default,"Gestión Integral de la Estrategia Digital > Soporte Técnico y Experimental Digital > Soporte para Mailing y Comunicaciones",CRITICA
"Gestión Integral de la Estrategia Digital / Soporte Técnico y Experimental Digital / Soporte para Mailing y Comunicaciones - CRITICA - TTR","Time to resolve",480,minute,Default,"Gestión Integral de la Estrategia Digital > Soporte Técnico y Experimental Digital > Soporte para Mailing y Comunicaciones",CRITICA
"Gestión Integral de la Estrategia Digital / Soporte Técnico y Experimental Digital / Soporte para Mailing y Comunicaciones - ALTA - TTO","Time to own",120,minute,Default,"Gestión Integral de la Estrategia Digital > Soporte Técnico y Experimental Digital > Soporte para Mailing y Comunicaciones",ALTA
"Gestión Integral de la Estrategia Digital / Soporte Técnico y Experimental Digital / Soporte para Mailing y Comunicaciones - ALTA - TTR","Time to resolve",1440,minute,Default,"Gestión Integral de la Estrategia Digital > Soporte Técnico y Experimental Digital > Soporte para Mailing y Comunicaciones",ALTA
"Gestión Integral de la Estrategia Digital / Soporte Técnico y Experimental Digital / Soporte para Mailing y Comunicaciones - MEDIA - TTO","Time to own",240,minute,Default,"Gestión Integral de la Estrategia Digital > Soporte Técnico y Experimental Digital > Soporte para Mailing y Comunicaciones",MEDIA
"Gestión Integral de la Estrategia Digital / Soporte Técnico y Experimental Digital / Soporte para Mailing y Comunicaciones - MEDIA - TTR","Time to resolve",2880,minute,Default,"Gestión Integral de la Estrategia Digital > Soporte Técnico y Experimental Digital > Soporte para Mailing y Comunicaciones",MEDIA
"Gestión Integral de la Estrategia Digital / Soporte Técnico y Experimental Digital / Soporte para Mailing y Comunicaciones - BAJA - TTO","Time to own",480,minute,Default,"Gestión Integral de la Estrategia Digital > Soporte Técnico y Experimental Digital > Soporte para Mailing y Comunicaciones",BAJA
"Gestión Integral de la Estrategia Digital / Soporte Técnico y Experimental Digital / Soporte para Mailing y Comunicaciones - BAJA - TTR","Time to resolve",4320,minute,Default,"Gestión Integral de la Estrategia Digital > Soporte Técnico y Experimental Digital > Soporte para Mailing y Comunicaciones",BAJA
"Publicaciones en Canales Digitales Institucionales / Publicaciones en Canales Digitales / Actualización de Contenidos en Portal Principal - CRITICA - TTO","Time to own",30,minute,Default,"Publicaciones en Canales Digitales Institucionales > Publicaciones en Canales Digitales > Actualización de Contenidos en Portal Principal",CRITICA
"Publicaciones en Canales Digitales Institucionales / Publicaciones en Canales Digitales / Actualización de Contenidos en Portal Principal - CRITICA - TTR","Time to resolve",120,minute,Default,"Publicaciones en Canales Digitales Institucionales > Publicaciones en Canales Digitales > Actualización de Contenidos en Portal Principal",CRITICA
"Publicaciones en Canales Digitales Institucionales / Publicaciones en Canales Digitales / Actualización de Contenidos en Portal Principal - ALTA - TTO","Time to own",60,minute,Default,"Publicaciones en Canales Digitales Institucionales > Publicaciones en Canales Digitales > Actualización de Contenidos en Portal Principal",ALTA
"Publicaciones en Canales Digitales Institucionales / Publicaciones en Canales Digitales / Actualización de Contenidos en Portal Principal - ALTA - TTR","Time to resolve",240,minute,Default,"Publicaciones en Canales Digitales Institucionales > Publicaciones en Canales Digitales > Actualización de Contenidos en Portal Principal",ALTA
"Publicaciones en Canales Digitales Institucionales / Publicaciones en Canales Digitales / Actualización de Contenidos en Portal Principal - MEDIA - TTO","Time to own",120,minute,Default,"Publicaciones en Canales Digitales Institucionales > Publicaciones en Canales Digitales > Actualización de Contenidos en Portal Principal",MEDIA
"Publicaciones en Canales Digitales Institucionales / Publicaciones en Canales Digitales / Actualización de Contenidos en Portal Principal - MEDIA - TTR","Time to resolve",360,minute,Default,"Publicaciones en Canales Digitales Institucionales > Publicaciones en Canales Digitales > Actualización de Contenidos en Portal Principal",MEDIA
"Publicaciones en Canales Digitales Institucionales / Publicaciones en Canales Digitales / Actualización de Contenidos en Portal Principal - BAJA - TTO","Time to own",240,minute,Default,"Publicaciones en Canales Digitales Institucionales > Publicaciones en Canales Digitales > Actualización de Contenidos en Portal Principal",BAJA
"Publicaciones en Canales Digitales Institucionales / Publicaciones en Canales Digitales / Actualización de Contenidos en Portal Principal - BAJA - TTR","Time to resolve",480,minute,Default,"Publicaciones en Canales Digitales Institucionales > Publicaciones en Canales Digitales > Actualización de Contenidos en Portal Principal",BAJA
"Publicaciones en Canales Digitales Institucionales / Publicaciones en Canales Digitales / Publicación de Noticia o Artículo - CRITICA - TTO","Time to own",30,minute,Default,"Publicaciones en Canales Digitales Institucionales > Publicaciones en Canales Digitales > Publicación de Noticia o Artículo",CRITICA
"Publicaciones en Canales Digitales Institucionales / Publicaciones en Canales Digitales / Publicación de Noticia o Artículo - CRITICA - TTR","Time to resolve",120,minute,Default,"Publicaciones en Canales Digitales Institucionales > Publicaciones en Canales Digitales > Publicación de Noticia o Artículo",CRITICA
"Publicaciones en Canales Digitales Institucionales / Publicaciones en Canales Digitales / Publicación de Noticia o Artículo - ALTA - TTO","Time to own",60,minute,Default,"Publicaciones en Canales Digitales Institucionales > Publicaciones en Canales Digitales > Publicación de Noticia o Artículo",ALTA
"Publicaciones en Canales Digitales Institucionales / Publicaciones en Canales Digitales / Publicación de Noticia o Artículo - ALTA - TTR","Time to resolve",240,minute,Default,"Publicaciones en Canales Digitales Institucionales > Publicaciones en Canales Digitales > Publicación de Noticia o Artículo",ALTA
"Publicaciones en Canales Digitales Institucionales / Publicaciones en Canales Digitales / Publicación de Noticia o Artículo - MEDIA - TTO","Time to own",120,minute,Default,"Publicaciones en Canales Digitales Institucionales > Publicaciones en Canales Digitales > Publicación de Noticia o Artículo",MEDIA
"Publicaciones en Canales Digitales Institucionales / Publicaciones en Canales Digitales / Publicación de Noticia o Artículo - MEDIA - TTR","Time to resolve",360,minute,Default,"Publicaciones en Canales Digitales Institucionales > Publicaciones en Canales Digitales > Publicación de Noticia o Artículo",MEDIA
"Publicaciones en Canales Digitales Institucionales / Publicaciones en Canales Digitales / Publicación de Noticia o Artículo - BAJA - TTO","Time to own",240,minute,Default,"Publicaciones en Canales Digitales Institucionales > Publicaciones en Canales Digitales > Publicación de Noticia o Artículo",BAJA
"Publicaciones en Canales Digitales Institucionales / Publicaciones en Canales Digitales / Publicación de Noticia o Artículo - BAJA - TTR","Time to resolve",480,minute,Default,"Publicaciones en Canales Digitales Institucionales > Publicaciones en Canales Digitales > Publicación de Noticia o Artículo",BAJA
"Publicaciones en Canales Digitales Institucionales / Publicaciones en Canales Digitales / Publicación de Documento - CRITICA - TTO","Time to own",30,minute,Default,"Publicaciones en Canales Digitales Institucionales > Publicaciones en Canales Digitales > Publicación de Documento",CRITICA
"Publicaciones en Canales Digitales Institucionales / Publicaciones en Canales Digitales / Publicación de Documento - CRITICA - TTR","Time to resolve",120,minute,Default,"Publicaciones en Canales Digitales Institucionales > Publicaciones en Canales Digitales > Publicación de Documento",CRITICA
"Publicaciones en Canales Digitales Institucionales / Publicaciones en Canales Digitales / Publicación de Documento - ALTA - TTO","Time to own",60,minute,Default,"Publicaciones en Canales Digitales Institucionales > Publicaciones en Canales Digitales > Publicación de Documento",ALTA
"Publicaciones en Canales Digitales Institucionales / Publicaciones en Canales Digitales / Publicación de Documento - ALTA - TTR","Time to resolve",240,minute,Default,"Publicaciones en Canales Digitales Institucionales > Publicaciones en Canales Digitales > Publicación de Documento",ALTA
"Publicaciones en Canales Digitales Institucionales / Publicaciones en Canales Digitales / Publicación de Documento - MEDIA - TTO","Time to own",120,minute,Default,"Publicaciones en Canales Digitales Institucionales > Publicaciones en Canales Digitales > Publicación de Documento",MEDIA
"Publicaciones en Canales Digitales Institucionales / Publicaciones en Canales Digitales / Publicación de Documento - MEDIA - TTR","Time to resolve",360,minute,Default,"Publicaciones en Canales Digitales Institucionales > Publicaciones en Canales Digitales > Publicación de Documento",MEDIA
"Publicaciones en Canales Digitales Institucionales / Publicaciones en Canales Digitales / Publicación de Documento - BAJA - TTO","Time to own",240,minute,Default,"Publicaciones en Canales Digitales Institucionales > Publicaciones en Canales Digitales > Publicación de Documento",BAJA
"Publicaciones en Canales Digitales Institucionales / Publicaciones en Canales Digitales / Publicación de Documento - BAJA - TTR","Time to resolve",480,minute,Default,"Publicaciones en Canales Digitales Institucionales > Publicaciones en Canales Digitales > Publicación de Documento",BAJA
"Publicaciones en Canales Digitales Institucionales / Publicaciones en Canales Digitales / Publicación de Banner - CRITICA - TTO","Time to own",30,minute,Default,"Publicaciones en Canales Digitales Institucionales > Publicaciones en Canales Digitales > Publicación de Banner",CRITICA
"Publicaciones en Canales Digitales Institucionales / Publicaciones en Canales Digitales / Publicación de Banner - CRITICA - TTR","Time to resolve",120,minute,Default,"Publicaciones en Canales Digitales Institucionales > Publicaciones en Canales Digitales > Publicación de Banner",CRITICA
"Publicaciones en Canales Digitales Institucionales / Publicaciones en Canales Digitales / Publicación de Banner - ALTA - TTO","Time to own",60,minute,Default,"Publicaciones en Canales Digitales Institucionales > Publicaciones en Canales Digitales > Publicación de Banner",ALTA
"Publicaciones en Canales Digitales Institucionales / Publicaciones en Canales Digitales / Publicación de Banner - ALTA - TTR","Time to resolve",240,minute,Default,"Publicaciones en Canales Digitales Institucionales > Publicaciones en Canales Digitales > Publicación de Banner",ALTA
"Publicaciones en Canales Digitales Institucionales / Publicaciones en Canales Digitales / Publicación de Banner - MEDIA - TTO","Time to own",120,minute,Default,"Publicaciones en Canales Digitales Institucionales > Publicaciones en Canales Digitales > Publicación de Banner",MEDIA
"Publicaciones en Canales Digitales Institucionales / Publicaciones en Canales Digitales / Publicación de Banner - MEDIA - TTR","Time to resolve",360,minute,Default,"Publicaciones en Canales Digitales Institucionales > Publicaciones en Canales Digitales > Publicación de Banner",MEDIA
"Publicaciones en Canales Digitales Institucionales / Publicaciones en Canales Digitales / Publicación de Banner - BAJA - TTO","Time to own",240,minute,Default,"Publicaciones en Canales Digitales Institucionales > Publicaciones en Canales Digitales > Publicación de Banner",BAJA
"Publicaciones en Canales Digitales Institucionales / Publicaciones en Canales Digitales / Publicación de Banner - BAJA - TTR","Time to resolve",480,minute,Default,"Publicaciones en Canales Digitales Institucionales > Publicaciones en Canales Digitales > Publicación de Banner",BAJA
"Publicaciones en Canales Digitales Institucionales / Publicaciones en Canales Digitales / Verificación de Publicación - CRITICA - TTO","Time to own",120,minute,Default,"Publicaciones en Canales Digitales Institucionales > Publicaciones en Canales Digitales > Verificación de Publicación",CRITICA
"Publicaciones en Canales Digitales Institucionales / Publicaciones en Canales Digitales / Verificación de Publicación - CRITICA - TTR","Time to resolve",480,minute,Default,"Publicaciones en Canales Digitales Institucionales > Publicaciones en Canales Digitales > Verificación de Publicación",CRITICA
"Publicaciones en Canales Digitales Institucionales / Publicaciones en Canales Digitales / Verificación de Publicación - ALTA - TTO","Time to own",240,minute,Default,"Publicaciones en Canales Digitales Institucionales > Publicaciones en Canales Digitales > Verificación de Publicación",ALTA
"Publicaciones en Canales Digitales Institucionales / Publicaciones en Canales Digitales / Verificación de Publicación - ALTA - TTR","Time to resolve",1440,minute,Default,"Publicaciones en Canales Digitales Institucionales > Publicaciones en Canales Digitales > Verificación de Publicación",ALTA
"Publicaciones en Canales Digitales Institucionales / Publicaciones en Canales Digitales / Verificación de Publicación - MEDIA - TTO","Time to own",480,minute,Default,"Publicaciones en Canales Digitales Institucionales > Publicaciones en Canales Digitales > Verificación de Publicación",MEDIA
"Publicaciones en Canales Digitales Institucionales / Publicaciones en Canales Digitales / Verificación de Publicación - MEDIA - TTR","Time to resolve",2880,minute,Default,"Publicaciones en Canales Digitales Institucionales > Publicaciones en Canales Digitales > Verificación de Publicación",MEDIA
"Publicaciones en Canales Digitales Institucionales / Publicaciones en Canales Digitales / Verificación de Publicación - BAJA - TTO","Time to own",960,minute,Default,"Publicaciones en Canales Digitales Institucionales > Publicaciones en Canales Digitales > Verificación de Publicación",BAJA
"Publicaciones en Canales Digitales Institucionales / Publicaciones en Canales Digitales / Verificación de Publicación - BAJA - TTR","Time to resolve",4320,minute,Default,"Publicaciones en Canales Digitales Institucionales > Publicaciones en Canales Digitales > Verificación de Publicación",BAJA
"Formulación y Ejecución de Estrategia de Comunicación Digital / Estrategia de Comunicación Digital / Ejecución de envío de comunicaciones masivas - CRITICA - TTO","Time to own",30,minute,Default,"Formulación y Ejecución de Estrategia de Comunicación Digital > Estrategia de Comunicación Digital > Ejecución de envío de comunicaciones masivas",CRITICA
"Formulación y Ejecución de Estrategia de Comunicación Digital / Estrategia de Comunicación Digital / Ejecución de envío de comunicaciones masivas - CRITICA - TTR","Time to resolve",120,minute,Default,"Formulación y Ejecución de Estrategia de Comunicación Digital > Estrategia de Comunicación Digital > Ejecución de envío de comunicaciones masivas",CRITICA
"Formulación y Ejecución de Estrategia de Comunicación Digital / Estrategia de Comunicación Digital / Ejecución de envío de comunicaciones masivas - ALTA - TTO","Time to own",60,minute,Default,"Formulación y Ejecución de Estrategia de Comunicación Digital > Estrategia de Comunicación Digital > Ejecución de envío de comunicaciones masivas",ALTA
"Formulación y Ejecución de Estrategia de Comunicación Digital / Estrategia de Comunicación Digital / Ejecución de envío de comunicaciones masivas - ALTA - TTR","Time to resolve",240,minute,Default,"Formulación y Ejecución de Estrategia de Comunicación Digital > Estrategia de Comunicación Digital > Ejecución de envío de comunicaciones masivas",ALTA
"Formulación y Ejecución de Estrategia de Comunicación Digital / Estrategia de Comunicación Digital / Ejecución de envío de comunicaciones masivas - MEDIA - TTO","Time to own",120,minute,Default,"Formulación y Ejecución de Estrategia de Comunicación Digital > Estrategia de Comunicación Digital > Ejecución de envío de comunicaciones masivas",MEDIA
"Formulación y Ejecución de Estrategia de Comunicación Digital / Estrategia de Comunicación Digital / Ejecución de envío de comunicaciones masivas - MEDIA - TTR","Time to resolve",360,minute,Default,"Formulación y Ejecución de Estrategia de Comunicación Digital > Estrategia de Comunicación Digital > Ejecución de envío de comunicaciones masivas",MEDIA
"Formulación y Ejecución de Estrategia de Comunicación Digital / Estrategia de Comunicación Digital / Ejecución de envío de comunicaciones masivas - BAJA - TTO","Time to own",240,minute,Default,"Formulación y Ejecución de Estrategia de Comunicación Digital > Estrategia de Comunicación Digital > Ejecución de envío de comunicaciones masivas",BAJA
"Formulación y Ejecución de Estrategia de Comunicación Digital / Estrategia de Comunicación Digital / Ejecución de envío de comunicaciones masivas - BAJA - TTR","Time to resolve",480,minute,Default,"Formulación y Ejecución de Estrategia de Comunicación Digital > Estrategia de Comunicación Digital > Ejecución de envío de comunicaciones masivas",BAJA
"Formulación y Ejecución de Estrategia de Comunicación Digital / Estrategia de Comunicación Digital / Gestión de Secciones Especiales y Campañas - CRITICA - TTO","Time to own",30,minute,Default,"Formulación y Ejecución de Estrategia de Comunicación Digital > Estrategia de Comunicación Digital > Gestión de Secciones Especiales y Campañas",CRITICA
"Formulación y Ejecución de Estrategia de Comunicación Digital / Estrategia de Comunicación Digital / Gestión de Secciones Especiales y Campañas - CRITICA - TTR","Time to resolve",5760,minute,Default,"Formulación y Ejecución de Estrategia de Comunicación Digital > Estrategia de Comunicación Digital > Gestión de Secciones Especiales y Campañas",CRITICA
"Formulación y Ejecución de Estrategia de Comunicación Digital / Estrategia de Comunicación Digital / Gestión de Secciones Especiales y Campañas - ALTA - TTO","Time to own",60,minute,Default,"Formulación y Ejecución de Estrategia de Comunicación Digital > Estrategia de Comunicación Digital > Gestión de Secciones Especiales y Campañas",ALTA
"Formulación y Ejecución de Estrategia de Comunicación Digital / Estrategia de Comunicación Digital / Gestión de Secciones Especiales y Campañas - ALTA - TTR","Time to resolve",11520,minute,Default,"Formulación y Ejecución de Estrategia de Comunicación Digital > Estrategia de Comunicación Digital > Gestión de Secciones Especiales y Campañas",ALTA
"Formulación y Ejecución de Estrategia de Comunicación Digital / Estrategia de Comunicación Digital / Gestión de Secciones Especiales y Campañas - MEDIA - TTO","Time to own",120,minute,Default,"Formulación y Ejecución de Estrategia de Comunicación Digital > Estrategia de Comunicación Digital > Gestión de Secciones Especiales y Campañas",MEDIA
"Formulación y Ejecución de Estrategia de Comunicación Digital / Estrategia de Comunicación Digital / Gestión de Secciones Especiales y Campañas - MEDIA - TTR","Time to resolve",21600,minute,Default,"Formulación y Ejecución de Estrategia de Comunicación Digital > Estrategia de Comunicación Digital > Gestión de Secciones Especiales y Campañas",MEDIA
"Formulación y Ejecución de Estrategia de Comunicación Digital / Estrategia de Comunicación Digital / Gestión de Secciones Especiales y Campañas - BAJA - TTO","Time to own",240,minute,Default,"Formulación y Ejecución de Estrategia de Comunicación Digital > Estrategia de Comunicación Digital > Gestión de Secciones Especiales y Campañas",BAJA
"Formulación y Ejecución de Estrategia de Comunicación Digital / Estrategia de Comunicación Digital / Gestión de Secciones Especiales y Campañas - BAJA - TTR","Time to resolve",36000,minute,Default,"Formulación y Ejecución de Estrategia de Comunicación Digital > Estrategia de Comunicación Digital > Gestión de Secciones Especiales y Campañas",BAJA
"Formulación y Ejecución de Estrategia de Comunicación Digital / Estrategia de Comunicación Digital / Reportes de Analítica Web - CRITICA - TTO","Time to own",30,minute,Default,"Formulación y Ejecución de Estrategia de Comunicación Digital > Estrategia de Comunicación Digital > Reportes de Analítica Web",CRITICA
"Formulación y Ejecución de Estrategia de Comunicación Digital / Estrategia de Comunicación Digital / Reportes de Analítica Web - CRITICA - TTR","Time to resolve",120,minute,Default,"Formulación y Ejecución de Estrategia de Comunicación Digital > Estrategia de Comunicación Digital > Reportes de Analítica Web",CRITICA
"Formulación y Ejecución de Estrategia de Comunicación Digital / Estrategia de Comunicación Digital / Reportes de Analítica Web - ALTA - TTO","Time to own",60,minute,Default,"Formulación y Ejecución de Estrategia de Comunicación Digital > Estrategia de Comunicación Digital > Reportes de Analítica Web",ALTA
"Formulación y Ejecución de Estrategia de Comunicación Digital / Estrategia de Comunicación Digital / Reportes de Analítica Web - ALTA - TTR","Time to resolve",240,minute,Default,"Formulación y Ejecución de Estrategia de Comunicación Digital > Estrategia de Comunicación Digital > Reportes de Analítica Web",ALTA
"Formulación y Ejecución de Estrategia de Comunicación Digital / Estrategia de Comunicación Digital / Reportes de Analítica Web - MEDIA - TTO","Time to own",120,minute,Default,"Formulación y Ejecución de Estrategia de Comunicación Digital > Estrategia de Comunicación Digital > Reportes de Analítica Web",MEDIA
"Formulación y Ejecución de Estrategia de Comunicación Digital / Estrategia de Comunicación Digital / Reportes de Analítica Web - MEDIA - TTR","Time to resolve",360,minute,Default,"Formulación y Ejecución de Estrategia de Comunicación Digital > Estrategia de Comunicación Digital > Reportes de Analítica Web",MEDIA
"Formulación y Ejecución de Estrategia de Comunicación Digital / Estrategia de Comunicación Digital / Reportes de Analítica Web - BAJA - TTO","Time to own",240,minute,Default,"Formulación y Ejecución de Estrategia de Comunicación Digital > Estrategia de Comunicación Digital > Reportes de Analítica Web",BAJA
"Formulación y Ejecución de Estrategia de Comunicación Digital / Estrategia de Comunicación Digital / Reportes de Analítica Web - BAJA - TTR","Time to resolve",480,minute,Default,"Formulación y Ejecución de Estrategia de Comunicación Digital > Estrategia de Comunicación Digital > Reportes de Analítica Web",BAJA
"Formulación y Ejecución de Estrategia de Comunicación Digital / Estrategia de Comunicación Digital / Gestión de listas de distribución y bases de destinatarios - CRITICA - TTO","Time to own",30,minute,Default,"Formulación y Ejecución de Estrategia de Comunicación Digital > Estrategia de Comunicación Digital > Gestión de listas de distribución y bases de destinatarios",CRITICA
"Formulación y Ejecución de Estrategia de Comunicación Digital / Estrategia de Comunicación Digital / Gestión de listas de distribución y bases de destinatarios - CRITICA - TTR","Time to resolve",120,minute,Default,"Formulación y Ejecución de Estrategia de Comunicación Digital > Estrategia de Comunicación Digital > Gestión de listas de distribución y bases de destinatarios",CRITICA
"Formulación y Ejecución de Estrategia de Comunicación Digital / Estrategia de Comunicación Digital / Gestión de listas de distribución y bases de destinatarios - ALTA - TTO","Time to own",60,minute,Default,"Formulación y Ejecución de Estrategia de Comunicación Digital > Estrategia de Comunicación Digital > Gestión de listas de distribución y bases de destinatarios",ALTA
"Formulación y Ejecución de Estrategia de Comunicación Digital / Estrategia de Comunicación Digital / Gestión de listas de distribución y bases de destinatarios - ALTA - TTR","Time to resolve",240,minute,Default,"Formulación y Ejecución de Estrategia de Comunicación Digital > Estrategia de Comunicación Digital > Gestión de listas de distribución y bases de destinatarios",ALTA
"Formulación y Ejecución de Estrategia de Comunicación Digital / Estrategia de Comunicación Digital / Gestión de listas de distribución y bases de destinatarios - MEDIA - TTO","Time to own",120,minute,Default,"Formulación y Ejecución de Estrategia de Comunicación Digital > Estrategia de Comunicación Digital > Gestión de listas de distribución y bases de destinatarios",MEDIA
"Formulación y Ejecución de Estrategia de Comunicación Digital / Estrategia de Comunicación Digital / Gestión de listas de distribución y bases de destinatarios - MEDIA - TTR","Time to resolve",360,minute,Default,"Formulación y Ejecución de Estrategia de Comunicación Digital > Estrategia de Comunicación Digital > Gestión de listas de distribución y bases de destinatarios",MEDIA
"Formulación y Ejecución de Estrategia de Comunicación Digital / Estrategia de Comunicación Digital / Gestión de listas de distribución y bases de destinatarios - BAJA - TTO","Time to own",240,minute,Default,"Formulación y Ejecución de Estrategia de Comunicación Digital > Estrategia de Comunicación Digital > Gestión de listas de distribución y bases de destinatarios",BAJA
"Formulación y Ejecución de Estrategia de Comunicación Digital / Estrategia de Comunicación Digital / Gestión de listas de distribución y bases de destinatarios - BAJA - TTR","Time to resolve",480,minute,Default,"Formulación y Ejecución de Estrategia de Comunicación Digital > Estrategia de Comunicación Digital > Gestión de listas de distribución y bases de destinatarios",BAJA
"Gestión de Publicaciones Digitales / 1. Publicación y Actualización Técnica de Contenidos Web / Publicación de Contenidos en Landing Pages - CRITICA - TTO","Time to own",30,minute,Default,"Gestión de Publicaciones Digitales > 1. Publicación y Actualización Técnica de Contenidos Web > Publicación de Contenidos en Landing Pages",CRITICA
"Gestión de Publicaciones Digitales / 1. Publicación y Actualización Técnica de Contenidos Web / Publicación de Contenidos en Landing Pages - CRITICA - TTR","Time to resolve",120,minute,Default,"Gestión de Publicaciones Digitales > 1. Publicación y Actualización Técnica de Contenidos Web > Publicación de Contenidos en Landing Pages",CRITICA
"Gestión de Publicaciones Digitales / 1. Publicación y Actualización Técnica de Contenidos Web / Publicación de Contenidos en Landing Pages - ALTA - TTO","Time to own",60,minute,Default,"Gestión de Publicaciones Digitales > 1. Publicación y Actualización Técnica de Contenidos Web > Publicación de Contenidos en Landing Pages",ALTA
"Gestión de Publicaciones Digitales / 1. Publicación y Actualización Técnica de Contenidos Web / Publicación de Contenidos en Landing Pages - ALTA - TTR","Time to resolve",240,minute,Default,"Gestión de Publicaciones Digitales > 1. Publicación y Actualización Técnica de Contenidos Web > Publicación de Contenidos en Landing Pages",ALTA
"Gestión de Publicaciones Digitales / 1. Publicación y Actualización Técnica de Contenidos Web / Publicación de Contenidos en Landing Pages - MEDIA - TTO","Time to own",120,minute,Default,"Gestión de Publicaciones Digitales > 1. Publicación y Actualización Técnica de Contenidos Web > Publicación de Contenidos en Landing Pages",MEDIA
"Gestión de Publicaciones Digitales / 1. Publicación y Actualización Técnica de Contenidos Web / Publicación de Contenidos en Landing Pages - MEDIA - TTR","Time to resolve",360,minute,Default,"Gestión de Publicaciones Digitales > 1. Publicación y Actualización Técnica de Contenidos Web > Publicación de Contenidos en Landing Pages",MEDIA
"Gestión de Publicaciones Digitales / 1. Publicación y Actualización Técnica de Contenidos Web / Publicación de Contenidos en Landing Pages - BAJA - TTO","Time to own",240,minute,Default,"Gestión de Publicaciones Digitales > 1. Publicación y Actualización Técnica de Contenidos Web > Publicación de Contenidos en Landing Pages",BAJA
"Gestión de Publicaciones Digitales / 1. Publicación y Actualización Técnica de Contenidos Web / Publicación de Contenidos en Landing Pages - BAJA - TTR","Time to resolve",480,minute,Default,"Gestión de Publicaciones Digitales > 1. Publicación y Actualización Técnica de Contenidos Web > Publicación de Contenidos en Landing Pages",BAJA
"Gestión de Publicaciones Digitales / 1. Publicación y Actualización Técnica de Contenidos Web / Mantenimiento de Micrositios y Subdominios - CRITICA - TTO","Time to own",30,minute,Default,"Gestión de Publicaciones Digitales > 1. Publicación y Actualización Técnica de Contenidos Web > Mantenimiento de Micrositios y Subdominios",CRITICA
"Gestión de Publicaciones Digitales / 1. Publicación y Actualización Técnica de Contenidos Web / Mantenimiento de Micrositios y Subdominios - CRITICA - TTR","Time to resolve",120,minute,Default,"Gestión de Publicaciones Digitales > 1. Publicación y Actualización Técnica de Contenidos Web > Mantenimiento de Micrositios y Subdominios",CRITICA
"Gestión de Publicaciones Digitales / 1. Publicación y Actualización Técnica de Contenidos Web / Mantenimiento de Micrositios y Subdominios - ALTA - TTO","Time to own",60,minute,Default,"Gestión de Publicaciones Digitales > 1. Publicación y Actualización Técnica de Contenidos Web > Mantenimiento de Micrositios y Subdominios",ALTA
"Gestión de Publicaciones Digitales / 1. Publicación y Actualización Técnica de Contenidos Web / Mantenimiento de Micrositios y Subdominios - ALTA - TTR","Time to resolve",240,minute,Default,"Gestión de Publicaciones Digitales > 1. Publicación y Actualización Técnica de Contenidos Web > Mantenimiento de Micrositios y Subdominios",ALTA
"Gestión de Publicaciones Digitales / 1. Publicación y Actualización Técnica de Contenidos Web / Mantenimiento de Micrositios y Subdominios - MEDIA - TTO","Time to own",120,minute,Default,"Gestión de Publicaciones Digitales > 1. Publicación y Actualización Técnica de Contenidos Web > Mantenimiento de Micrositios y Subdominios",MEDIA
"Gestión de Publicaciones Digitales / 1. Publicación y Actualización Técnica de Contenidos Web / Mantenimiento de Micrositios y Subdominios - MEDIA - TTR","Time to resolve",360,minute,Default,"Gestión de Publicaciones Digitales > 1. Publicación y Actualización Técnica de Contenidos Web > Mantenimiento de Micrositios y Subdominios",MEDIA
"Gestión de Publicaciones Digitales / 1. Publicación y Actualización Técnica de Contenidos Web / Mantenimiento de Micrositios y Subdominios - BAJA - TTO","Time to own",240,minute,Default,"Gestión de Publicaciones Digitales > 1. Publicación y Actualización Técnica de Contenidos Web > Mantenimiento de Micrositios y Subdominios",BAJA
"Gestión de Publicaciones Digitales / 1. Publicación y Actualización Técnica de Contenidos Web / Mantenimiento de Micrositios y Subdominios - BAJA - TTR","Time to resolve",480,minute,Default,"Gestión de Publicaciones Digitales > 1. Publicación y Actualización Técnica de Contenidos Web > Mantenimiento de Micrositios y Subdominios",BAJA
"Gestión de Publicaciones Digitales / 1. Publicación y Actualización Técnica de Contenidos Web / Actualización de Secciones del Portal Principal - CRITICA - TTO","Time to own",30,minute,Default,"Gestión de Publicaciones Digitales > 1. Publicación y Actualización Técnica de Contenidos Web > Actualización de Secciones del Portal Principal",CRITICA
"Gestión de Publicaciones Digitales / 1. Publicación y Actualización Técnica de Contenidos Web / Actualización de Secciones del Portal Principal - CRITICA - TTR","Time to resolve",120,minute,Default,"Gestión de Publicaciones Digitales > 1. Publicación y Actualización Técnica de Contenidos Web > Actualización de Secciones del Portal Principal",CRITICA
"Gestión de Publicaciones Digitales / 1. Publicación y Actualización Técnica de Contenidos Web / Actualización de Secciones del Portal Principal - ALTA - TTO","Time to own",60,minute,Default,"Gestión de Publicaciones Digitales > 1. Publicación y Actualización Técnica de Contenidos Web > Actualización de Secciones del Portal Principal",ALTA
"Gestión de Publicaciones Digitales / 1. Publicación y Actualización Técnica de Contenidos Web / Actualización de Secciones del Portal Principal - ALTA - TTR","Time to resolve",240,minute,Default,"Gestión de Publicaciones Digitales > 1. Publicación y Actualización Técnica de Contenidos Web > Actualización de Secciones del Portal Principal",ALTA
"Gestión de Publicaciones Digitales / 1. Publicación y Actualización Técnica de Contenidos Web / Actualización de Secciones del Portal Principal - MEDIA - TTO","Time to own",120,minute,Default,"Gestión de Publicaciones Digitales > 1. Publicación y Actualización Técnica de Contenidos Web > Actualización de Secciones del Portal Principal",MEDIA
"Gestión de Publicaciones Digitales / 1. Publicación y Actualización Técnica de Contenidos Web / Actualización de Secciones del Portal Principal - MEDIA - TTR","Time to resolve",360,minute,Default,"Gestión de Publicaciones Digitales > 1. Publicación y Actualización Técnica de Contenidos Web > Actualización de Secciones del Portal Principal",MEDIA
"Gestión de Publicaciones Digitales / 1. Publicación y Actualización Técnica de Contenidos Web / Actualización de Secciones del Portal Principal - BAJA - TTO","Time to own",240,minute,Default,"Gestión de Publicaciones Digitales > 1. Publicación y Actualización Técnica de Contenidos Web > Actualización de Secciones del Portal Principal",BAJA
"Gestión de Publicaciones Digitales / 1. Publicación y Actualización Técnica de Contenidos Web / Actualización de Secciones del Portal Principal - BAJA - TTR","Time to resolve",480,minute,Default,"Gestión de Publicaciones Digitales > 1. Publicación y Actualización Técnica de Contenidos Web > Actualización de Secciones del Portal Principal",BAJA
"Gestión de Publicaciones Digitales / 1. Publicación y Actualización Técnica de Contenidos Web / Gestión Técnica de Aplicativos Web - CRITICA - TTO","Time to own",30,minute,Default,"Gestión de Publicaciones Digitales > 1. Publicación y Actualización Técnica de Contenidos Web > Gestión Técnica de Aplicativos Web",CRITICA
"Gestión de Publicaciones Digitales / 1. Publicación y Actualización Técnica de Contenidos Web / Gestión Técnica de Aplicativos Web - CRITICA - TTR","Time to resolve",120,minute,Default,"Gestión de Publicaciones Digitales > 1. Publicación y Actualización Técnica de Contenidos Web > Gestión Técnica de Aplicativos Web",CRITICA
"Gestión de Publicaciones Digitales / 1. Publicación y Actualización Técnica de Contenidos Web / Gestión Técnica de Aplicativos Web - ALTA - TTO","Time to own",60,minute,Default,"Gestión de Publicaciones Digitales > 1. Publicación y Actualización Técnica de Contenidos Web > Gestión Técnica de Aplicativos Web",ALTA
"Gestión de Publicaciones Digitales / 1. Publicación y Actualización Técnica de Contenidos Web / Gestión Técnica de Aplicativos Web - ALTA - TTR","Time to resolve",240,minute,Default,"Gestión de Publicaciones Digitales > 1. Publicación y Actualización Técnica de Contenidos Web > Gestión Técnica de Aplicativos Web",ALTA
"Gestión de Publicaciones Digitales / 1. Publicación y Actualización Técnica de Contenidos Web / Gestión Técnica de Aplicativos Web - MEDIA - TTO","Time to own",120,minute,Default,"Gestión de Publicaciones Digitales > 1. Publicación y Actualización Técnica de Contenidos Web > Gestión Técnica de Aplicativos Web",MEDIA
"Gestión de Publicaciones Digitales / 1. Publicación y Actualización Técnica de Contenidos Web / Gestión Técnica de Aplicativos Web - MEDIA - TTR","Time to resolve",360,minute,Default,"Gestión de Publicaciones Digitales > 1. Publicación y Actualización Técnica de Contenidos Web > Gestión Técnica de Aplicativos Web",MEDIA
"Gestión de Publicaciones Digitales / 1. Publicación y Actualización Técnica de Contenidos Web / Gestión Técnica de Aplicativos Web - BAJA - TTO","Time to own",240,minute,Default,"Gestión de Publicaciones Digitales > 1. Publicación y Actualización Técnica de Contenidos Web > Gestión Técnica de Aplicativos Web",BAJA
"Gestión de Publicaciones Digitales / 1. Publicación y Actualización Técnica de Contenidos Web / Gestión Técnica de Aplicativos Web - BAJA - TTR","Time to resolve",480,minute,Default,"Gestión de Publicaciones Digitales > 1. Publicación y Actualización Técnica de Contenidos Web > Gestión Técnica de Aplicativos Web",BAJA
"Gestión de Publicaciones Digitales / Estrategia de Comunicación Digital / Ejecución de envío de comunicaciones masivas - CRITICA - TTO","Time to own",30,minute,Default,"Gestión de Publicaciones Digitales > Estrategia de Comunicación Digital > Ejecución de envío de comunicaciones masivas",CRITICA
"Gestión de Publicaciones Digitales / Estrategia de Comunicación Digital / Ejecución de envío de comunicaciones masivas - CRITICA - TTR","Time to resolve",120,minute,Default,"Gestión de Publicaciones Digitales > Estrategia de Comunicación Digital > Ejecución de envío de comunicaciones masivas",CRITICA
"Gestión de Publicaciones Digitales / Estrategia de Comunicación Digital / Ejecución de envío de comunicaciones masivas - ALTA - TTO","Time to own",60,minute,Default,"Gestión de Publicaciones Digitales > Estrategia de Comunicación Digital > Ejecución de envío de comunicaciones masivas",ALTA
"Gestión de Publicaciones Digitales / Estrategia de Comunicación Digital / Ejecución de envío de comunicaciones masivas - ALTA - TTR","Time to resolve",240,minute,Default,"Gestión de Publicaciones Digitales > Estrategia de Comunicación Digital > Ejecución de envío de comunicaciones masivas",ALTA
"Gestión de Publicaciones Digitales / Estrategia de Comunicación Digital / Ejecución de envío de comunicaciones masivas - MEDIA - TTO","Time to own",120,minute,Default,"Gestión de Publicaciones Digitales > Estrategia de Comunicación Digital > Ejecución de envío de comunicaciones masivas",MEDIA
"Gestión de Publicaciones Digitales / Estrategia de Comunicación Digital / Ejecución de envío de comunicaciones masivas - MEDIA - TTR","Time to resolve",360,minute,Default,"Gestión de Publicaciones Digitales > Estrategia de Comunicación Digital > Ejecución de envío de comunicaciones masivas",MEDIA
"Gestión de Publicaciones Digitales / Estrategia de Comunicación Digital / Ejecución de envío de comunicaciones masivas - BAJA - TTO","Time to own",240,minute,Default,"Gestión de Publicaciones Digitales > Estrategia de Comunicación Digital > Ejecución de envío de comunicaciones masivas",BAJA
"Gestión de Publicaciones Digitales / Estrategia de Comunicación Digital / Ejecución de envío de comunicaciones masivas - BAJA - TTR","Time to resolve",480,minute,Default,"Gestión de Publicaciones Digitales > Estrategia de Comunicación Digital > Ejecución de envío de comunicaciones masivas",BAJA
"Gestión de Publicaciones Digitales / Estrategia de Comunicación Digital / Gestión de Secciones Especiales y Campañas - CRITICA - TTO","Time to own",30,minute,Default,"Gestión de Publicaciones Digitales > Estrategia de Comunicación Digital > Gestión de Secciones Especiales y Campañas",CRITICA
"Gestión de Publicaciones Digitales / Estrategia de Comunicación Digital / Gestión de Secciones Especiales y Campañas - CRITICA - TTR","Time to resolve",120,minute,Default,"Gestión de Publicaciones Digitales > Estrategia de Comunicación Digital > Gestión de Secciones Especiales y Campañas",CRITICA
"Gestión de Publicaciones Digitales / Estrategia de Comunicación Digital / Gestión de Secciones Especiales y Campañas - ALTA - TTO","Time to own",60,minute,Default,"Gestión de Publicaciones Digitales > Estrategia de Comunicación Digital > Gestión de Secciones Especiales y Campañas",ALTA
"Gestión de Publicaciones Digitales / Estrategia de Comunicación Digital / Gestión de Secciones Especiales y Campañas - ALTA - TTR","Time to resolve",240,minute,Default,"Gestión de Publicaciones Digitales > Estrategia de Comunicación Digital > Gestión de Secciones Especiales y Campañas",ALTA
"Gestión de Publicaciones Digitales / Estrategia de Comunicación Digital / Gestión de Secciones Especiales y Campañas - MEDIA - TTO","Time to own",120,minute,Default,"Gestión de Publicaciones Digitales > Estrategia de Comunicación Digital > Gestión de Secciones Especiales y Campañas",MEDIA
"Gestión de Publicaciones Digitales / Estrategia de Comunicación Digital / Gestión de Secciones Especiales y Campañas - MEDIA - TTR","Time to resolve",360,minute,Default,"Gestión de Publicaciones Digitales > Estrategia de Comunicación Digital > Gestión de Secciones Especiales y Campañas",MEDIA
"Gestión de Publicaciones Digitales / Estrategia de Comunicación Digital / Gestión de Secciones Especiales y Campañas - BAJA - TTO","Time to own",240,minute,Default,"Gestión de Publicaciones Digitales > Estrategia de Comunicación Digital > Gestión de Secciones Especiales y Campañas",BAJA
"Gestión de Publicaciones Digitales / Estrategia de Comunicación Digital / Gestión de Secciones Especiales y Campañas - BAJA - TTR","Time to resolve",480,minute,Default,"Gestión de Publicaciones Digitales > Estrategia de Comunicación Digital > Gestión de Secciones Especiales y Campañas",BAJA
"Gestión de Publicaciones Digitales / Estrategia de Comunicación Digital / Reportes de Analítica Web - CRITICA - TTO","Time to own",30,minute,Default,"Gestión de Publicaciones Digitales > Estrategia de Comunicación Digital > Reportes de Analítica Web",CRITICA
"Gestión de Publicaciones Digitales / Estrategia de Comunicación Digital / Reportes de Analítica Web - CRITICA - TTR","Time to resolve",120,minute,Default,"Gestión de Publicaciones Digitales > Estrategia de Comunicación Digital > Reportes de Analítica Web",CRITICA
"Gestión de Publicaciones Digitales / Estrategia de Comunicación Digital / Reportes de Analítica Web - ALTA - TTO","Time to own",60,minute,Default,"Gestión de Publicaciones Digitales > Estrategia de Comunicación Digital > Reportes de Analítica Web",ALTA
"Gestión de Publicaciones Digitales / Estrategia de Comunicación Digital / Reportes de Analítica Web - ALTA - TTR","Time to resolve",240,minute,Default,"Gestión de Publicaciones Digitales > Estrategia de Comunicación Digital > Reportes de Analítica Web",ALTA
"Gestión de Publicaciones Digitales / Estrategia de Comunicación Digital / Reportes de Analítica Web - MEDIA - TTO","Time to own",120,minute,Default,"Gestión de Publicaciones Digitales > Estrategia de Comunicación Digital > Reportes de Analítica Web",MEDIA
"Gestión de Publicaciones Digitales / Estrategia de Comunicación Digital / Reportes de Analítica Web - MEDIA - TTR","Time to resolve",360,minute,Default,"Gestión de Publicaciones Digitales > Estrategia de Comunicación Digital > Reportes de Analítica Web",MEDIA
"Gestión de Publicaciones Digitales / Estrategia de Comunicación Digital / Reportes de Analítica Web - BAJA - TTO","Time to own",240,minute,Default,"Gestión de Publicaciones Digitales > Estrategia de Comunicación Digital > Reportes de Analítica Web",BAJA
"Gestión de Publicaciones Digitales / Estrategia de Comunicación Digital / Reportes de Analítica Web - BAJA - TTR","Time to resolve",480,minute,Default,"Gestión de Publicaciones Digitales > Estrategia de Comunicación Digital > Reportes de Analítica Web",BAJA
"Gestión de Publicaciones Digitales / Estrategia de Comunicación Digital / Gestión de listas de distribución y bases de destinatarios - CRITICA - TTO","Time to own",30,minute,Default,"Gestión de Publicaciones Digitales > Estrategia de Comunicación Digital > Gestión de listas de distribución y bases de destinatarios",CRITICA
"Gestión de Publicaciones Digitales / Estrategia de Comunicación Digital / Gestión de listas de distribución y bases de destinatarios - CRITICA - TTR","Time to resolve",120,minute,Default,"Gestión de Publicaciones Digitales > Estrategia de Comunicación Digital > Gestión de listas de distribución y bases de destinatarios",CRITICA
"Gestión de Publicaciones Digitales / Estrategia de Comunicación Digital / Gestión de listas de distribución y bases de destinatarios - ALTA - TTO","Time to own",60,minute,Default,"Gestión de Publicaciones Digitales > Estrategia de Comunicación Digital > Gestión de listas de distribución y bases de destinatarios",ALTA
"Gestión de Publicaciones Digitales / Estrategia de Comunicación Digital / Gestión de listas de distribución y bases de destinatarios - ALTA - TTR","Time to resolve",240,minute,Default,"Gestión de Publicaciones Digitales > Estrategia de Comunicación Digital > Gestión de listas de distribución y bases de destinatarios",ALTA
"Gestión de Publicaciones Digitales / Estrategia de Comunicación Digital / Gestión de listas de distribución y bases de destinatarios - MEDIA - TTO","Time to own",120,minute,Default,"Gestión de Publicaciones Digitales > Estrategia de Comunicación Digital > Gestión de listas de distribución y bases de destinatarios",MEDIA
"Gestión de Publicaciones Digitales / Estrategia de Comunicación Digital / Gestión de listas de distribución y bases de destinatarios - MEDIA - TTR","Time to resolve",360,minute,Default,"Gestión de Publicaciones Digitales > Estrategia de Comunicación Digital > Gestión de listas de distribución y bases de destinatarios",MEDIA
"Gestión de Publicaciones Digitales / Estrategia de Comunicación Digital / Gestión de listas de distribución y bases de destinatarios - BAJA - TTO","Time to own",240,minute,Default,"Gestión de Publicaciones Digitales > Estrategia de Comunicación Digital > Gestión de listas de distribución y bases de destinatarios",BAJA
"Gestión de Publicaciones Digitales / Estrategia de Comunicación Digital / Gestión de listas de distribución y bases de destinatarios - BAJA - TTR","Time to resolve",480,minute,Default,"Gestión de Publicaciones Digitales > Estrategia de Comunicación Digital > Gestión de listas de distribución y bases de destinatarios",BAJA
"Gestión de Publicaciones Digitales / 2. Desarrollo Técnico y Optimización de Sitios Web / Desarrollo de Nuevas Funcionalidades Web - CRITICA - TTO","Time to own",30,minute,Default,"Gestión de Publicaciones Digitales > 2. Desarrollo Técnico y Optimización de Sitios Web > Desarrollo de Nuevas Funcionalidades Web",CRITICA
"Gestión de Publicaciones Digitales / 2. Desarrollo Técnico y Optimización de Sitios Web / Desarrollo de Nuevas Funcionalidades Web - CRITICA - TTR","Time to resolve",120,minute,Default,"Gestión de Publicaciones Digitales > 2. Desarrollo Técnico y Optimización de Sitios Web > Desarrollo de Nuevas Funcionalidades Web",CRITICA
"Gestión de Publicaciones Digitales / 2. Desarrollo Técnico y Optimización de Sitios Web / Desarrollo de Nuevas Funcionalidades Web - ALTA - TTO","Time to own",60,minute,Default,"Gestión de Publicaciones Digitales > 2. Desarrollo Técnico y Optimización de Sitios Web > Desarrollo de Nuevas Funcionalidades Web",ALTA
"Gestión de Publicaciones Digitales / 2. Desarrollo Técnico y Optimización de Sitios Web / Desarrollo de Nuevas Funcionalidades Web - ALTA - TTR","Time to resolve",240,minute,Default,"Gestión de Publicaciones Digitales > 2. Desarrollo Técnico y Optimización de Sitios Web > Desarrollo de Nuevas Funcionalidades Web",ALTA
"Gestión de Publicaciones Digitales / 2. Desarrollo Técnico y Optimización de Sitios Web / Desarrollo de Nuevas Funcionalidades Web - MEDIA - TTO","Time to own",120,minute,Default,"Gestión de Publicaciones Digitales > 2. Desarrollo Técnico y Optimización de Sitios Web > Desarrollo de Nuevas Funcionalidades Web",MEDIA
"Gestión de Publicaciones Digitales / 2. Desarrollo Técnico y Optimización de Sitios Web / Desarrollo de Nuevas Funcionalidades Web - MEDIA - TTR","Time to resolve",360,minute,Default,"Gestión de Publicaciones Digitales > 2. Desarrollo Técnico y Optimización de Sitios Web > Desarrollo de Nuevas Funcionalidades Web",MEDIA
"Gestión de Publicaciones Digitales / 2. Desarrollo Técnico y Optimización de Sitios Web / Desarrollo de Nuevas Funcionalidades Web - BAJA - TTO","Time to own",240,minute,Default,"Gestión de Publicaciones Digitales > 2. Desarrollo Técnico y Optimización de Sitios Web > Desarrollo de Nuevas Funcionalidades Web",BAJA
"Gestión de Publicaciones Digitales / 2. Desarrollo Técnico y Optimización de Sitios Web / Desarrollo de Nuevas Funcionalidades Web - BAJA - TTR","Time to resolve",480,minute,Default,"Gestión de Publicaciones Digitales > 2. Desarrollo Técnico y Optimización de Sitios Web > Desarrollo de Nuevas Funcionalidades Web",BAJA
"Gestión de Publicaciones Digitales / 2. Desarrollo Técnico y Optimización de Sitios Web / Optimización de Código y Rendimiento - CRITICA - TTO","Time to own",30,minute,Default,"Gestión de Publicaciones Digitales > 2. Desarrollo Técnico y Optimización de Sitios Web > Optimización de Código y Rendimiento",CRITICA
"Gestión de Publicaciones Digitales / 2. Desarrollo Técnico y Optimización de Sitios Web / Optimización de Código y Rendimiento - CRITICA - TTR","Time to resolve",120,minute,Default,"Gestión de Publicaciones Digitales > 2. Desarrollo Técnico y Optimización de Sitios Web > Optimización de Código y Rendimiento",CRITICA
"Gestión de Publicaciones Digitales / 2. Desarrollo Técnico y Optimización de Sitios Web / Optimización de Código y Rendimiento - ALTA - TTO","Time to own",60,minute,Default,"Gestión de Publicaciones Digitales > 2. Desarrollo Técnico y Optimización de Sitios Web > Optimización de Código y Rendimiento",ALTA
"Gestión de Publicaciones Digitales / 2. Desarrollo Técnico y Optimización de Sitios Web / Optimización de Código y Rendimiento - ALTA - TTR","Time to resolve",240,minute,Default,"Gestión de Publicaciones Digitales > 2. Desarrollo Técnico y Optimización de Sitios Web > Optimización de Código y Rendimiento",ALTA
"Gestión de Publicaciones Digitales / 2. Desarrollo Técnico y Optimización de Sitios Web / Optimización de Código y Rendimiento - MEDIA - TTO","Time to own",120,minute,Default,"Gestión de Publicaciones Digitales > 2. Desarrollo Técnico y Optimización de Sitios Web > Optimización de Código y Rendimiento",MEDIA
"Gestión de Publicaciones Digitales / 2. Desarrollo Técnico y Optimización de Sitios Web / Optimización de Código y Rendimiento - MEDIA - TTR","Time to resolve",360,minute,Default,"Gestión de Publicaciones Digitales > 2. Desarrollo Técnico y Optimización de Sitios Web > Optimización de Código y Rendimiento",MEDIA
"Gestión de Publicaciones Digitales / 2. Desarrollo Técnico y Optimización de Sitios Web / Optimización de Código y Rendimiento - BAJA - TTO","Time to own",240,minute,Default,"Gestión de Publicaciones Digitales > 2. Desarrollo Técnico y Optimización de Sitios Web > Optimización de Código y Rendimiento",BAJA
"Gestión de Publicaciones Digitales / 2. Desarrollo Técnico y Optimización de Sitios Web / Optimización de Código y Rendimiento - BAJA - TTR","Time to resolve",480,minute,Default,"Gestión de Publicaciones Digitales > 2. Desarrollo Técnico y Optimización de Sitios Web > Optimización de Código y Rendimiento",BAJA
"Gestión de Publicaciones Digitales / 2. Desarrollo Técnico y Optimización de Sitios Web / Resolución de Incidencias Técnicas Web - CRITICA - TTO","Time to own",30,minute,Default,"Gestión de Publicaciones Digitales > 2. Desarrollo Técnico y Optimización de Sitios Web > Resolución de Incidencias Técnicas Web",CRITICA
"Gestión de Publicaciones Digitales / 2. Desarrollo Técnico y Optimización de Sitios Web / Resolución de Incidencias Técnicas Web - CRITICA - TTR","Time to resolve",120,minute,Default,"Gestión de Publicaciones Digitales > 2. Desarrollo Técnico y Optimización de Sitios Web > Resolución de Incidencias Técnicas Web",CRITICA
"Gestión de Publicaciones Digitales / 2. Desarrollo Técnico y Optimización de Sitios Web / Resolución de Incidencias Técnicas Web - ALTA - TTO","Time to own",60,minute,Default,"Gestión de Publicaciones Digitales > 2. Desarrollo Técnico y Optimización de Sitios Web > Resolución de Incidencias Técnicas Web",ALTA
"Gestión de Publicaciones Digitales / 2. Desarrollo Técnico y Optimización de Sitios Web / Resolución de Incidencias Técnicas Web - ALTA - TTR","Time to resolve",240,minute,Default,"Gestión de Publicaciones Digitales > 2. Desarrollo Técnico y Optimización de Sitios Web > Resolución de Incidencias Técnicas Web",ALTA
"Gestión de Publicaciones Digitales / 2. Desarrollo Técnico y Optimización de Sitios Web / Resolución de Incidencias Técnicas Web - MEDIA - TTO","Time to own",120,minute,Default,"Gestión de Publicaciones Digitales > 2. Desarrollo Técnico y Optimización de Sitios Web > Resolución de Incidencias Técnicas Web",MEDIA
"Gestión de Publicaciones Digitales / 2. Desarrollo Técnico y Optimización de Sitios Web / Resolución de Incidencias Técnicas Web - MEDIA - TTR","Time to resolve",360,minute,Default,"Gestión de Publicaciones Digitales > 2. Desarrollo Técnico y Optimización de Sitios Web > Resolución de Incidencias Técnicas Web",MEDIA
"Gestión de Publicaciones Digitales / 2. Desarrollo Técnico y Optimización de Sitios Web / Resolución de Incidencias Técnicas Web - BAJA - TTO","Time to own",240,minute,Default,"Gestión de Publicaciones Digitales > 2. Desarrollo Técnico y Optimización de Sitios Web > Resolución de Incidencias Técnicas Web",BAJA
"Gestión de Publicaciones Digitales / 2. Desarrollo Técnico y Optimización de Sitios Web / Resolución de Incidencias Técnicas Web - BAJA - TTR","Time to resolve",480,minute,Default,"Gestión de Publicaciones Digitales > 2. Desarrollo Técnico y Optimización de Sitios Web > Resolución de Incidencias Técnicas Web",BAJA
"Gestión de Publicaciones Digitales / 2. Desarrollo Técnico y Optimización de Sitios Web / Migración y Actualización de Entornos Técnicos - CRITICA - TTO","Time to own",30,minute,Default,"Gestión de Publicaciones Digitales > 2. Desarrollo Técnico y Optimización de Sitios Web > Migración y Actualización de Entornos Técnicos",CRITICA
"Gestión de Publicaciones Digitales / 2. Desarrollo Técnico y Optimización de Sitios Web / Migración y Actualización de Entornos Técnicos - CRITICA - TTR","Time to resolve",120,minute,Default,"Gestión de Publicaciones Digitales > 2. Desarrollo Técnico y Optimización de Sitios Web > Migración y Actualización de Entornos Técnicos",CRITICA
"Gestión de Publicaciones Digitales / 2. Desarrollo Técnico y Optimización de Sitios Web / Migración y Actualización de Entornos Técnicos - ALTA - TTO","Time to own",60,minute,Default,"Gestión de Publicaciones Digitales > 2. Desarrollo Técnico y Optimización de Sitios Web > Migración y Actualización de Entornos Técnicos",ALTA
"Gestión de Publicaciones Digitales / 2. Desarrollo Técnico y Optimización de Sitios Web / Migración y Actualización de Entornos Técnicos - ALTA - TTR","Time to resolve",240,minute,Default,"Gestión de Publicaciones Digitales > 2. Desarrollo Técnico y Optimización de Sitios Web > Migración y Actualización de Entornos Técnicos",ALTA
"Gestión de Publicaciones Digitales / 2. Desarrollo Técnico y Optimización de Sitios Web / Migración y Actualización de Entornos Técnicos - MEDIA - TTO","Time to own",120,minute,Default,"Gestión de Publicaciones Digitales > 2. Desarrollo Técnico y Optimización de Sitios Web > Migración y Actualización de Entornos Técnicos",MEDIA
"Gestión de Publicaciones Digitales / 2. Desarrollo Técnico y Optimización de Sitios Web / Migración y Actualización de Entornos Técnicos - MEDIA - TTR","Time to resolve",360,minute,Default,"Gestión de Publicaciones Digitales > 2. Desarrollo Técnico y Optimización de Sitios Web > Migración y Actualización de Entornos Técnicos",MEDIA
"Gestión de Publicaciones Digitales / 2. Desarrollo Técnico y Optimización de Sitios Web / Migración y Actualización de Entornos Técnicos - BAJA - TTO","Time to own",240,minute,Default,"Gestión de Publicaciones Digitales > 2. Desarrollo Técnico y Optimización de Sitios Web > Migración y Actualización de Entornos Técnicos",BAJA
"Gestión de Publicaciones Digitales / 2. Desarrollo Técnico y Optimización de Sitios Web / Migración y Actualización de Entornos Técnicos - BAJA - TTR","Time to resolve",480,minute,Default,"Gestión de Publicaciones Digitales > 2. Desarrollo Técnico y Optimización de Sitios Web > Migración y Actualización de Entornos Técnicos",BAJA
"Gestión de Publicaciones Digitales / 3. Gestión de Servidores y Arquitectura Web / Gestión de Archivos en Servidores Web - CRITICA - TTO","Time to own",30,minute,Default,"Gestión de Publicaciones Digitales > 3. Gestión de Servidores y Arquitectura Web > Gestión de Archivos en Servidores Web",CRITICA
"Gestión de Publicaciones Digitales / 3. Gestión de Servidores y Arquitectura Web / Gestión de Archivos en Servidores Web - CRITICA - TTR","Time to resolve",120,minute,Default,"Gestión de Publicaciones Digitales > 3. Gestión de Servidores y Arquitectura Web > Gestión de Archivos en Servidores Web",CRITICA
"Gestión de Publicaciones Digitales / 3. Gestión de Servidores y Arquitectura Web / Gestión de Archivos en Servidores Web - ALTA - TTO","Time to own",60,minute,Default,"Gestión de Publicaciones Digitales > 3. Gestión de Servidores y Arquitectura Web > Gestión de Archivos en Servidores Web",ALTA
"Gestión de Publicaciones Digitales / 3. Gestión de Servidores y Arquitectura Web / Gestión de Archivos en Servidores Web - ALTA - TTR","Time to resolve",240,minute,Default,"Gestión de Publicaciones Digitales > 3. Gestión de Servidores y Arquitectura Web > Gestión de Archivos en Servidores Web",ALTA
"Gestión de Publicaciones Digitales / 3. Gestión de Servidores y Arquitectura Web / Gestión de Archivos en Servidores Web - MEDIA - TTO","Time to own",120,minute,Default,"Gestión de Publicaciones Digitales > 3. Gestión de Servidores y Arquitectura Web > Gestión de Archivos en Servidores Web",MEDIA
"Gestión de Publicaciones Digitales / 3. Gestión de Servidores y Arquitectura Web / Gestión de Archivos en Servidores Web - MEDIA - TTR","Time to resolve",360,minute,Default,"Gestión de Publicaciones Digitales > 3. Gestión de Servidores y Arquitectura Web > Gestión de Archivos en Servidores Web",MEDIA
"Gestión de Publicaciones Digitales / 3. Gestión de Servidores y Arquitectura Web / Gestión de Archivos en Servidores Web - BAJA - TTO","Time to own",240,minute,Default,"Gestión de Publicaciones Digitales > 3. Gestión de Servidores y Arquitectura Web > Gestión de Archivos en Servidores Web",BAJA
"Gestión de Publicaciones Digitales / 3. Gestión de Servidores y Arquitectura Web / Gestión de Archivos en Servidores Web - BAJA - TTR","Time to resolve",480,minute,Default,"Gestión de Publicaciones Digitales > 3. Gestión de Servidores y Arquitectura Web > Gestión de Archivos en Servidores Web",BAJA
"Gestión de Publicaciones Digitales / 3. Gestión de Servidores y Arquitectura Web / Configuración y Mantenimiento de Subdominios - CRITICA - TTO","Time to own",30,minute,Default,"Gestión de Publicaciones Digitales > 3. Gestión de Servidores y Arquitectura Web > Configuración y Mantenimiento de Subdominios",CRITICA
"Gestión de Publicaciones Digitales / 3. Gestión de Servidores y Arquitectura Web / Configuración y Mantenimiento de Subdominios - CRITICA - TTR","Time to resolve",120,minute,Default,"Gestión de Publicaciones Digitales > 3. Gestión de Servidores y Arquitectura Web > Configuración y Mantenimiento de Subdominios",CRITICA
"Gestión de Publicaciones Digitales / 3. Gestión de Servidores y Arquitectura Web / Configuración y Mantenimiento de Subdominios - ALTA - TTO","Time to own",60,minute,Default,"Gestión de Publicaciones Digitales > 3. Gestión de Servidores y Arquitectura Web > Configuración y Mantenimiento de Subdominios",ALTA
"Gestión de Publicaciones Digitales / 3. Gestión de Servidores y Arquitectura Web / Configuración y Mantenimiento de Subdominios - ALTA - TTR","Time to resolve",240,minute,Default,"Gestión de Publicaciones Digitales > 3. Gestión de Servidores y Arquitectura Web > Configuración y Mantenimiento de Subdominios",ALTA
"Gestión de Publicaciones Digitales / 3. Gestión de Servidores y Arquitectura Web / Configuración y Mantenimiento de Subdominios - MEDIA - TTO","Time to own",120,minute,Default,"Gestión de Publicaciones Digitales > 3. Gestión de Servidores y Arquitectura Web > Configuración y Mantenimiento de Subdominios",MEDIA
"Gestión de Publicaciones Digitales / 3. Gestión de Servidores y Arquitectura Web / Configuración y Mantenimiento de Subdominios - MEDIA - TTR","Time to resolve",360,minute,Default,"Gestión de Publicaciones Digitales > 3. Gestión de Servidores y Arquitectura Web > Configuración y Mantenimiento de Subdominios",MEDIA
"Gestión de Publicaciones Digitales / 3. Gestión de Servidores y Arquitectura Web / Configuración y Mantenimiento de Subdominios - BAJA - TTO","Time to own",240,minute,Default,"Gestión de Publicaciones Digitales > 3. Gestión de Servidores y Arquitectura Web > Configuración y Mantenimiento de Subdominios",BAJA
"Gestión de Publicaciones Digitales / 3. Gestión de Servidores y Arquitectura Web / Configuración y Mantenimiento de Subdominios - BAJA - TTR","Time to resolve",480,minute,Default,"Gestión de Publicaciones Digitales > 3. Gestión de Servidores y Arquitectura Web > Configuración y Mantenimiento de Subdominios",BAJA
"Gestión de Publicaciones Digitales / 3. Gestión de Servidores y Arquitectura Web / Monitoreo y Backup de Sitios Web - CRITICA - TTO","Time to own",30,minute,Default,"Gestión de Publicaciones Digitales > 3. Gestión de Servidores y Arquitectura Web > Monitoreo y Backup de Sitios Web",CRITICA
"Gestión de Publicaciones Digitales / 3. Gestión de Servidores y Arquitectura Web / Monitoreo y Backup de Sitios Web - CRITICA - TTR","Time to resolve",120,minute,Default,"Gestión de Publicaciones Digitales > 3. Gestión de Servidores y Arquitectura Web > Monitoreo y Backup de Sitios Web",CRITICA
"Gestión de Publicaciones Digitales / 3. Gestión de Servidores y Arquitectura Web / Monitoreo y Backup de Sitios Web - ALTA - TTO","Time to own",60,minute,Default,"Gestión de Publicaciones Digitales > 3. Gestión de Servidores y Arquitectura Web > Monitoreo y Backup de Sitios Web",ALTA
"Gestión de Publicaciones Digitales / 3. Gestión de Servidores y Arquitectura Web / Monitoreo y Backup de Sitios Web - ALTA - TTR","Time to resolve",240,minute,Default,"Gestión de Publicaciones Digitales > 3. Gestión de Servidores y Arquitectura Web > Monitoreo y Backup de Sitios Web",ALTA
"Gestión de Publicaciones Digitales / 3. Gestión de Servidores y Arquitectura Web / Monitoreo y Backup de Sitios Web - MEDIA - TTO","Time to own",120,minute,Default,"Gestión de Publicaciones Digitales > 3. Gestión de Servidores y Arquitectura Web > Monitoreo y Backup de Sitios Web",MEDIA
"Gestión de Publicaciones Digitales / 3. Gestión de Servidores y Arquitectura Web / Monitoreo y Backup de Sitios Web - MEDIA - TTR","Time to resolve",360,minute,Default,"Gestión de Publicaciones Digitales > 3. Gestión de Servidores y Arquitectura Web > Monitoreo y Backup de Sitios Web",MEDIA
"Gestión de Publicaciones Digitales / 3. Gestión de Servidores y Arquitectura Web / Monitoreo y Backup de Sitios Web - BAJA - TTO","Time to own",240,minute,Default,"Gestión de Publicaciones Digitales > 3. Gestión de Servidores y Arquitectura Web > Monitoreo y Backup de Sitios Web",BAJA
"Gestión de Publicaciones Digitales / 3. Gestión de Servidores y Arquitectura Web / Monitoreo y Backup de Sitios Web - BAJA - TTR","Time to resolve",480,minute,Default,"Gestión de Publicaciones Digitales > 3. Gestión de Servidores y Arquitectura Web > Monitoreo y Backup de Sitios Web",BAJA
"Gestión de Publicaciones Digitales / 3. Gestión de Servidores y Arquitectura Web / Coordinación Técnica con Infraestructura TI - CRITICA - TTO","Time to own",30,minute,Default,"Gestión de Publicaciones Digitales > 3. Gestión de Servidores y Arquitectura Web > Coordinación Técnica con Infraestructura TI",CRITICA
"Gestión de Publicaciones Digitales / 3. Gestión de Servidores y Arquitectura Web / Coordinación Técnica con Infraestructura TI - CRITICA - TTR","Time to resolve",120,minute,Default,"Gestión de Publicaciones Digitales > 3. Gestión de Servidores y Arquitectura Web > Coordinación Técnica con Infraestructura TI",CRITICA
"Gestión de Publicaciones Digitales / 3. Gestión de Servidores y Arquitectura Web / Coordinación Técnica con Infraestructura TI - ALTA - TTO","Time to own",60,minute,Default,"Gestión de Publicaciones Digitales > 3. Gestión de Servidores y Arquitectura Web > Coordinación Técnica con Infraestructura TI",ALTA
"Gestión de Publicaciones Digitales / 3. Gestión de Servidores y Arquitectura Web / Coordinación Técnica con Infraestructura TI - ALTA - TTR","Time to resolve",240,minute,Default,"Gestión de Publicaciones Digitales > 3. Gestión de Servidores y Arquitectura Web > Coordinación Técnica con Infraestructura TI",ALTA
"Gestión de Publicaciones Digitales / 3. Gestión de Servidores y Arquitectura Web / Coordinación Técnica con Infraestructura TI - MEDIA - TTO","Time to own",120,minute,Default,"Gestión de Publicaciones Digitales > 3. Gestión de Servidores y Arquitectura Web > Coordinación Técnica con Infraestructura TI",MEDIA
"Gestión de Publicaciones Digitales / 3. Gestión de Servidores y Arquitectura Web / Coordinación Técnica con Infraestructura TI - MEDIA - TTR","Time to resolve",360,minute,Default,"Gestión de Publicaciones Digitales > 3. Gestión de Servidores y Arquitectura Web > Coordinación Técnica con Infraestructura TI",MEDIA
"Gestión de Publicaciones Digitales / 3. Gestión de Servidores y Arquitectura Web / Coordinación Técnica con Infraestructura TI - BAJA - TTO","Time to own",240,minute,Default,"Gestión de Publicaciones Digitales > 3. Gestión de Servidores y Arquitectura Web > Coordinación Técnica con Infraestructura TI",BAJA
"Gestión de Publicaciones Digitales / 3. Gestión de Servidores y Arquitectura Web / Coordinación Técnica con Infraestructura TI - BAJA - TTR","Time to resolve",480,minute,Default,"Gestión de Publicaciones Digitales > 3. Gestión de Servidores y Arquitectura Web > Coordinación Técnica con Infraestructura TI",BAJA
"Gestión de Publicaciones Digitales / 4. Soporte Técnico Web a Áreas Internas / Soporte Técnico al Grupo de Divulgación y Prensa - CRITICA - TTO","Time to own",30,minute,Default,"Gestión de Publicaciones Digitales > 4. Soporte Técnico Web a Áreas Internas > Soporte Técnico al Grupo de Divulgación y Prensa",CRITICA
"Gestión de Publicaciones Digitales / 4. Soporte Técnico Web a Áreas Internas / Soporte Técnico al Grupo de Divulgación y Prensa - CRITICA - TTR","Time to resolve",120,minute,Default,"Gestión de Publicaciones Digitales > 4. Soporte Técnico Web a Áreas Internas > Soporte Técnico al Grupo de Divulgación y Prensa",CRITICA
"Gestión de Publicaciones Digitales / 4. Soporte Técnico Web a Áreas Internas / Soporte Técnico al Grupo de Divulgación y Prensa - ALTA - TTO","Time to own",60,minute,Default,"Gestión de Publicaciones Digitales > 4. Soporte Técnico Web a Áreas Internas > Soporte Técnico al Grupo de Divulgación y Prensa",ALTA
"Gestión de Publicaciones Digitales / 4. Soporte Técnico Web a Áreas Internas / Soporte Técnico al Grupo de Divulgación y Prensa - ALTA - TTR","Time to resolve",240,minute,Default,"Gestión de Publicaciones Digitales > 4. Soporte Técnico Web a Áreas Internas > Soporte Técnico al Grupo de Divulgación y Prensa",ALTA
"Gestión de Publicaciones Digitales / 4. Soporte Técnico Web a Áreas Internas / Soporte Técnico al Grupo de Divulgación y Prensa - MEDIA - TTO","Time to own",120,minute,Default,"Gestión de Publicaciones Digitales > 4. Soporte Técnico Web a Áreas Internas > Soporte Técnico al Grupo de Divulgación y Prensa",MEDIA
"Gestión de Publicaciones Digitales / 4. Soporte Técnico Web a Áreas Internas / Soporte Técnico al Grupo de Divulgación y Prensa - MEDIA - TTR","Time to resolve",360,minute,Default,"Gestión de Publicaciones Digitales > 4. Soporte Técnico Web a Áreas Internas > Soporte Técnico al Grupo de Divulgación y Prensa",MEDIA
"Gestión de Publicaciones Digitales / 4. Soporte Técnico Web a Áreas Internas / Soporte Técnico al Grupo de Divulgación y Prensa - BAJA - TTO","Time to own",240,minute,Default,"Gestión de Publicaciones Digitales > 4. Soporte Técnico Web a Áreas Internas > Soporte Técnico al Grupo de Divulgación y Prensa",BAJA
"Gestión de Publicaciones Digitales / 4. Soporte Técnico Web a Áreas Internas / Soporte Técnico al Grupo de Divulgación y Prensa - BAJA - TTR","Time to resolve",480,minute,Default,"Gestión de Publicaciones Digitales > 4. Soporte Técnico Web a Áreas Internas > Soporte Técnico al Grupo de Divulgación y Prensa",BAJA
"Gestión de Publicaciones Digitales / 4. Soporte Técnico Web a Áreas Internas / Soporte Técnico al Despacho Ministerial - CRITICA - TTO","Time to own",30,minute,Default,"Gestión de Publicaciones Digitales > 4. Soporte Técnico Web a Áreas Internas > Soporte Técnico al Despacho Ministerial",CRITICA
"Gestión de Publicaciones Digitales / 4. Soporte Técnico Web a Áreas Internas / Soporte Técnico al Despacho Ministerial - CRITICA - TTR","Time to resolve",120,minute,Default,"Gestión de Publicaciones Digitales > 4. Soporte Técnico Web a Áreas Internas > Soporte Técnico al Despacho Ministerial",CRITICA
"Gestión de Publicaciones Digitales / 4. Soporte Técnico Web a Áreas Internas / Soporte Técnico al Despacho Ministerial - ALTA - TTO","Time to own",60,minute,Default,"Gestión de Publicaciones Digitales > 4. Soporte Técnico Web a Áreas Internas > Soporte Técnico al Despacho Ministerial",ALTA
"Gestión de Publicaciones Digitales / 4. Soporte Técnico Web a Áreas Internas / Soporte Técnico al Despacho Ministerial - ALTA - TTR","Time to resolve",240,minute,Default,"Gestión de Publicaciones Digitales > 4. Soporte Técnico Web a Áreas Internas > Soporte Técnico al Despacho Ministerial",ALTA
"Gestión de Publicaciones Digitales / 4. Soporte Técnico Web a Áreas Internas / Soporte Técnico al Despacho Ministerial - MEDIA - TTO","Time to own",120,minute,Default,"Gestión de Publicaciones Digitales > 4. Soporte Técnico Web a Áreas Internas > Soporte Técnico al Despacho Ministerial",MEDIA
"Gestión de Publicaciones Digitales / 4. Soporte Técnico Web a Áreas Internas / Soporte Técnico al Despacho Ministerial - MEDIA - TTR","Time to resolve",360,minute,Default,"Gestión de Publicaciones Digitales > 4. Soporte Técnico Web a Áreas Internas > Soporte Técnico al Despacho Ministerial",MEDIA
"Gestión de Publicaciones Digitales / 4. Soporte Técnico Web a Áreas Internas / Soporte Técnico al Despacho Ministerial - BAJA - TTO","Time to own",240,minute,Default,"Gestión de Publicaciones Digitales > 4. Soporte Técnico Web a Áreas Internas > Soporte Técnico al Despacho Ministerial",BAJA
"Gestión de Publicaciones Digitales / 4. Soporte Técnico Web a Áreas Internas / Soporte Técnico al Despacho Ministerial - BAJA - TTR","Time to resolve",480,minute,Default,"Gestión de Publicaciones Digitales > 4. Soporte Técnico Web a Áreas Internas > Soporte Técnico al Despacho Ministerial",BAJA
"Gestión de Publicaciones Digitales / 4. Soporte Técnico Web a Áreas Internas / Soporte a Áreas Especializadas (DACMI, Poblaciones, Internacionales) - CRITICA - TTO","Time to own",30,minute,Default,"Gestión de Publicaciones Digitales > 4. Soporte Técnico Web a Áreas Internas > Soporte a Áreas Especializadas (DACMI, Poblaciones, Internacionales)",CRITICA
"Gestión de Publicaciones Digitales / 4. Soporte Técnico Web a Áreas Internas / Soporte a Áreas Especializadas (DACMI, Poblaciones, Internacionales) - CRITICA - TTR","Time to resolve",120,minute,Default,"Gestión de Publicaciones Digitales > 4. Soporte Técnico Web a Áreas Internas > Soporte a Áreas Especializadas (DACMI, Poblaciones, Internacionales)",CRITICA
"Gestión de Publicaciones Digitales / 4. Soporte Técnico Web a Áreas Internas / Soporte a Áreas Especializadas (DACMI, Poblaciones, Internacionales) - ALTA - TTO","Time to own",60,minute,Default,"Gestión de Publicaciones Digitales > 4. Soporte Técnico Web a Áreas Internas > Soporte a Áreas Especializadas (DACMI, Poblaciones, Internacionales)",ALTA
"Gestión de Publicaciones Digitales / 4. Soporte Técnico Web a Áreas Internas / Soporte a Áreas Especializadas (DACMI, Poblaciones, Internacionales) - ALTA - TTR","Time to resolve",240,minute,Default,"Gestión de Publicaciones Digitales > 4. Soporte Técnico Web a Áreas Internas > Soporte a Áreas Especializadas (DACMI, Poblaciones, Internacionales)",ALTA
"Gestión de Publicaciones Digitales / 4. Soporte Técnico Web a Áreas Internas / Soporte a Áreas Especializadas (DACMI, Poblaciones, Internacionales) - MEDIA - TTO","Time to own",120,minute,Default,"Gestión de Publicaciones Digitales > 4. Soporte Técnico Web a Áreas Internas > Soporte a Áreas Especializadas (DACMI, Poblaciones, Internacionales)",MEDIA
"Gestión de Publicaciones Digitales / 4. Soporte Técnico Web a Áreas Internas / Soporte a Áreas Especializadas (DACMI, Poblaciones, Internacionales) - MEDIA - TTR","Time to resolve",360,minute,Default,"Gestión de Publicaciones Digitales > 4. Soporte Técnico Web a Áreas Internas > Soporte a Áreas Especializadas (DACMI, Poblaciones, Internacionales)",MEDIA
"Gestión de Publicaciones Digitales / 4. Soporte Técnico Web a Áreas Internas / Soporte a Áreas Especializadas (DACMI, Poblaciones, Internacionales) - BAJA - TTO","Time to own",240,minute,Default,"Gestión de Publicaciones Digitales > 4. Soporte Técnico Web a Áreas Internas > Soporte a Áreas Especializadas (DACMI, Poblaciones, Internacionales)",BAJA
"Gestión de Publicaciones Digitales / 4. Soporte Técnico Web a Áreas Internas / Soporte a Áreas Especializadas (DACMI, Poblaciones, Internacionales) - BAJA - TTR","Time to resolve",480,minute,Default,"Gestión de Publicaciones Digitales > 4. Soporte Técnico Web a Áreas Internas > Soporte a Áreas Especializadas (DACMI, Poblaciones, Internacionales)",BAJA
"Gestión de Publicaciones Digitales / 4. Soporte Técnico Web a Áreas Internas / Capacitación Técnica a Usuarios Internos - CRITICA - TTO","Time to own",30,minute,Default,"Gestión de Publicaciones Digitales > 4. Soporte Técnico Web a Áreas Internas > Capacitación Técnica a Usuarios Internos",CRITICA
"Gestión de Publicaciones Digitales / 4. Soporte Técnico Web a Áreas Internas / Capacitación Técnica a Usuarios Internos - CRITICA - TTR","Time to resolve",120,minute,Default,"Gestión de Publicaciones Digitales > 4. Soporte Técnico Web a Áreas Internas > Capacitación Técnica a Usuarios Internos",CRITICA
"Gestión de Publicaciones Digitales / 4. Soporte Técnico Web a Áreas Internas / Capacitación Técnica a Usuarios Internos - ALTA - TTO","Time to own",60,minute,Default,"Gestión de Publicaciones Digitales > 4. Soporte Técnico Web a Áreas Internas > Capacitación Técnica a Usuarios Internos",ALTA
"Gestión de Publicaciones Digitales / 4. Soporte Técnico Web a Áreas Internas / Capacitación Técnica a Usuarios Internos - ALTA - TTR","Time to resolve",240,minute,Default,"Gestión de Publicaciones Digitales > 4. Soporte Técnico Web a Áreas Internas > Capacitación Técnica a Usuarios Internos",ALTA
"Gestión de Publicaciones Digitales / 4. Soporte Técnico Web a Áreas Internas / Capacitación Técnica a Usuarios Internos - MEDIA - TTO","Time to own",120,minute,Default,"Gestión de Publicaciones Digitales > 4. Soporte Técnico Web a Áreas Internas > Capacitación Técnica a Usuarios Internos",MEDIA
"Gestión de Publicaciones Digitales / 4. Soporte Técnico Web a Áreas Internas / Capacitación Técnica a Usuarios Internos - MEDIA - TTR","Time to resolve",360,minute,Default,"Gestión de Publicaciones Digitales > 4. Soporte Técnico Web a Áreas Internas > Capacitación Técnica a Usuarios Internos",MEDIA
"Gestión de Publicaciones Digitales / 4. Soporte Técnico Web a Áreas Internas / Capacitación Técnica a Usuarios Internos - BAJA - TTO","Time to own",240,minute,Default,"Gestión de Publicaciones Digitales > 4. Soporte Técnico Web a Áreas Internas > Capacitación Técnica a Usuarios Internos",BAJA
"Gestión de Publicaciones Digitales / 4. Soporte Técnico Web a Áreas Internas / Capacitación Técnica a Usuarios Internos - BAJA - TTR","Time to resolve",480,minute,Default,"Gestión de Publicaciones Digitales > 4. Soporte Técnico Web a Áreas Internas > Capacitación Técnica a Usuarios Internos",BAJA
"Gestión de Publicaciones Digitales / 5. Gestión de Contenidos Estáticos y Documentación Técnica / Gestión de Contenidos Estáticos y Páginas Informativas - CRITICA - TTO","Time to own",30,minute,Default,"Gestión de Publicaciones Digitales > 5. Gestión de Contenidos Estáticos y Documentación Técnica > Gestión de Contenidos Estáticos y Páginas Informativas",CRITICA
"Gestión de Publicaciones Digitales / 5. Gestión de Contenidos Estáticos y Documentación Técnica / Gestión de Contenidos Estáticos y Páginas Informativas - CRITICA - TTR","Time to resolve",120,minute,Default,"Gestión de Publicaciones Digitales > 5. Gestión de Contenidos Estáticos y Documentación Técnica > Gestión de Contenidos Estáticos y Páginas Informativas",CRITICA
"Gestión de Publicaciones Digitales / 5. Gestión de Contenidos Estáticos y Documentación Técnica / Gestión de Contenidos Estáticos y Páginas Informativas - ALTA - TTO","Time to own",60,minute,Default,"Gestión de Publicaciones Digitales > 5. Gestión de Contenidos Estáticos y Documentación Técnica > Gestión de Contenidos Estáticos y Páginas Informativas",ALTA
"Gestión de Publicaciones Digitales / 5. Gestión de Contenidos Estáticos y Documentación Técnica / Gestión de Contenidos Estáticos y Páginas Informativas - ALTA - TTR","Time to resolve",240,minute,Default,"Gestión de Publicaciones Digitales > 5. Gestión de Contenidos Estáticos y Documentación Técnica > Gestión de Contenidos Estáticos y Páginas Informativas",ALTA
"Gestión de Publicaciones Digitales / 5. Gestión de Contenidos Estáticos y Documentación Técnica / Gestión de Contenidos Estáticos y Páginas Informativas - MEDIA - TTO","Time to own",120,minute,Default,"Gestión de Publicaciones Digitales > 5. Gestión de Contenidos Estáticos y Documentación Técnica > Gestión de Contenidos Estáticos y Páginas Informativas",MEDIA
"Gestión de Publicaciones Digitales / 5. Gestión de Contenidos Estáticos y Documentación Técnica / Gestión de Contenidos Estáticos y Páginas Informativas - MEDIA - TTR","Time to resolve",360,minute,Default,"Gestión de Publicaciones Digitales > 5. Gestión de Contenidos Estáticos y Documentación Técnica > Gestión de Contenidos Estáticos y Páginas Informativas",MEDIA
"Gestión de Publicaciones Digitales / 5. Gestión de Contenidos Estáticos y Documentación Técnica / Gestión de Contenidos Estáticos y Páginas Informativas - BAJA - TTO","Time to own",240,minute,Default,"Gestión de Publicaciones Digitales > 5. Gestión de Contenidos Estáticos y Documentación Técnica > Gestión de Contenidos Estáticos y Páginas Informativas",BAJA
"Gestión de Publicaciones Digitales / 5. Gestión de Contenidos Estáticos y Documentación Técnica / Gestión de Contenidos Estáticos y Páginas Informativas - BAJA - TTR","Time to resolve",480,minute,Default,"Gestión de Publicaciones Digitales > 5. Gestión de Contenidos Estáticos y Documentación Técnica > Gestión de Contenidos Estáticos y Páginas Informativas",BAJA
"Gestión de Publicaciones Digitales / 5. Gestión de Contenidos Estáticos y Documentación Técnica / Documentación de Procesos y Estructuras Web - CRITICA - TTO","Time to own",30,minute,Default,"Gestión de Publicaciones Digitales > 5. Gestión de Contenidos Estáticos y Documentación Técnica > Documentación de Procesos y Estructuras Web",CRITICA
"Gestión de Publicaciones Digitales / 5. Gestión de Contenidos Estáticos y Documentación Técnica / Documentación de Procesos y Estructuras Web - CRITICA - TTR","Time to resolve",120,minute,Default,"Gestión de Publicaciones Digitales > 5. Gestión de Contenidos Estáticos y Documentación Técnica > Documentación de Procesos y Estructuras Web",CRITICA
"Gestión de Publicaciones Digitales / 5. Gestión de Contenidos Estáticos y Documentación Técnica / Documentación de Procesos y Estructuras Web - ALTA - TTO","Time to own",60,minute,Default,"Gestión de Publicaciones Digitales > 5. Gestión de Contenidos Estáticos y Documentación Técnica > Documentación de Procesos y Estructuras Web",ALTA
"Gestión de Publicaciones Digitales / 5. Gestión de Contenidos Estáticos y Documentación Técnica / Documentación de Procesos y Estructuras Web - ALTA - TTR","Time to resolve",240,minute,Default,"Gestión de Publicaciones Digitales > 5. Gestión de Contenidos Estáticos y Documentación Técnica > Documentación de Procesos y Estructuras Web",ALTA
"Gestión de Publicaciones Digitales / 5. Gestión de Contenidos Estáticos y Documentación Técnica / Documentación de Procesos y Estructuras Web - MEDIA - TTO","Time to own",120,minute,Default,"Gestión de Publicaciones Digitales > 5. Gestión de Contenidos Estáticos y Documentación Técnica > Documentación de Procesos y Estructuras Web",MEDIA
"Gestión de Publicaciones Digitales / 5. Gestión de Contenidos Estáticos y Documentación Técnica / Documentación de Procesos y Estructuras Web - MEDIA - TTR","Time to resolve",360,minute,Default,"Gestión de Publicaciones Digitales > 5. Gestión de Contenidos Estáticos y Documentación Técnica > Documentación de Procesos y Estructuras Web",MEDIA
"Gestión de Publicaciones Digitales / 5. Gestión de Contenidos Estáticos y Documentación Técnica / Documentación de Procesos y Estructuras Web - BAJA - TTO","Time to own",240,minute,Default,"Gestión de Publicaciones Digitales > 5. Gestión de Contenidos Estáticos y Documentación Técnica > Documentación de Procesos y Estructuras Web",BAJA
"Gestión de Publicaciones Digitales / 5. Gestión de Contenidos Estáticos y Documentación Técnica / Documentación de Procesos y Estructuras Web - BAJA - TTR","Time to resolve",480,minute,Default,"Gestión de Publicaciones Digitales > 5. Gestión de Contenidos Estáticos y Documentación Técnica > Documentación de Procesos y Estructuras Web",BAJA
"Gestión de Publicaciones Digitales / 5. Gestión de Contenidos Estáticos y Documentación Técnica / Organización del Repositorio de Archivos Digitales - CRITICA - TTO","Time to own",30,minute,Default,"Gestión de Publicaciones Digitales > 5. Gestión de Contenidos Estáticos y Documentación Técnica > Organización del Repositorio de Archivos Digitales",CRITICA
"Gestión de Publicaciones Digitales / 5. Gestión de Contenidos Estáticos y Documentación Técnica / Organización del Repositorio de Archivos Digitales - CRITICA - TTR","Time to resolve",120,minute,Default,"Gestión de Publicaciones Digitales > 5. Gestión de Contenidos Estáticos y Documentación Técnica > Organización del Repositorio de Archivos Digitales",CRITICA
"Gestión de Publicaciones Digitales / 5. Gestión de Contenidos Estáticos y Documentación Técnica / Organización del Repositorio de Archivos Digitales - ALTA - TTO","Time to own",60,minute,Default,"Gestión de Publicaciones Digitales > 5. Gestión de Contenidos Estáticos y Documentación Técnica > Organización del Repositorio de Archivos Digitales",ALTA
"Gestión de Publicaciones Digitales / 5. Gestión de Contenidos Estáticos y Documentación Técnica / Organización del Repositorio de Archivos Digitales - ALTA - TTR","Time to resolve",240,minute,Default,"Gestión de Publicaciones Digitales > 5. Gestión de Contenidos Estáticos y Documentación Técnica > Organización del Repositorio de Archivos Digitales",ALTA
"Gestión de Publicaciones Digitales / 5. Gestión de Contenidos Estáticos y Documentación Técnica / Organización del Repositorio de Archivos Digitales - MEDIA - TTO","Time to own",120,minute,Default,"Gestión de Publicaciones Digitales > 5. Gestión de Contenidos Estáticos y Documentación Técnica > Organización del Repositorio de Archivos Digitales",MEDIA
"Gestión de Publicaciones Digitales / 5. Gestión de Contenidos Estáticos y Documentación Técnica / Organización del Repositorio de Archivos Digitales - MEDIA - TTR","Time to resolve",360,minute,Default,"Gestión de Publicaciones Digitales > 5. Gestión de Contenidos Estáticos y Documentación Técnica > Organización del Repositorio de Archivos Digitales",MEDIA
"Gestión de Publicaciones Digitales / 5. Gestión de Contenidos Estáticos y Documentación Técnica / Organización del Repositorio de Archivos Digitales - BAJA - TTO","Time to own",240,minute,Default,"Gestión de Publicaciones Digitales > 5. Gestión de Contenidos Estáticos y Documentación Técnica > Organización del Repositorio de Archivos Digitales",BAJA
"Gestión de Publicaciones Digitales / 5. Gestión de Contenidos Estáticos y Documentación Técnica / Organización del Repositorio de Archivos Digitales - BAJA - TTR","Time to resolve",480,minute,Default,"Gestión de Publicaciones Digitales > 5. Gestión de Contenidos Estáticos y Documentación Técnica > Organización del Repositorio de Archivos Digitales",BAJA
"Gestión de Publicaciones Digitales / 5. Gestión de Contenidos Estáticos y Documentación Técnica / Actualización de Metadatos y SEO Técnico - CRITICA - TTO","Time to own",30,minute,Default,"Gestión de Publicaciones Digitales > 5. Gestión de Contenidos Estáticos y Documentación Técnica > Actualización de Metadatos y SEO Técnico",CRITICA
"Gestión de Publicaciones Digitales / 5. Gestión de Contenidos Estáticos y Documentación Técnica / Actualización de Metadatos y SEO Técnico - CRITICA - TTR","Time to resolve",120,minute,Default,"Gestión de Publicaciones Digitales > 5. Gestión de Contenidos Estáticos y Documentación Técnica > Actualización de Metadatos y SEO Técnico",CRITICA
"Gestión de Publicaciones Digitales / 5. Gestión de Contenidos Estáticos y Documentación Técnica / Actualización de Metadatos y SEO Técnico - ALTA - TTO","Time to own",60,minute,Default,"Gestión de Publicaciones Digitales > 5. Gestión de Contenidos Estáticos y Documentación Técnica > Actualización de Metadatos y SEO Técnico",ALTA
"Gestión de Publicaciones Digitales / 5. Gestión de Contenidos Estáticos y Documentación Técnica / Actualización de Metadatos y SEO Técnico - ALTA - TTR","Time to resolve",240,minute,Default,"Gestión de Publicaciones Digitales > 5. Gestión de Contenidos Estáticos y Documentación Técnica > Actualización de Metadatos y SEO Técnico",ALTA
"Gestión de Publicaciones Digitales / 5. Gestión de Contenidos Estáticos y Documentación Técnica / Actualización de Metadatos y SEO Técnico - MEDIA - TTO","Time to own",120,minute,Default,"Gestión de Publicaciones Digitales > 5. Gestión de Contenidos Estáticos y Documentación Técnica > Actualización de Metadatos y SEO Técnico",MEDIA
"Gestión de Publicaciones Digitales / 5. Gestión de Contenidos Estáticos y Documentación Técnica / Actualización de Metadatos y SEO Técnico - MEDIA - TTR","Time to resolve",360,minute,Default,"Gestión de Publicaciones Digitales > 5. Gestión de Contenidos Estáticos y Documentación Técnica > Actualización de Metadatos y SEO Técnico",MEDIA
"Gestión de Publicaciones Digitales / 5. Gestión de Contenidos Estáticos y Documentación Técnica / Actualización de Metadatos y SEO Técnico - BAJA - TTO","Time to own",240,minute,Default,"Gestión de Publicaciones Digitales > 5. Gestión de Contenidos Estáticos y Documentación Técnica > Actualización de Metadatos y SEO Técnico",BAJA
"Gestión de Publicaciones Digitales / 5. Gestión de Contenidos Estáticos y Documentación Técnica / Actualización de Metadatos y SEO Técnico - BAJA - TTR","Time to resolve",480,minute,Default,"Gestión de Publicaciones Digitales > 5. Gestión de Contenidos Estáticos y Documentación Técnica > Actualización de Metadatos y SEO Técnico",BAJA
"Estrategia y Comunicación Digital / Registro de Publicaciones y Estadísticas / Registro y seguimiento de gestión en sistema - CRITICA - TTO","Time to own",30,minute,Default,"Estrategia y Comunicación Digital > Registro de Publicaciones y Estadísticas > Registro y seguimiento de gestión en sistema",CRITICA
"Estrategia y Comunicación Digital / Registro de Publicaciones y Estadísticas / Registro y seguimiento de gestión en sistema - CRITICA - TTR","Time to resolve",120,minute,Default,"Estrategia y Comunicación Digital > Registro de Publicaciones y Estadísticas > Registro y seguimiento de gestión en sistema",CRITICA
"Estrategia y Comunicación Digital / Registro de Publicaciones y Estadísticas / Registro y seguimiento de gestión en sistema - ALTA - TTO","Time to own",60,minute,Default,"Estrategia y Comunicación Digital > Registro de Publicaciones y Estadísticas > Registro y seguimiento de gestión en sistema",ALTA
"Estrategia y Comunicación Digital / Registro de Publicaciones y Estadísticas / Registro y seguimiento de gestión en sistema - ALTA - TTR","Time to resolve",240,minute,Default,"Estrategia y Comunicación Digital > Registro de Publicaciones y Estadísticas > Registro y seguimiento de gestión en sistema",ALTA
"Estrategia y Comunicación Digital / Registro de Publicaciones y Estadísticas / Registro y seguimiento de gestión en sistema - MEDIA - TTO","Time to own",120,minute,Default,"Estrategia y Comunicación Digital > Registro de Publicaciones y Estadísticas > Registro y seguimiento de gestión en sistema",MEDIA
"Estrategia y Comunicación Digital / Registro de Publicaciones y Estadísticas / Registro y seguimiento de gestión en sistema - MEDIA - TTR","Time to resolve",360,minute,Default,"Estrategia y Comunicación Digital > Registro de Publicaciones y Estadísticas > Registro y seguimiento de gestión en sistema",MEDIA
"Estrategia y Comunicación Digital / Registro de Publicaciones y Estadísticas / Registro y seguimiento de gestión en sistema - BAJA - TTO","Time to own",240,minute,Default,"Estrategia y Comunicación Digital > Registro de Publicaciones y Estadísticas > Registro y seguimiento de gestión en sistema",BAJA
"Estrategia y Comunicación Digital / Registro de Publicaciones y Estadísticas / Registro y seguimiento de gestión en sistema - BAJA - TTR","Time to resolve",480,minute,Default,"Estrategia y Comunicación Digital > Registro de Publicaciones y Estadísticas > Registro y seguimiento de gestión en sistema",BAJA
"Estrategia y Comunicación Digital / Registro de Publicaciones y Estadísticas / Generación de informes y estadísticas de gestión - CRITICA - TTO","Time to own",30,minute,Default,"Estrategia y Comunicación Digital > Registro de Publicaciones y Estadísticas > Generación de informes y estadísticas de gestión",CRITICA
"Estrategia y Comunicación Digital / Registro de Publicaciones y Estadísticas / Generación de informes y estadísticas de gestión - CRITICA - TTR","Time to resolve",120,minute,Default,"Estrategia y Comunicación Digital > Registro de Publicaciones y Estadísticas > Generación de informes y estadísticas de gestión",CRITICA
"Estrategia y Comunicación Digital / Registro de Publicaciones y Estadísticas / Generación de informes y estadísticas de gestión - ALTA - TTO","Time to own",60,minute,Default,"Estrategia y Comunicación Digital > Registro de Publicaciones y Estadísticas > Generación de informes y estadísticas de gestión",ALTA
"Estrategia y Comunicación Digital / Registro de Publicaciones y Estadísticas / Generación de informes y estadísticas de gestión - ALTA - TTR","Time to resolve",240,minute,Default,"Estrategia y Comunicación Digital > Registro de Publicaciones y Estadísticas > Generación de informes y estadísticas de gestión",ALTA
"Estrategia y Comunicación Digital / Registro de Publicaciones y Estadísticas / Generación de informes y estadísticas de gestión - MEDIA - TTO","Time to own",120,minute,Default,"Estrategia y Comunicación Digital > Registro de Publicaciones y Estadísticas > Generación de informes y estadísticas de gestión",MEDIA
"Estrategia y Comunicación Digital / Registro de Publicaciones y Estadísticas / Generación de informes y estadísticas de gestión - MEDIA - TTR","Time to resolve",360,minute,Default,"Estrategia y Comunicación Digital > Registro de Publicaciones y Estadísticas > Generación de informes y estadísticas de gestión",MEDIA
"Estrategia y Comunicación Digital / Registro de Publicaciones y Estadísticas / Generación de informes y estadísticas de gestión - BAJA - TTO","Time to own",240,minute,Default,"Estrategia y Comunicación Digital > Registro de Publicaciones y Estadísticas > Generación de informes y estadísticas de gestión",BAJA
"Estrategia y Comunicación Digital / Registro de Publicaciones y Estadísticas / Generación de informes y estadísticas de gestión - BAJA - TTR","Time to resolve",480,minute,Default,"Estrategia y Comunicación Digital > Registro de Publicaciones y Estadísticas > Generación de informes y estadísticas de gestión",BAJA
"Estrategia y Comunicación Digital / Gestión Técnica de Plataformas y Canales de Comunicación Digital / Administración Técnica de CMS y Portales Web Institucionales - CRITICA - TTO","Time to own",60,minute,Default,"Estrategia y Comunicación Digital > Gestión Técnica de Plataformas y Canales de Comunicación Digital > Administración Técnica de CMS y Portales Web Institucionales",CRITICA
"Estrategia y Comunicación Digital / Gestión Técnica de Plataformas y Canales de Comunicación Digital / Administración Técnica de CMS y Portales Web Institucionales - CRITICA - TTR","Time to resolve",480,minute,Default,"Estrategia y Comunicación Digital > Gestión Técnica de Plataformas y Canales de Comunicación Digital > Administración Técnica de CMS y Portales Web Institucionales",CRITICA
"Estrategia y Comunicación Digital / Gestión Técnica de Plataformas y Canales de Comunicación Digital / Administración Técnica de CMS y Portales Web Institucionales - ALTA - TTO","Time to own",120,minute,Default,"Estrategia y Comunicación Digital > Gestión Técnica de Plataformas y Canales de Comunicación Digital > Administración Técnica de CMS y Portales Web Institucionales",ALTA
"Estrategia y Comunicación Digital / Gestión Técnica de Plataformas y Canales de Comunicación Digital / Administración Técnica de CMS y Portales Web Institucionales - ALTA - TTR","Time to resolve",1440,minute,Default,"Estrategia y Comunicación Digital > Gestión Técnica de Plataformas y Canales de Comunicación Digital > Administración Técnica de CMS y Portales Web Institucionales",ALTA
"Estrategia y Comunicación Digital / Gestión Técnica de Plataformas y Canales de Comunicación Digital / Administración Técnica de CMS y Portales Web Institucionales - MEDIA - TTO","Time to own",240,minute,Default,"Estrategia y Comunicación Digital > Gestión Técnica de Plataformas y Canales de Comunicación Digital > Administración Técnica de CMS y Portales Web Institucionales",MEDIA
"Estrategia y Comunicación Digital / Gestión Técnica de Plataformas y Canales de Comunicación Digital / Administración Técnica de CMS y Portales Web Institucionales - MEDIA - TTR","Time to resolve",2880,minute,Default,"Estrategia y Comunicación Digital > Gestión Técnica de Plataformas y Canales de Comunicación Digital > Administración Técnica de CMS y Portales Web Institucionales",MEDIA
"Estrategia y Comunicación Digital / Gestión Técnica de Plataformas y Canales de Comunicación Digital / Administración Técnica de CMS y Portales Web Institucionales - BAJA - TTO","Time to own",480,minute,Default,"Estrategia y Comunicación Digital > Gestión Técnica de Plataformas y Canales de Comunicación Digital > Administración Técnica de CMS y Portales Web Institucionales",BAJA
"Estrategia y Comunicación Digital / Gestión Técnica de Plataformas y Canales de Comunicación Digital / Administración Técnica de CMS y Portales Web Institucionales - BAJA - TTR","Time to resolve",4320,minute,Default,"Estrategia y Comunicación Digital > Gestión Técnica de Plataformas y Canales de Comunicación Digital > Administración Técnica de CMS y Portales Web Institucionales",BAJA
"Estrategia y Comunicación Digital / Gestión Técnica de Plataformas y Canales de Comunicación Digital / Gestión Técnica de Herramientas de Publicación y Programación - CRITICA - TTO","Time to own",60,minute,Default,"Estrategia y Comunicación Digital > Gestión Técnica de Plataformas y Canales de Comunicación Digital > Gestión Técnica de Herramientas de Publicación y Programación",CRITICA
"Estrategia y Comunicación Digital / Gestión Técnica de Plataformas y Canales de Comunicación Digital / Gestión Técnica de Herramientas de Publicación y Programación - CRITICA - TTR","Time to resolve",480,minute,Default,"Estrategia y Comunicación Digital > Gestión Técnica de Plataformas y Canales de Comunicación Digital > Gestión Técnica de Herramientas de Publicación y Programación",CRITICA
"Estrategia y Comunicación Digital / Gestión Técnica de Plataformas y Canales de Comunicación Digital / Gestión Técnica de Herramientas de Publicación y Programación - ALTA - TTO","Time to own",120,minute,Default,"Estrategia y Comunicación Digital > Gestión Técnica de Plataformas y Canales de Comunicación Digital > Gestión Técnica de Herramientas de Publicación y Programación",ALTA
"Estrategia y Comunicación Digital / Gestión Técnica de Plataformas y Canales de Comunicación Digital / Gestión Técnica de Herramientas de Publicación y Programación - ALTA - TTR","Time to resolve",1440,minute,Default,"Estrategia y Comunicación Digital > Gestión Técnica de Plataformas y Canales de Comunicación Digital > Gestión Técnica de Herramientas de Publicación y Programación",ALTA
"Estrategia y Comunicación Digital / Gestión Técnica de Plataformas y Canales de Comunicación Digital / Gestión Técnica de Herramientas de Publicación y Programación - MEDIA - TTO","Time to own",240,minute,Default,"Estrategia y Comunicación Digital > Gestión Técnica de Plataformas y Canales de Comunicación Digital > Gestión Técnica de Herramientas de Publicación y Programación",MEDIA
"Estrategia y Comunicación Digital / Gestión Técnica de Plataformas y Canales de Comunicación Digital / Gestión Técnica de Herramientas de Publicación y Programación - MEDIA - TTR","Time to resolve",2880,minute,Default,"Estrategia y Comunicación Digital > Gestión Técnica de Plataformas y Canales de Comunicación Digital > Gestión Técnica de Herramientas de Publicación y Programación",MEDIA
"Estrategia y Comunicación Digital / Gestión Técnica de Plataformas y Canales de Comunicación Digital / Gestión Técnica de Herramientas de Publicación y Programación - BAJA - TTO","Time to own",480,minute,Default,"Estrategia y Comunicación Digital > Gestión Técnica de Plataformas y Canales de Comunicación Digital > Gestión Técnica de Herramientas de Publicación y Programación",BAJA
"Estrategia y Comunicación Digital / Gestión Técnica de Plataformas y Canales de Comunicación Digital / Gestión Técnica de Herramientas de Publicación y Programación - BAJA - TTR","Time to resolve",4320,minute,Default,"Estrategia y Comunicación Digital > Gestión Técnica de Plataformas y Canales de Comunicación Digital > Gestión Técnica de Herramientas de Publicación y Programación",BAJA
"Estrategia y Comunicación Digital / Gestión Técnica de Plataformas y Canales de Comunicación Digital / Integración Técnica de Canales Digitales (Omnicanalidad) - CRITICA - TTO","Time to own",60,minute,Default,"Estrategia y Comunicación Digital > Gestión Técnica de Plataformas y Canales de Comunicación Digital > Integración Técnica de Canales Digitales (Omnicanalidad)",CRITICA
"Estrategia y Comunicación Digital / Gestión Técnica de Plataformas y Canales de Comunicación Digital / Integración Técnica de Canales Digitales (Omnicanalidad) - CRITICA - TTR","Time to resolve",480,minute,Default,"Estrategia y Comunicación Digital > Gestión Técnica de Plataformas y Canales de Comunicación Digital > Integración Técnica de Canales Digitales (Omnicanalidad)",CRITICA
"Estrategia y Comunicación Digital / Gestión Técnica de Plataformas y Canales de Comunicación Digital / Integración Técnica de Canales Digitales (Omnicanalidad) - ALTA - TTO","Time to own",120,minute,Default,"Estrategia y Comunicación Digital > Gestión Técnica de Plataformas y Canales de Comunicación Digital > Integración Técnica de Canales Digitales (Omnicanalidad)",ALTA
"Estrategia y Comunicación Digital / Gestión Técnica de Plataformas y Canales de Comunicación Digital / Integración Técnica de Canales Digitales (Omnicanalidad) - ALTA - TTR","Time to resolve",1440,minute,Default,"Estrategia y Comunicación Digital > Gestión Técnica de Plataformas y Canales de Comunicación Digital > Integración Técnica de Canales Digitales (Omnicanalidad)",ALTA
"Estrategia y Comunicación Digital / Gestión Técnica de Plataformas y Canales de Comunicación Digital / Integración Técnica de Canales Digitales (Omnicanalidad) - MEDIA - TTO","Time to own",240,minute,Default,"Estrategia y Comunicación Digital > Gestión Técnica de Plataformas y Canales de Comunicación Digital > Integración Técnica de Canales Digitales (Omnicanalidad)",MEDIA
"Estrategia y Comunicación Digital / Gestión Técnica de Plataformas y Canales de Comunicación Digital / Integración Técnica de Canales Digitales (Omnicanalidad) - MEDIA - TTR","Time to resolve",2880,minute,Default,"Estrategia y Comunicación Digital > Gestión Técnica de Plataformas y Canales de Comunicación Digital > Integración Técnica de Canales Digitales (Omnicanalidad)",MEDIA
"Estrategia y Comunicación Digital / Gestión Técnica de Plataformas y Canales de Comunicación Digital / Integración Técnica de Canales Digitales (Omnicanalidad) - BAJA - TTO","Time to own",480,minute,Default,"Estrategia y Comunicación Digital > Gestión Técnica de Plataformas y Canales de Comunicación Digital > Integración Técnica de Canales Digitales (Omnicanalidad)",BAJA
"Estrategia y Comunicación Digital / Gestión Técnica de Plataformas y Canales de Comunicación Digital / Integración Técnica de Canales Digitales (Omnicanalidad) - BAJA - TTR","Time to resolve",4320,minute,Default,"Estrategia y Comunicación Digital > Gestión Técnica de Plataformas y Canales de Comunicación Digital > Integración Técnica de Canales Digitales (Omnicanalidad)",BAJA
"Estrategia y Comunicación Digital / Gestión Técnica de Plataformas y Canales de Comunicación Digital / Optimización Técnica para Performance y UX en Canales Digitales - CRITICA - TTO","Time to own",60,minute,Default,"Estrategia y Comunicación Digital > Gestión Técnica de Plataformas y Canales de Comunicación Digital > Optimización Técnica para Performance y UX en Canales Digitales",CRITICA
"Estrategia y Comunicación Digital / Gestión Técnica de Plataformas y Canales de Comunicación Digital / Optimización Técnica para Performance y UX en Canales Digitales - CRITICA - TTR","Time to resolve",480,minute,Default,"Estrategia y Comunicación Digital > Gestión Técnica de Plataformas y Canales de Comunicación Digital > Optimización Técnica para Performance y UX en Canales Digitales",CRITICA
"Estrategia y Comunicación Digital / Gestión Técnica de Plataformas y Canales de Comunicación Digital / Optimización Técnica para Performance y UX en Canales Digitales - ALTA - TTO","Time to own",120,minute,Default,"Estrategia y Comunicación Digital > Gestión Técnica de Plataformas y Canales de Comunicación Digital > Optimización Técnica para Performance y UX en Canales Digitales",ALTA
"Estrategia y Comunicación Digital / Gestión Técnica de Plataformas y Canales de Comunicación Digital / Optimización Técnica para Performance y UX en Canales Digitales - ALTA - TTR","Time to resolve",1440,minute,Default,"Estrategia y Comunicación Digital > Gestión Técnica de Plataformas y Canales de Comunicación Digital > Optimización Técnica para Performance y UX en Canales Digitales",ALTA
"Estrategia y Comunicación Digital / Gestión Técnica de Plataformas y Canales de Comunicación Digital / Optimización Técnica para Performance y UX en Canales Digitales - MEDIA - TTO","Time to own",240,minute,Default,"Estrategia y Comunicación Digital > Gestión Técnica de Plataformas y Canales de Comunicación Digital > Optimización Técnica para Performance y UX en Canales Digitales",MEDIA
"Estrategia y Comunicación Digital / Gestión Técnica de Plataformas y Canales de Comunicación Digital / Optimización Técnica para Performance y UX en Canales Digitales - MEDIA - TTR","Time to resolve",2880,minute,Default,"Estrategia y Comunicación Digital > Gestión Técnica de Plataformas y Canales de Comunicación Digital > Optimización Técnica para Performance y UX en Canales Digitales",MEDIA
"Estrategia y Comunicación Digital / Gestión Técnica de Plataformas y Canales de Comunicación Digital / Optimización Técnica para Performance y UX en Canales Digitales - BAJA - TTO","Time to own",480,minute,Default,"Estrategia y Comunicación Digital > Gestión Técnica de Plataformas y Canales de Comunicación Digital > Optimización Técnica para Performance y UX en Canales Digitales",BAJA
"Estrategia y Comunicación Digital / Gestión Técnica de Plataformas y Canales de Comunicación Digital / Optimización Técnica para Performance y UX en Canales Digitales - BAJA - TTR","Time to resolve",4320,minute,Default,"Estrategia y Comunicación Digital > Gestión Técnica de Plataformas y Canales de Comunicación Digital > Optimización Técnica para Performance y UX en Canales Digitales",BAJA
"Estrategia y Comunicación Digital / 3. Producción y Gestión Técnica de Contenidos Digitales / Desarrollo Técnico de Contenidos Web (HTML/CSS/JS) - CRITICA - TTO","Time to own",30,minute,Default,"Estrategia y Comunicación Digital > 3. Producción y Gestión Técnica de Contenidos Digitales > Desarrollo Técnico de Contenidos Web (HTML/CSS/JS)",CRITICA
"Estrategia y Comunicación Digital / 3. Producción y Gestión Técnica de Contenidos Digitales / Desarrollo Técnico de Contenidos Web (HTML/CSS/JS) - CRITICA - TTR","Time to resolve",120,minute,Default,"Estrategia y Comunicación Digital > 3. Producción y Gestión Técnica de Contenidos Digitales > Desarrollo Técnico de Contenidos Web (HTML/CSS/JS)",CRITICA
"Estrategia y Comunicación Digital / 3. Producción y Gestión Técnica de Contenidos Digitales / Desarrollo Técnico de Contenidos Web (HTML/CSS/JS) - ALTA - TTO","Time to own",60,minute,Default,"Estrategia y Comunicación Digital > 3. Producción y Gestión Técnica de Contenidos Digitales > Desarrollo Técnico de Contenidos Web (HTML/CSS/JS)",ALTA
"Estrategia y Comunicación Digital / 3. Producción y Gestión Técnica de Contenidos Digitales / Desarrollo Técnico de Contenidos Web (HTML/CSS/JS) - ALTA - TTR","Time to resolve",240,minute,Default,"Estrategia y Comunicación Digital > 3. Producción y Gestión Técnica de Contenidos Digitales > Desarrollo Técnico de Contenidos Web (HTML/CSS/JS)",ALTA
"Estrategia y Comunicación Digital / 3. Producción y Gestión Técnica de Contenidos Digitales / Desarrollo Técnico de Contenidos Web (HTML/CSS/JS) - MEDIA - TTO","Time to own",120,minute,Default,"Estrategia y Comunicación Digital > 3. Producción y Gestión Técnica de Contenidos Digitales > Desarrollo Técnico de Contenidos Web (HTML/CSS/JS)",MEDIA
"Estrategia y Comunicación Digital / 3. Producción y Gestión Técnica de Contenidos Digitales / Desarrollo Técnico de Contenidos Web (HTML/CSS/JS) - MEDIA - TTR","Time to resolve",360,minute,Default,"Estrategia y Comunicación Digital > 3. Producción y Gestión Técnica de Contenidos Digitales > Desarrollo Técnico de Contenidos Web (HTML/CSS/JS)",MEDIA
"Estrategia y Comunicación Digital / 3. Producción y Gestión Técnica de Contenidos Digitales / Desarrollo Técnico de Contenidos Web (HTML/CSS/JS) - BAJA - TTO","Time to own",240,minute,Default,"Estrategia y Comunicación Digital > 3. Producción y Gestión Técnica de Contenidos Digitales > Desarrollo Técnico de Contenidos Web (HTML/CSS/JS)",BAJA
"Estrategia y Comunicación Digital / 3. Producción y Gestión Técnica de Contenidos Digitales / Desarrollo Técnico de Contenidos Web (HTML/CSS/JS) - BAJA - TTR","Time to resolve",480,minute,Default,"Estrategia y Comunicación Digital > 3. Producción y Gestión Técnica de Contenidos Digitales > Desarrollo Técnico de Contenidos Web (HTML/CSS/JS)",BAJA
"Estrategia y Comunicación Digital / 3. Producción y Gestión Técnica de Contenidos Digitales / Producción Técnica de Contenidos Multimedia Optimizados - CRITICA - TTO","Time to own",30,minute,Default,"Estrategia y Comunicación Digital > 3. Producción y Gestión Técnica de Contenidos Digitales > Producción Técnica de Contenidos Multimedia Optimizados",CRITICA
"Estrategia y Comunicación Digital / 3. Producción y Gestión Técnica de Contenidos Digitales / Producción Técnica de Contenidos Multimedia Optimizados - CRITICA - TTR","Time to resolve",120,minute,Default,"Estrategia y Comunicación Digital > 3. Producción y Gestión Técnica de Contenidos Digitales > Producción Técnica de Contenidos Multimedia Optimizados",CRITICA
"Estrategia y Comunicación Digital / 3. Producción y Gestión Técnica de Contenidos Digitales / Producción Técnica de Contenidos Multimedia Optimizados - ALTA - TTO","Time to own",60,minute,Default,"Estrategia y Comunicación Digital > 3. Producción y Gestión Técnica de Contenidos Digitales > Producción Técnica de Contenidos Multimedia Optimizados",ALTA
"Estrategia y Comunicación Digital / 3. Producción y Gestión Técnica de Contenidos Digitales / Producción Técnica de Contenidos Multimedia Optimizados - ALTA - TTR","Time to resolve",240,minute,Default,"Estrategia y Comunicación Digital > 3. Producción y Gestión Técnica de Contenidos Digitales > Producción Técnica de Contenidos Multimedia Optimizados",ALTA
"Estrategia y Comunicación Digital / 3. Producción y Gestión Técnica de Contenidos Digitales / Producción Técnica de Contenidos Multimedia Optimizados - MEDIA - TTO","Time to own",120,minute,Default,"Estrategia y Comunicación Digital > 3. Producción y Gestión Técnica de Contenidos Digitales > Producción Técnica de Contenidos Multimedia Optimizados",MEDIA
"Estrategia y Comunicación Digital / 3. Producción y Gestión Técnica de Contenidos Digitales / Producción Técnica de Contenidos Multimedia Optimizados - MEDIA - TTR","Time to resolve",360,minute,Default,"Estrategia y Comunicación Digital > 3. Producción y Gestión Técnica de Contenidos Digitales > Producción Técnica de Contenidos Multimedia Optimizados",MEDIA
"Estrategia y Comunicación Digital / 3. Producción y Gestión Técnica de Contenidos Digitales / Producción Técnica de Contenidos Multimedia Optimizados - BAJA - TTO","Time to own",240,minute,Default,"Estrategia y Comunicación Digital > 3. Producción y Gestión Técnica de Contenidos Digitales > Producción Técnica de Contenidos Multimedia Optimizados",BAJA
"Estrategia y Comunicación Digital / 3. Producción y Gestión Técnica de Contenidos Digitales / Producción Técnica de Contenidos Multimedia Optimizados - BAJA - TTR","Time to resolve",480,minute,Default,"Estrategia y Comunicación Digital > 3. Producción y Gestión Técnica de Contenidos Digitales > Producción Técnica de Contenidos Multimedia Optimizados",BAJA
"Estrategia y Comunicación Digital / 3. Producción y Gestión Técnica de Contenidos Digitales / Implementación Técnica de Campañas Digitales - CRITICA - TTO","Time to own",30,minute,Default,"Estrategia y Comunicación Digital > 3. Producción y Gestión Técnica de Contenidos Digitales > Implementación Técnica de Campañas Digitales",CRITICA
"Estrategia y Comunicación Digital / 3. Producción y Gestión Técnica de Contenidos Digitales / Implementación Técnica de Campañas Digitales - CRITICA - TTR","Time to resolve",120,minute,Default,"Estrategia y Comunicación Digital > 3. Producción y Gestión Técnica de Contenidos Digitales > Implementación Técnica de Campañas Digitales",CRITICA
"Estrategia y Comunicación Digital / 3. Producción y Gestión Técnica de Contenidos Digitales / Implementación Técnica de Campañas Digitales - ALTA - TTO","Time to own",60,minute,Default,"Estrategia y Comunicación Digital > 3. Producción y Gestión Técnica de Contenidos Digitales > Implementación Técnica de Campañas Digitales",ALTA
"Estrategia y Comunicación Digital / 3. Producción y Gestión Técnica de Contenidos Digitales / Implementación Técnica de Campañas Digitales - ALTA - TTR","Time to resolve",240,minute,Default,"Estrategia y Comunicación Digital > 3. Producción y Gestión Técnica de Contenidos Digitales > Implementación Técnica de Campañas Digitales",ALTA
"Estrategia y Comunicación Digital / 3. Producción y Gestión Técnica de Contenidos Digitales / Implementación Técnica de Campañas Digitales - MEDIA - TTO","Time to own",120,minute,Default,"Estrategia y Comunicación Digital > 3. Producción y Gestión Técnica de Contenidos Digitales > Implementación Técnica de Campañas Digitales",MEDIA
"Estrategia y Comunicación Digital / 3. Producción y Gestión Técnica de Contenidos Digitales / Implementación Técnica de Campañas Digitales - MEDIA - TTR","Time to resolve",360,minute,Default,"Estrategia y Comunicación Digital > 3. Producción y Gestión Técnica de Contenidos Digitales > Implementación Técnica de Campañas Digitales",MEDIA
"Estrategia y Comunicación Digital / 3. Producción y Gestión Técnica de Contenidos Digitales / Implementación Técnica de Campañas Digitales - BAJA - TTO","Time to own",240,minute,Default,"Estrategia y Comunicación Digital > 3. Producción y Gestión Técnica de Contenidos Digitales > Implementación Técnica de Campañas Digitales",BAJA
"Estrategia y Comunicación Digital / 3. Producción y Gestión Técnica de Contenidos Digitales / Implementación Técnica de Campañas Digitales - BAJA - TTR","Time to resolve",480,minute,Default,"Estrategia y Comunicación Digital > 3. Producción y Gestión Técnica de Contenidos Digitales > Implementación Técnica de Campañas Digitales",BAJA
"Estrategia y Comunicación Digital / 3. Producción y Gestión Técnica de Contenidos Digitales / Gestión Técnica del Repositorio de Activos Digitales (DAM) - CRITICA - TTO","Time to own",30,minute,Default,"Estrategia y Comunicación Digital > 3. Producción y Gestión Técnica de Contenidos Digitales > Gestión Técnica del Repositorio de Activos Digitales (DAM)",CRITICA
"Estrategia y Comunicación Digital / 3. Producción y Gestión Técnica de Contenidos Digitales / Gestión Técnica del Repositorio de Activos Digitales (DAM) - CRITICA - TTR","Time to resolve",120,minute,Default,"Estrategia y Comunicación Digital > 3. Producción y Gestión Técnica de Contenidos Digitales > Gestión Técnica del Repositorio de Activos Digitales (DAM)",CRITICA
"Estrategia y Comunicación Digital / 3. Producción y Gestión Técnica de Contenidos Digitales / Gestión Técnica del Repositorio de Activos Digitales (DAM) - ALTA - TTO","Time to own",60,minute,Default,"Estrategia y Comunicación Digital > 3. Producción y Gestión Técnica de Contenidos Digitales > Gestión Técnica del Repositorio de Activos Digitales (DAM)",ALTA
"Estrategia y Comunicación Digital / 3. Producción y Gestión Técnica de Contenidos Digitales / Gestión Técnica del Repositorio de Activos Digitales (DAM) - ALTA - TTR","Time to resolve",240,minute,Default,"Estrategia y Comunicación Digital > 3. Producción y Gestión Técnica de Contenidos Digitales > Gestión Técnica del Repositorio de Activos Digitales (DAM)",ALTA
"Estrategia y Comunicación Digital / 3. Producción y Gestión Técnica de Contenidos Digitales / Gestión Técnica del Repositorio de Activos Digitales (DAM) - MEDIA - TTO","Time to own",120,minute,Default,"Estrategia y Comunicación Digital > 3. Producción y Gestión Técnica de Contenidos Digitales > Gestión Técnica del Repositorio de Activos Digitales (DAM)",MEDIA
"Estrategia y Comunicación Digital / 3. Producción y Gestión Técnica de Contenidos Digitales / Gestión Técnica del Repositorio de Activos Digitales (DAM) - MEDIA - TTR","Time to resolve",360,minute,Default,"Estrategia y Comunicación Digital > 3. Producción y Gestión Técnica de Contenidos Digitales > Gestión Técnica del Repositorio de Activos Digitales (DAM)",MEDIA
"Estrategia y Comunicación Digital / 3. Producción y Gestión Técnica de Contenidos Digitales / Gestión Técnica del Repositorio de Activos Digitales (DAM) - BAJA - TTO","Time to own",240,minute,Default,"Estrategia y Comunicación Digital > 3. Producción y Gestión Técnica de Contenidos Digitales > Gestión Técnica del Repositorio de Activos Digitales (DAM)",BAJA
"Estrategia y Comunicación Digital / 3. Producción y Gestión Técnica de Contenidos Digitales / Gestión Técnica del Repositorio de Activos Digitales (DAM) - BAJA - TTR","Time to resolve",480,minute,Default,"Estrategia y Comunicación Digital > 3. Producción y Gestión Técnica de Contenidos Digitales > Gestión Técnica del Repositorio de Activos Digitales (DAM)",BAJA
"Estrategia y Comunicación Digital / 4. Análisis Técnico, Business Intelligence y Reportes Automatizados / Implementación y Configuración de Herramientas de Analytics - CRITICA - TTO","Time to own",30,minute,Default,"Estrategia y Comunicación Digital > 4. Análisis Técnico, Business Intelligence y Reportes Automatizados > Implementación y Configuración de Herramientas de Analytics",CRITICA
"Estrategia y Comunicación Digital / 4. Análisis Técnico, Business Intelligence y Reportes Automatizados / Implementación y Configuración de Herramientas de Analytics - CRITICA - TTR","Time to resolve",120,minute,Default,"Estrategia y Comunicación Digital > 4. Análisis Técnico, Business Intelligence y Reportes Automatizados > Implementación y Configuración de Herramientas de Analytics",CRITICA
"Estrategia y Comunicación Digital / 4. Análisis Técnico, Business Intelligence y Reportes Automatizados / Implementación y Configuración de Herramientas de Analytics - ALTA - TTO","Time to own",60,minute,Default,"Estrategia y Comunicación Digital > 4. Análisis Técnico, Business Intelligence y Reportes Automatizados > Implementación y Configuración de Herramientas de Analytics",ALTA
"Estrategia y Comunicación Digital / 4. Análisis Técnico, Business Intelligence y Reportes Automatizados / Implementación y Configuración de Herramientas de Analytics - ALTA - TTR","Time to resolve",240,minute,Default,"Estrategia y Comunicación Digital > 4. Análisis Técnico, Business Intelligence y Reportes Automatizados > Implementación y Configuración de Herramientas de Analytics",ALTA
"Estrategia y Comunicación Digital / 4. Análisis Técnico, Business Intelligence y Reportes Automatizados / Implementación y Configuración de Herramientas de Analytics - MEDIA - TTO","Time to own",120,minute,Default,"Estrategia y Comunicación Digital > 4. Análisis Técnico, Business Intelligence y Reportes Automatizados > Implementación y Configuración de Herramientas de Analytics",MEDIA
"Estrategia y Comunicación Digital / 4. Análisis Técnico, Business Intelligence y Reportes Automatizados / Implementación y Configuración de Herramientas de Analytics - MEDIA - TTR","Time to resolve",360,minute,Default,"Estrategia y Comunicación Digital > 4. Análisis Técnico, Business Intelligence y Reportes Automatizados > Implementación y Configuración de Herramientas de Analytics",MEDIA
"Estrategia y Comunicación Digital / 4. Análisis Técnico, Business Intelligence y Reportes Automatizados / Implementación y Configuración de Herramientas de Analytics - BAJA - TTO","Time to own",240,minute,Default,"Estrategia y Comunicación Digital > 4. Análisis Técnico, Business Intelligence y Reportes Automatizados > Implementación y Configuración de Herramientas de Analytics",BAJA
"Estrategia y Comunicación Digital / 4. Análisis Técnico, Business Intelligence y Reportes Automatizados / Implementación y Configuración de Herramientas de Analytics - BAJA - TTR","Time to resolve",480,minute,Default,"Estrategia y Comunicación Digital > 4. Análisis Técnico, Business Intelligence y Reportes Automatizados > Implementación y Configuración de Herramientas de Analytics",BAJA
"Estrategia y Comunicación Digital / 4. Análisis Técnico, Business Intelligence y Reportes Automatizados / Desarrollo de Dashboards y Visualizaciones de Datos Comunicacionales - CRITICA - TTO","Time to own",30,minute,Default,"Estrategia y Comunicación Digital > 4. Análisis Técnico, Business Intelligence y Reportes Automatizados > Desarrollo de Dashboards y Visualizaciones de Datos Comunicacionales",CRITICA
"Estrategia y Comunicación Digital / 4. Análisis Técnico, Business Intelligence y Reportes Automatizados / Desarrollo de Dashboards y Visualizaciones de Datos Comunicacionales - CRITICA - TTR","Time to resolve",120,minute,Default,"Estrategia y Comunicación Digital > 4. Análisis Técnico, Business Intelligence y Reportes Automatizados > Desarrollo de Dashboards y Visualizaciones de Datos Comunicacionales",CRITICA
"Estrategia y Comunicación Digital / 4. Análisis Técnico, Business Intelligence y Reportes Automatizados / Desarrollo de Dashboards y Visualizaciones de Datos Comunicacionales - ALTA - TTO","Time to own",60,minute,Default,"Estrategia y Comunicación Digital > 4. Análisis Técnico, Business Intelligence y Reportes Automatizados > Desarrollo de Dashboards y Visualizaciones de Datos Comunicacionales",ALTA
"Estrategia y Comunicación Digital / 4. Análisis Técnico, Business Intelligence y Reportes Automatizados / Desarrollo de Dashboards y Visualizaciones de Datos Comunicacionales - ALTA - TTR","Time to resolve",240,minute,Default,"Estrategia y Comunicación Digital > 4. Análisis Técnico, Business Intelligence y Reportes Automatizados > Desarrollo de Dashboards y Visualizaciones de Datos Comunicacionales",ALTA
"Estrategia y Comunicación Digital / 4. Análisis Técnico, Business Intelligence y Reportes Automatizados / Desarrollo de Dashboards y Visualizaciones de Datos Comunicacionales - MEDIA - TTO","Time to own",120,minute,Default,"Estrategia y Comunicación Digital > 4. Análisis Técnico, Business Intelligence y Reportes Automatizados > Desarrollo de Dashboards y Visualizaciones de Datos Comunicacionales",MEDIA
"Estrategia y Comunicación Digital / 4. Análisis Técnico, Business Intelligence y Reportes Automatizados / Desarrollo de Dashboards y Visualizaciones de Datos Comunicacionales - MEDIA - TTR","Time to resolve",360,minute,Default,"Estrategia y Comunicación Digital > 4. Análisis Técnico, Business Intelligence y Reportes Automatizados > Desarrollo de Dashboards y Visualizaciones de Datos Comunicacionales",MEDIA
"Estrategia y Comunicación Digital / 4. Análisis Técnico, Business Intelligence y Reportes Automatizados / Desarrollo de Dashboards y Visualizaciones de Datos Comunicacionales - BAJA - TTO","Time to own",240,minute,Default,"Estrategia y Comunicación Digital > 4. Análisis Técnico, Business Intelligence y Reportes Automatizados > Desarrollo de Dashboards y Visualizaciones de Datos Comunicacionales",BAJA
"Estrategia y Comunicación Digital / 4. Análisis Técnico, Business Intelligence y Reportes Automatizados / Desarrollo de Dashboards y Visualizaciones de Datos Comunicacionales - BAJA - TTR","Time to resolve",480,minute,Default,"Estrategia y Comunicación Digital > 4. Análisis Técnico, Business Intelligence y Reportes Automatizados > Desarrollo de Dashboards y Visualizaciones de Datos Comunicacionales",BAJA
"Estrategia y Comunicación Digital / 4. Análisis Técnico, Business Intelligence y Reportes Automatizados / Automatización de Reportes de Performance Digital - CRITICA - TTO","Time to own",30,minute,Default,"Estrategia y Comunicación Digital > 4. Análisis Técnico, Business Intelligence y Reportes Automatizados > Automatización de Reportes de Performance Digital",CRITICA
"Estrategia y Comunicación Digital / 4. Análisis Técnico, Business Intelligence y Reportes Automatizados / Automatización de Reportes de Performance Digital - CRITICA - TTR","Time to resolve",120,minute,Default,"Estrategia y Comunicación Digital > 4. Análisis Técnico, Business Intelligence y Reportes Automatizados > Automatización de Reportes de Performance Digital",CRITICA
"Estrategia y Comunicación Digital / 4. Análisis Técnico, Business Intelligence y Reportes Automatizados / Automatización de Reportes de Performance Digital - ALTA - TTO","Time to own",60,minute,Default,"Estrategia y Comunicación Digital > 4. Análisis Técnico, Business Intelligence y Reportes Automatizados > Automatización de Reportes de Performance Digital",ALTA
"Estrategia y Comunicación Digital / 4. Análisis Técnico, Business Intelligence y Reportes Automatizados / Automatización de Reportes de Performance Digital - ALTA - TTR","Time to resolve",240,minute,Default,"Estrategia y Comunicación Digital > 4. Análisis Técnico, Business Intelligence y Reportes Automatizados > Automatización de Reportes de Performance Digital",ALTA
"Estrategia y Comunicación Digital / 4. Análisis Técnico, Business Intelligence y Reportes Automatizados / Automatización de Reportes de Performance Digital - MEDIA - TTO","Time to own",120,minute,Default,"Estrategia y Comunicación Digital > 4. Análisis Técnico, Business Intelligence y Reportes Automatizados > Automatización de Reportes de Performance Digital",MEDIA
"Estrategia y Comunicación Digital / 4. Análisis Técnico, Business Intelligence y Reportes Automatizados / Automatización de Reportes de Performance Digital - MEDIA - TTR","Time to resolve",360,minute,Default,"Estrategia y Comunicación Digital > 4. Análisis Técnico, Business Intelligence y Reportes Automatizados > Automatización de Reportes de Performance Digital",MEDIA
"Estrategia y Comunicación Digital / 4. Análisis Técnico, Business Intelligence y Reportes Automatizados / Automatización de Reportes de Performance Digital - BAJA - TTO","Time to own",240,minute,Default,"Estrategia y Comunicación Digital > 4. Análisis Técnico, Business Intelligence y Reportes Automatizados > Automatización de Reportes de Performance Digital",BAJA
"Estrategia y Comunicación Digital / 4. Análisis Técnico, Business Intelligence y Reportes Automatizados / Automatización de Reportes de Performance Digital - BAJA - TTR","Time to resolve",480,minute,Default,"Estrategia y Comunicación Digital > 4. Análisis Técnico, Business Intelligence y Reportes Automatizados > Automatización de Reportes de Performance Digital",BAJA
"Estrategia y Comunicación Digital / 4. Análisis Técnico, Business Intelligence y Reportes Automatizados / Análisis Técnico de Datos para Optimización de Contenidos y Canales - CRITICA - TTO","Time to own",30,minute,Default,"Estrategia y Comunicación Digital > 4. Análisis Técnico, Business Intelligence y Reportes Automatizados > Análisis Técnico de Datos para Optimización de Contenidos y Canales",CRITICA
"Estrategia y Comunicación Digital / 4. Análisis Técnico, Business Intelligence y Reportes Automatizados / Análisis Técnico de Datos para Optimización de Contenidos y Canales - CRITICA - TTR","Time to resolve",120,minute,Default,"Estrategia y Comunicación Digital > 4. Análisis Técnico, Business Intelligence y Reportes Automatizados > Análisis Técnico de Datos para Optimización de Contenidos y Canales",CRITICA
"Estrategia y Comunicación Digital / 4. Análisis Técnico, Business Intelligence y Reportes Automatizados / Análisis Técnico de Datos para Optimización de Contenidos y Canales - ALTA - TTO","Time to own",60,minute,Default,"Estrategia y Comunicación Digital > 4. Análisis Técnico, Business Intelligence y Reportes Automatizados > Análisis Técnico de Datos para Optimización de Contenidos y Canales",ALTA
"Estrategia y Comunicación Digital / 4. Análisis Técnico, Business Intelligence y Reportes Automatizados / Análisis Técnico de Datos para Optimización de Contenidos y Canales - ALTA - TTR","Time to resolve",240,minute,Default,"Estrategia y Comunicación Digital > 4. Análisis Técnico, Business Intelligence y Reportes Automatizados > Análisis Técnico de Datos para Optimización de Contenidos y Canales",ALTA
"Estrategia y Comunicación Digital / 4. Análisis Técnico, Business Intelligence y Reportes Automatizados / Análisis Técnico de Datos para Optimización de Contenidos y Canales - MEDIA - TTO","Time to own",120,minute,Default,"Estrategia y Comunicación Digital > 4. Análisis Técnico, Business Intelligence y Reportes Automatizados > Análisis Técnico de Datos para Optimización de Contenidos y Canales",MEDIA
"Estrategia y Comunicación Digital / 4. Análisis Técnico, Business Intelligence y Reportes Automatizados / Análisis Técnico de Datos para Optimización de Contenidos y Canales - MEDIA - TTR","Time to resolve",360,minute,Default,"Estrategia y Comunicación Digital > 4. Análisis Técnico, Business Intelligence y Reportes Automatizados > Análisis Técnico de Datos para Optimización de Contenidos y Canales",MEDIA
"Estrategia y Comunicación Digital / 4. Análisis Técnico, Business Intelligence y Reportes Automatizados / Análisis Técnico de Datos para Optimización de Contenidos y Canales - BAJA - TTO","Time to own",240,minute,Default,"Estrategia y Comunicación Digital > 4. Análisis Técnico, Business Intelligence y Reportes Automatizados > Análisis Técnico de Datos para Optimización de Contenidos y Canales",BAJA
"Estrategia y Comunicación Digital / 4. Análisis Técnico, Business Intelligence y Reportes Automatizados / Análisis Técnico de Datos para Optimización de Contenidos y Canales - BAJA - TTR","Time to resolve",480,minute,Default,"Estrategia y Comunicación Digital > 4. Análisis Técnico, Business Intelligence y Reportes Automatizados > Análisis Técnico de Datos para Optimización de Contenidos y Canales",BAJA
"Estrategia y Comunicación Digital / 5. Soporte Técnico Especializado y Capacitación Comunicacional-Tecnológica / Soporte Técnico de Nivel 2 para Herramientas de Comunicación Digital - CRITICA - TTO","Time to own",30,minute,Default,"Estrategia y Comunicación Digital > 5. Soporte Técnico Especializado y Capacitación Comunicacional-Tecnológica > Soporte Técnico de Nivel 2 para Herramientas de Comunicación Digital",CRITICA
"Estrategia y Comunicación Digital / 5. Soporte Técnico Especializado y Capacitación Comunicacional-Tecnológica / Soporte Técnico de Nivel 2 para Herramientas de Comunicación Digital - CRITICA - TTR","Time to resolve",120,minute,Default,"Estrategia y Comunicación Digital > 5. Soporte Técnico Especializado y Capacitación Comunicacional-Tecnológica > Soporte Técnico de Nivel 2 para Herramientas de Comunicación Digital",CRITICA
"Estrategia y Comunicación Digital / 5. Soporte Técnico Especializado y Capacitación Comunicacional-Tecnológica / Soporte Técnico de Nivel 2 para Herramientas de Comunicación Digital - ALTA - TTO","Time to own",60,minute,Default,"Estrategia y Comunicación Digital > 5. Soporte Técnico Especializado y Capacitación Comunicacional-Tecnológica > Soporte Técnico de Nivel 2 para Herramientas de Comunicación Digital",ALTA
"Estrategia y Comunicación Digital / 5. Soporte Técnico Especializado y Capacitación Comunicacional-Tecnológica / Soporte Técnico de Nivel 2 para Herramientas de Comunicación Digital - ALTA - TTR","Time to resolve",240,minute,Default,"Estrategia y Comunicación Digital > 5. Soporte Técnico Especializado y Capacitación Comunicacional-Tecnológica > Soporte Técnico de Nivel 2 para Herramientas de Comunicación Digital",ALTA
"Estrategia y Comunicación Digital / 5. Soporte Técnico Especializado y Capacitación Comunicacional-Tecnológica / Soporte Técnico de Nivel 2 para Herramientas de Comunicación Digital - MEDIA - TTO","Time to own",120,minute,Default,"Estrategia y Comunicación Digital > 5. Soporte Técnico Especializado y Capacitación Comunicacional-Tecnológica > Soporte Técnico de Nivel 2 para Herramientas de Comunicación Digital",MEDIA
"Estrategia y Comunicación Digital / 5. Soporte Técnico Especializado y Capacitación Comunicacional-Tecnológica / Soporte Técnico de Nivel 2 para Herramientas de Comunicación Digital - MEDIA - TTR","Time to resolve",360,minute,Default,"Estrategia y Comunicación Digital > 5. Soporte Técnico Especializado y Capacitación Comunicacional-Tecnológica > Soporte Técnico de Nivel 2 para Herramientas de Comunicación Digital",MEDIA
"Estrategia y Comunicación Digital / 5. Soporte Técnico Especializado y Capacitación Comunicacional-Tecnológica / Soporte Técnico de Nivel 2 para Herramientas de Comunicación Digital - BAJA - TTO","Time to own",240,minute,Default,"Estrategia y Comunicación Digital > 5. Soporte Técnico Especializado y Capacitación Comunicacional-Tecnológica > Soporte Técnico de Nivel 2 para Herramientas de Comunicación Digital",BAJA
"Estrategia y Comunicación Digital / 5. Soporte Técnico Especializado y Capacitación Comunicacional-Tecnológica / Soporte Técnico de Nivel 2 para Herramientas de Comunicación Digital - BAJA - TTR","Time to resolve",480,minute,Default,"Estrategia y Comunicación Digital > 5. Soporte Técnico Especializado y Capacitación Comunicacional-Tecnológica > Soporte Técnico de Nivel 2 para Herramientas de Comunicación Digital",BAJA
"Estrategia y Comunicación Digital / 5. Soporte Técnico Especializado y Capacitación Comunicacional-Tecnológica / Capacitación Técnica para Equipos de Comunicación - CRITICA - TTO","Time to own",30,minute,Default,"Estrategia y Comunicación Digital > 5. Soporte Técnico Especializado y Capacitación Comunicacional-Tecnológica > Capacitación Técnica para Equipos de Comunicación",CRITICA
"Estrategia y Comunicación Digital / 5. Soporte Técnico Especializado y Capacitación Comunicacional-Tecnológica / Capacitación Técnica para Equipos de Comunicación - CRITICA - TTR","Time to resolve",120,minute,Default,"Estrategia y Comunicación Digital > 5. Soporte Técnico Especializado y Capacitación Comunicacional-Tecnológica > Capacitación Técnica para Equipos de Comunicación",CRITICA
"Estrategia y Comunicación Digital / 5. Soporte Técnico Especializado y Capacitación Comunicacional-Tecnológica / Capacitación Técnica para Equipos de Comunicación - ALTA - TTO","Time to own",60,minute,Default,"Estrategia y Comunicación Digital > 5. Soporte Técnico Especializado y Capacitación Comunicacional-Tecnológica > Capacitación Técnica para Equipos de Comunicación",ALTA
"Estrategia y Comunicación Digital / 5. Soporte Técnico Especializado y Capacitación Comunicacional-Tecnológica / Capacitación Técnica para Equipos de Comunicación - ALTA - TTR","Time to resolve",240,minute,Default,"Estrategia y Comunicación Digital > 5. Soporte Técnico Especializado y Capacitación Comunicacional-Tecnológica > Capacitación Técnica para Equipos de Comunicación",ALTA
"Estrategia y Comunicación Digital / 5. Soporte Técnico Especializado y Capacitación Comunicacional-Tecnológica / Capacitación Técnica para Equipos de Comunicación - MEDIA - TTO","Time to own",120,minute,Default,"Estrategia y Comunicación Digital > 5. Soporte Técnico Especializado y Capacitación Comunicacional-Tecnológica > Capacitación Técnica para Equipos de Comunicación",MEDIA
"Estrategia y Comunicación Digital / 5. Soporte Técnico Especializado y Capacitación Comunicacional-Tecnológica / Capacitación Técnica para Equipos de Comunicación - MEDIA - TTR","Time to resolve",360,minute,Default,"Estrategia y Comunicación Digital > 5. Soporte Técnico Especializado y Capacitación Comunicacional-Tecnológica > Capacitación Técnica para Equipos de Comunicación",MEDIA
"Estrategia y Comunicación Digital / 5. Soporte Técnico Especializado y Capacitación Comunicacional-Tecnológica / Capacitación Técnica para Equipos de Comunicación - BAJA - TTO","Time to own",240,minute,Default,"Estrategia y Comunicación Digital > 5. Soporte Técnico Especializado y Capacitación Comunicacional-Tecnológica > Capacitación Técnica para Equipos de Comunicación",BAJA
"Estrategia y Comunicación Digital / 5. Soporte Técnico Especializado y Capacitación Comunicacional-Tecnológica / Capacitación Técnica para Equipos de Comunicación - BAJA - TTR","Time to resolve",480,minute,Default,"Estrategia y Comunicación Digital > 5. Soporte Técnico Especializado y Capacitación Comunicacional-Tecnológica > Capacitación Técnica para Equipos de Comunicación",BAJA
"Estrategia y Comunicación Digital / 5. Soporte Técnico Especializado y Capacitación Comunicacional-Tecnológica / Gestión de Incidentes y Cambios en Infraestructura Comunicacional - CRITICA - TTO","Time to own",30,minute,Default,"Estrategia y Comunicación Digital > 5. Soporte Técnico Especializado y Capacitación Comunicacional-Tecnológica > Gestión de Incidentes y Cambios en Infraestructura Comunicacional",CRITICA
"Estrategia y Comunicación Digital / 5. Soporte Técnico Especializado y Capacitación Comunicacional-Tecnológica / Gestión de Incidentes y Cambios en Infraestructura Comunicacional - CRITICA - TTR","Time to resolve",120,minute,Default,"Estrategia y Comunicación Digital > 5. Soporte Técnico Especializado y Capacitación Comunicacional-Tecnológica > Gestión de Incidentes y Cambios en Infraestructura Comunicacional",CRITICA
"Estrategia y Comunicación Digital / 5. Soporte Técnico Especializado y Capacitación Comunicacional-Tecnológica / Gestión de Incidentes y Cambios en Infraestructura Comunicacional - ALTA - TTO","Time to own",60,minute,Default,"Estrategia y Comunicación Digital > 5. Soporte Técnico Especializado y Capacitación Comunicacional-Tecnológica > Gestión de Incidentes y Cambios en Infraestructura Comunicacional",ALTA
"Estrategia y Comunicación Digital / 5. Soporte Técnico Especializado y Capacitación Comunicacional-Tecnológica / Gestión de Incidentes y Cambios en Infraestructura Comunicacional - ALTA - TTR","Time to resolve",240,minute,Default,"Estrategia y Comunicación Digital > 5. Soporte Técnico Especializado y Capacitación Comunicacional-Tecnológica > Gestión de Incidentes y Cambios en Infraestructura Comunicacional",ALTA
"Estrategia y Comunicación Digital / 5. Soporte Técnico Especializado y Capacitación Comunicacional-Tecnológica / Gestión de Incidentes y Cambios en Infraestructura Comunicacional - MEDIA - TTO","Time to own",120,minute,Default,"Estrategia y Comunicación Digital > 5. Soporte Técnico Especializado y Capacitación Comunicacional-Tecnológica > Gestión de Incidentes y Cambios en Infraestructura Comunicacional",MEDIA
"Estrategia y Comunicación Digital / 5. Soporte Técnico Especializado y Capacitación Comunicacional-Tecnológica / Gestión de Incidentes y Cambios en Infraestructura Comunicacional - MEDIA - TTR","Time to resolve",360,minute,Default,"Estrategia y Comunicación Digital > 5. Soporte Técnico Especializado y Capacitación Comunicacional-Tecnológica > Gestión de Incidentes y Cambios en Infraestructura Comunicacional",MEDIA
"Estrategia y Comunicación Digital / 5. Soporte Técnico Especializado y Capacitación Comunicacional-Tecnológica / Gestión de Incidentes y Cambios en Infraestructura Comunicacional - BAJA - TTO","Time to own",240,minute,Default,"Estrategia y Comunicación Digital > 5. Soporte Técnico Especializado y Capacitación Comunicacional-Tecnológica > Gestión de Incidentes y Cambios en Infraestructura Comunicacional",BAJA
"Estrategia y Comunicación Digital / 5. Soporte Técnico Especializado y Capacitación Comunicacional-Tecnológica / Gestión de Incidentes y Cambios en Infraestructura Comunicacional - BAJA - TTR","Time to resolve",480,minute,Default,"Estrategia y Comunicación Digital > 5. Soporte Técnico Especializado y Capacitación Comunicacional-Tecnológica > Gestión de Incidentes y Cambios en Infraestructura Comunicacional",BAJA
"Estrategia y Comunicación Digital / 5. Soporte Técnico Especializado y Capacitación Comunicacional-Tecnológica / Asesoría Técnica en Innovación y Tendencias Digitales para Comunicación - CRITICA - TTO","Time to own",30,minute,Default,"Estrategia y Comunicación Digital > 5. Soporte Técnico Especializado y Capacitación Comunicacional-Tecnológica > Asesoría Técnica en Innovación y Tendencias Digitales para Comunicación",CRITICA
"Estrategia y Comunicación Digital / 5. Soporte Técnico Especializado y Capacitación Comunicacional-Tecnológica / Asesoría Técnica en Innovación y Tendencias Digitales para Comunicación - CRITICA - TTR","Time to resolve",120,minute,Default,"Estrategia y Comunicación Digital > 5. Soporte Técnico Especializado y Capacitación Comunicacional-Tecnológica > Asesoría Técnica en Innovación y Tendencias Digitales para Comunicación",CRITICA
"Estrategia y Comunicación Digital / 5. Soporte Técnico Especializado y Capacitación Comunicacional-Tecnológica / Asesoría Técnica en Innovación y Tendencias Digitales para Comunicación - ALTA - TTO","Time to own",60,minute,Default,"Estrategia y Comunicación Digital > 5. Soporte Técnico Especializado y Capacitación Comunicacional-Tecnológica > Asesoría Técnica en Innovación y Tendencias Digitales para Comunicación",ALTA
"Estrategia y Comunicación Digital / 5. Soporte Técnico Especializado y Capacitación Comunicacional-Tecnológica / Asesoría Técnica en Innovación y Tendencias Digitales para Comunicación - ALTA - TTR","Time to resolve",240,minute,Default,"Estrategia y Comunicación Digital > 5. Soporte Técnico Especializado y Capacitación Comunicacional-Tecnológica > Asesoría Técnica en Innovación y Tendencias Digitales para Comunicación",ALTA
"Estrategia y Comunicación Digital / 5. Soporte Técnico Especializado y Capacitación Comunicacional-Tecnológica / Asesoría Técnica en Innovación y Tendencias Digitales para Comunicación - MEDIA - TTO","Time to own",120,minute,Default,"Estrategia y Comunicación Digital > 5. Soporte Técnico Especializado y Capacitación Comunicacional-Tecnológica > Asesoría Técnica en Innovación y Tendencias Digitales para Comunicación",MEDIA
"Estrategia y Comunicación Digital / 5. Soporte Técnico Especializado y Capacitación Comunicacional-Tecnológica / Asesoría Técnica en Innovación y Tendencias Digitales para Comunicación - MEDIA - TTR","Time to resolve",360,minute,Default,"Estrategia y Comunicación Digital > 5. Soporte Técnico Especializado y Capacitación Comunicacional-Tecnológica > Asesoría Técnica en Innovación y Tendencias Digitales para Comunicación",MEDIA
"Estrategia y Comunicación Digital / 5. Soporte Técnico Especializado y Capacitación Comunicacional-Tecnológica / Asesoría Técnica en Innovación y Tendencias Digitales para Comunicación - BAJA - TTO","Time to own",240,minute,Default,"Estrategia y Comunicación Digital > 5. Soporte Técnico Especializado y Capacitación Comunicacional-Tecnológica > Asesoría Técnica en Innovación y Tendencias Digitales para Comunicación",BAJA
"Estrategia y Comunicación Digital / 5. Soporte Técnico Especializado y Capacitación Comunicacional-Tecnológica / Asesoría Técnica en Innovación y Tendencias Digitales para Comunicación - BAJA - TTR","Time to resolve",480,minute,Default,"Estrategia y Comunicación Digital > 5. Soporte Técnico Especializado y Capacitación Comunicacional-Tecnológica > Asesoría Técnica en Innovación y Tendencias Digitales para Comunicación",BAJA
"Parrilla de Contenidos, Registro y Estadísticas / Registro de Publicaciones y Estadísticas / Registro y seguimiento de gestión en sistema - CRITICA - TTO","Time to own",30,minute,Default,"Parrilla de Contenidos, Registro y Estadísticas > Registro de Publicaciones y Estadísticas > Registro y seguimiento de gestión en sistema",CRITICA
"Parrilla de Contenidos, Registro y Estadísticas / Registro de Publicaciones y Estadísticas / Registro y seguimiento de gestión en sistema - CRITICA - TTR","Time to resolve",120,minute,Default,"Parrilla de Contenidos, Registro y Estadísticas > Registro de Publicaciones y Estadísticas > Registro y seguimiento de gestión en sistema",CRITICA
"Parrilla de Contenidos, Registro y Estadísticas / Registro de Publicaciones y Estadísticas / Registro y seguimiento de gestión en sistema - ALTA - TTO","Time to own",60,minute,Default,"Parrilla de Contenidos, Registro y Estadísticas > Registro de Publicaciones y Estadísticas > Registro y seguimiento de gestión en sistema",ALTA
"Parrilla de Contenidos, Registro y Estadísticas / Registro de Publicaciones y Estadísticas / Registro y seguimiento de gestión en sistema - ALTA - TTR","Time to resolve",240,minute,Default,"Parrilla de Contenidos, Registro y Estadísticas > Registro de Publicaciones y Estadísticas > Registro y seguimiento de gestión en sistema",ALTA
"Parrilla de Contenidos, Registro y Estadísticas / Registro de Publicaciones y Estadísticas / Registro y seguimiento de gestión en sistema - MEDIA - TTO","Time to own",120,minute,Default,"Parrilla de Contenidos, Registro y Estadísticas > Registro de Publicaciones y Estadísticas > Registro y seguimiento de gestión en sistema",MEDIA
"Parrilla de Contenidos, Registro y Estadísticas / Registro de Publicaciones y Estadísticas / Registro y seguimiento de gestión en sistema - MEDIA - TTR","Time to resolve",360,minute,Default,"Parrilla de Contenidos, Registro y Estadísticas > Registro de Publicaciones y Estadísticas > Registro y seguimiento de gestión en sistema",MEDIA
"Parrilla de Contenidos, Registro y Estadísticas / Registro de Publicaciones y Estadísticas / Registro y seguimiento de gestión en sistema - BAJA - TTO","Time to own",240,minute,Default,"Parrilla de Contenidos, Registro y Estadísticas > Registro de Publicaciones y Estadísticas > Registro y seguimiento de gestión en sistema",BAJA
"Parrilla de Contenidos, Registro y Estadísticas / Registro de Publicaciones y Estadísticas / Registro y seguimiento de gestión en sistema - BAJA - TTR","Time to resolve",480,minute,Default,"Parrilla de Contenidos, Registro y Estadísticas > Registro de Publicaciones y Estadísticas > Registro y seguimiento de gestión en sistema",BAJA
"Parrilla de Contenidos, Registro y Estadísticas / Registro de Publicaciones y Estadísticas / Generación de informes y estadísticas de gestión - CRITICA - TTO","Time to own",30,minute,Default,"Parrilla de Contenidos, Registro y Estadísticas > Registro de Publicaciones y Estadísticas > Generación de informes y estadísticas de gestión",CRITICA
"Parrilla de Contenidos, Registro y Estadísticas / Registro de Publicaciones y Estadísticas / Generación de informes y estadísticas de gestión - CRITICA - TTR","Time to resolve",120,minute,Default,"Parrilla de Contenidos, Registro y Estadísticas > Registro de Publicaciones y Estadísticas > Generación de informes y estadísticas de gestión",CRITICA
"Parrilla de Contenidos, Registro y Estadísticas / Registro de Publicaciones y Estadísticas / Generación de informes y estadísticas de gestión - ALTA - TTO","Time to own",60,minute,Default,"Parrilla de Contenidos, Registro y Estadísticas > Registro de Publicaciones y Estadísticas > Generación de informes y estadísticas de gestión",ALTA
"Parrilla de Contenidos, Registro y Estadísticas / Registro de Publicaciones y Estadísticas / Generación de informes y estadísticas de gestión - ALTA - TTR","Time to resolve",240,minute,Default,"Parrilla de Contenidos, Registro y Estadísticas > Registro de Publicaciones y Estadísticas > Generación de informes y estadísticas de gestión",ALTA
"Parrilla de Contenidos, Registro y Estadísticas / Registro de Publicaciones y Estadísticas / Generación de informes y estadísticas de gestión - MEDIA - TTO","Time to own",120,minute,Default,"Parrilla de Contenidos, Registro y Estadísticas > Registro de Publicaciones y Estadísticas > Generación de informes y estadísticas de gestión",MEDIA
"Parrilla de Contenidos, Registro y Estadísticas / Registro de Publicaciones y Estadísticas / Generación de informes y estadísticas de gestión - MEDIA - TTR","Time to resolve",360,minute,Default,"Parrilla de Contenidos, Registro y Estadísticas > Registro de Publicaciones y Estadísticas > Generación de informes y estadísticas de gestión",MEDIA
"Parrilla de Contenidos, Registro y Estadísticas / Registro de Publicaciones y Estadísticas / Generación de informes y estadísticas de gestión - BAJA - TTO","Time to own",240,minute,Default,"Parrilla de Contenidos, Registro y Estadísticas > Registro de Publicaciones y Estadísticas > Generación de informes y estadísticas de gestión",BAJA
"Parrilla de Contenidos, Registro y Estadísticas / Registro de Publicaciones y Estadísticas / Generación de informes y estadísticas de gestión - BAJA - TTR","Time to resolve",480,minute,Default,"Parrilla de Contenidos, Registro y Estadísticas > Registro de Publicaciones y Estadísticas > Generación de informes y estadísticas de gestión",BAJA
"Gestión e Implementación de la Estrategia Digital Integral / 1. Gobierno Digital y Cumplimiento Normativo TIC / Auditoría y Aseguramiento de Cumplimiento MINTIC - CRITICA - TTO","Time to own",30,minute,Default,"Gestión e Implementación de la Estrategia Digital Integral > 1. Gobierno Digital y Cumplimiento Normativo TIC > Auditoría y Aseguramiento de Cumplimiento MINTIC",CRITICA
"Gestión e Implementación de la Estrategia Digital Integral / 1. Gobierno Digital y Cumplimiento Normativo TIC / Auditoría y Aseguramiento de Cumplimiento MINTIC - CRITICA - TTR","Time to resolve",120,minute,Default,"Gestión e Implementación de la Estrategia Digital Integral > 1. Gobierno Digital y Cumplimiento Normativo TIC > Auditoría y Aseguramiento de Cumplimiento MINTIC",CRITICA
"Gestión e Implementación de la Estrategia Digital Integral / 1. Gobierno Digital y Cumplimiento Normativo TIC / Auditoría y Aseguramiento de Cumplimiento MINTIC - ALTA - TTO","Time to own",60,minute,Default,"Gestión e Implementación de la Estrategia Digital Integral > 1. Gobierno Digital y Cumplimiento Normativo TIC > Auditoría y Aseguramiento de Cumplimiento MINTIC",ALTA
"Gestión e Implementación de la Estrategia Digital Integral / 1. Gobierno Digital y Cumplimiento Normativo TIC / Auditoría y Aseguramiento de Cumplimiento MINTIC - ALTA - TTR","Time to resolve",240,minute,Default,"Gestión e Implementación de la Estrategia Digital Integral > 1. Gobierno Digital y Cumplimiento Normativo TIC > Auditoría y Aseguramiento de Cumplimiento MINTIC",ALTA
"Gestión e Implementación de la Estrategia Digital Integral / 1. Gobierno Digital y Cumplimiento Normativo TIC / Auditoría y Aseguramiento de Cumplimiento MINTIC - MEDIA - TTO","Time to own",120,minute,Default,"Gestión e Implementación de la Estrategia Digital Integral > 1. Gobierno Digital y Cumplimiento Normativo TIC > Auditoría y Aseguramiento de Cumplimiento MINTIC",MEDIA
"Gestión e Implementación de la Estrategia Digital Integral / 1. Gobierno Digital y Cumplimiento Normativo TIC / Auditoría y Aseguramiento de Cumplimiento MINTIC - MEDIA - TTR","Time to resolve",360,minute,Default,"Gestión e Implementación de la Estrategia Digital Integral > 1. Gobierno Digital y Cumplimiento Normativo TIC > Auditoría y Aseguramiento de Cumplimiento MINTIC",MEDIA
"Gestión e Implementación de la Estrategia Digital Integral / 1. Gobierno Digital y Cumplimiento Normativo TIC / Auditoría y Aseguramiento de Cumplimiento MINTIC - BAJA - TTO","Time to own",240,minute,Default,"Gestión e Implementación de la Estrategia Digital Integral > 1. Gobierno Digital y Cumplimiento Normativo TIC > Auditoría y Aseguramiento de Cumplimiento MINTIC",BAJA
"Gestión e Implementación de la Estrategia Digital Integral / 1. Gobierno Digital y Cumplimiento Normativo TIC / Auditoría y Aseguramiento de Cumplimiento MINTIC - BAJA - TTR","Time to resolve",480,minute,Default,"Gestión e Implementación de la Estrategia Digital Integral > 1. Gobierno Digital y Cumplimiento Normativo TIC > Auditoría y Aseguramiento de Cumplimiento MINTIC",BAJA
"Gestión e Implementación de la Estrategia Digital Integral / 1. Gobierno Digital y Cumplimiento Normativo TIC / Implementación de Componentes de Transparencia y Acceso a la Información - CRITICA - TTO","Time to own",30,minute,Default,"Gestión e Implementación de la Estrategia Digital Integral > 1. Gobierno Digital y Cumplimiento Normativo TIC > Implementación de Componentes de Transparencia y Acceso a la Información",CRITICA
"Gestión e Implementación de la Estrategia Digital Integral / 1. Gobierno Digital y Cumplimiento Normativo TIC / Implementación de Componentes de Transparencia y Acceso a la Información - CRITICA - TTR","Time to resolve",120,minute,Default,"Gestión e Implementación de la Estrategia Digital Integral > 1. Gobierno Digital y Cumplimiento Normativo TIC > Implementación de Componentes de Transparencia y Acceso a la Información",CRITICA
"Gestión e Implementación de la Estrategia Digital Integral / 1. Gobierno Digital y Cumplimiento Normativo TIC / Implementación de Componentes de Transparencia y Acceso a la Información - ALTA - TTO","Time to own",60,minute,Default,"Gestión e Implementación de la Estrategia Digital Integral > 1. Gobierno Digital y Cumplimiento Normativo TIC > Implementación de Componentes de Transparencia y Acceso a la Información",ALTA
"Gestión e Implementación de la Estrategia Digital Integral / 1. Gobierno Digital y Cumplimiento Normativo TIC / Implementación de Componentes de Transparencia y Acceso a la Información - ALTA - TTR","Time to resolve",240,minute,Default,"Gestión e Implementación de la Estrategia Digital Integral > 1. Gobierno Digital y Cumplimiento Normativo TIC > Implementación de Componentes de Transparencia y Acceso a la Información",ALTA
"Gestión e Implementación de la Estrategia Digital Integral / 1. Gobierno Digital y Cumplimiento Normativo TIC / Implementación de Componentes de Transparencia y Acceso a la Información - MEDIA - TTO","Time to own",120,minute,Default,"Gestión e Implementación de la Estrategia Digital Integral > 1. Gobierno Digital y Cumplimiento Normativo TIC > Implementación de Componentes de Transparencia y Acceso a la Información",MEDIA
"Gestión e Implementación de la Estrategia Digital Integral / 1. Gobierno Digital y Cumplimiento Normativo TIC / Implementación de Componentes de Transparencia y Acceso a la Información - MEDIA - TTR","Time to resolve",360,minute,Default,"Gestión e Implementación de la Estrategia Digital Integral > 1. Gobierno Digital y Cumplimiento Normativo TIC > Implementación de Componentes de Transparencia y Acceso a la Información",MEDIA
"Gestión e Implementación de la Estrategia Digital Integral / 1. Gobierno Digital y Cumplimiento Normativo TIC / Implementación de Componentes de Transparencia y Acceso a la Información - BAJA - TTO","Time to own",240,minute,Default,"Gestión e Implementación de la Estrategia Digital Integral > 1. Gobierno Digital y Cumplimiento Normativo TIC > Implementación de Componentes de Transparencia y Acceso a la Información",BAJA
"Gestión e Implementación de la Estrategia Digital Integral / 1. Gobierno Digital y Cumplimiento Normativo TIC / Implementación de Componentes de Transparencia y Acceso a la Información - BAJA - TTR","Time to resolve",480,minute,Default,"Gestión e Implementación de la Estrategia Digital Integral > 1. Gobierno Digital y Cumplimiento Normativo TIC > Implementación de Componentes de Transparencia y Acceso a la Información",BAJA
"Gestión e Implementación de la Estrategia Digital Integral / 1. Gobierno Digital y Cumplimiento Normativo TIC / Gestión de Seguridad de la Información en Canales Digitales - CRITICA - TTO","Time to own",30,minute,Default,"Gestión e Implementación de la Estrategia Digital Integral > 1. Gobierno Digital y Cumplimiento Normativo TIC > Gestión de Seguridad de la Información en Canales Digitales",CRITICA
"Gestión e Implementación de la Estrategia Digital Integral / 1. Gobierno Digital y Cumplimiento Normativo TIC / Gestión de Seguridad de la Información en Canales Digitales - CRITICA - TTR","Time to resolve",120,minute,Default,"Gestión e Implementación de la Estrategia Digital Integral > 1. Gobierno Digital y Cumplimiento Normativo TIC > Gestión de Seguridad de la Información en Canales Digitales",CRITICA
"Gestión e Implementación de la Estrategia Digital Integral / 1. Gobierno Digital y Cumplimiento Normativo TIC / Gestión de Seguridad de la Información en Canales Digitales - ALTA - TTO","Time to own",60,minute,Default,"Gestión e Implementación de la Estrategia Digital Integral > 1. Gobierno Digital y Cumplimiento Normativo TIC > Gestión de Seguridad de la Información en Canales Digitales",ALTA
"Gestión e Implementación de la Estrategia Digital Integral / 1. Gobierno Digital y Cumplimiento Normativo TIC / Gestión de Seguridad de la Información en Canales Digitales - ALTA - TTR","Time to resolve",240,minute,Default,"Gestión e Implementación de la Estrategia Digital Integral > 1. Gobierno Digital y Cumplimiento Normativo TIC > Gestión de Seguridad de la Información en Canales Digitales",ALTA
"Gestión e Implementación de la Estrategia Digital Integral / 1. Gobierno Digital y Cumplimiento Normativo TIC / Gestión de Seguridad de la Información en Canales Digitales - MEDIA - TTO","Time to own",120,minute,Default,"Gestión e Implementación de la Estrategia Digital Integral > 1. Gobierno Digital y Cumplimiento Normativo TIC > Gestión de Seguridad de la Información en Canales Digitales",MEDIA
"Gestión e Implementación de la Estrategia Digital Integral / 1. Gobierno Digital y Cumplimiento Normativo TIC / Gestión de Seguridad de la Información en Canales Digitales - MEDIA - TTR","Time to resolve",360,minute,Default,"Gestión e Implementación de la Estrategia Digital Integral > 1. Gobierno Digital y Cumplimiento Normativo TIC > Gestión de Seguridad de la Información en Canales Digitales",MEDIA
"Gestión e Implementación de la Estrategia Digital Integral / 1. Gobierno Digital y Cumplimiento Normativo TIC / Gestión de Seguridad de la Información en Canales Digitales - BAJA - TTO","Time to own",240,minute,Default,"Gestión e Implementación de la Estrategia Digital Integral > 1. Gobierno Digital y Cumplimiento Normativo TIC > Gestión de Seguridad de la Información en Canales Digitales",BAJA
"Gestión e Implementación de la Estrategia Digital Integral / 1. Gobierno Digital y Cumplimiento Normativo TIC / Gestión de Seguridad de la Información en Canales Digitales - BAJA - TTR","Time to resolve",480,minute,Default,"Gestión e Implementación de la Estrategia Digital Integral > 1. Gobierno Digital y Cumplimiento Normativo TIC > Gestión de Seguridad de la Información en Canales Digitales",BAJA
"Gestión e Implementación de la Estrategia Digital Integral / 1. Gobierno Digital y Cumplimiento Normativo TIC / Asesoría en Adquisición o Desarrollo de Herramientas Digitales Normativas - CRITICA - TTO","Time to own",30,minute,Default,"Gestión e Implementación de la Estrategia Digital Integral > 1. Gobierno Digital y Cumplimiento Normativo TIC > Asesoría en Adquisición o Desarrollo de Herramientas Digitales Normativas",CRITICA
"Gestión e Implementación de la Estrategia Digital Integral / 1. Gobierno Digital y Cumplimiento Normativo TIC / Asesoría en Adquisición o Desarrollo de Herramientas Digitales Normativas - CRITICA - TTR","Time to resolve",120,minute,Default,"Gestión e Implementación de la Estrategia Digital Integral > 1. Gobierno Digital y Cumplimiento Normativo TIC > Asesoría en Adquisición o Desarrollo de Herramientas Digitales Normativas",CRITICA
"Gestión e Implementación de la Estrategia Digital Integral / 1. Gobierno Digital y Cumplimiento Normativo TIC / Asesoría en Adquisición o Desarrollo de Herramientas Digitales Normativas - ALTA - TTO","Time to own",60,minute,Default,"Gestión e Implementación de la Estrategia Digital Integral > 1. Gobierno Digital y Cumplimiento Normativo TIC > Asesoría en Adquisición o Desarrollo de Herramientas Digitales Normativas",ALTA
"Gestión e Implementación de la Estrategia Digital Integral / 1. Gobierno Digital y Cumplimiento Normativo TIC / Asesoría en Adquisición o Desarrollo de Herramientas Digitales Normativas - ALTA - TTR","Time to resolve",240,minute,Default,"Gestión e Implementación de la Estrategia Digital Integral > 1. Gobierno Digital y Cumplimiento Normativo TIC > Asesoría en Adquisición o Desarrollo de Herramientas Digitales Normativas",ALTA
"Gestión e Implementación de la Estrategia Digital Integral / 1. Gobierno Digital y Cumplimiento Normativo TIC / Asesoría en Adquisición o Desarrollo de Herramientas Digitales Normativas - MEDIA - TTO","Time to own",120,minute,Default,"Gestión e Implementación de la Estrategia Digital Integral > 1. Gobierno Digital y Cumplimiento Normativo TIC > Asesoría en Adquisición o Desarrollo de Herramientas Digitales Normativas",MEDIA
"Gestión e Implementación de la Estrategia Digital Integral / 1. Gobierno Digital y Cumplimiento Normativo TIC / Asesoría en Adquisición o Desarrollo de Herramientas Digitales Normativas - MEDIA - TTR","Time to resolve",360,minute,Default,"Gestión e Implementación de la Estrategia Digital Integral > 1. Gobierno Digital y Cumplimiento Normativo TIC > Asesoría en Adquisición o Desarrollo de Herramientas Digitales Normativas",MEDIA
"Gestión e Implementación de la Estrategia Digital Integral / 1. Gobierno Digital y Cumplimiento Normativo TIC / Asesoría en Adquisición o Desarrollo de Herramientas Digitales Normativas - BAJA - TTO","Time to own",240,minute,Default,"Gestión e Implementación de la Estrategia Digital Integral > 1. Gobierno Digital y Cumplimiento Normativo TIC > Asesoría en Adquisición o Desarrollo de Herramientas Digitales Normativas",BAJA
"Gestión e Implementación de la Estrategia Digital Integral / 1. Gobierno Digital y Cumplimiento Normativo TIC / Asesoría en Adquisición o Desarrollo de Herramientas Digitales Normativas - BAJA - TTR","Time to resolve",480,minute,Default,"Gestión e Implementación de la Estrategia Digital Integral > 1. Gobierno Digital y Cumplimiento Normativo TIC > Asesoría en Adquisición o Desarrollo de Herramientas Digitales Normativas",BAJA
"Gestión e Implementación de la Estrategia Digital Integral / Gobierno Digital y Normatividad / Actualización de Sección de Transparencia - CRITICA - TTO","Time to own",30,minute,Default,"Gestión e Implementación de la Estrategia Digital Integral > Gobierno Digital y Normatividad > Actualización de Sección de Transparencia",CRITICA
"Gestión e Implementación de la Estrategia Digital Integral / Gobierno Digital y Normatividad / Actualización de Sección de Transparencia - CRITICA - TTR","Time to resolve",120,minute,Default,"Gestión e Implementación de la Estrategia Digital Integral > Gobierno Digital y Normatividad > Actualización de Sección de Transparencia",CRITICA
"Gestión e Implementación de la Estrategia Digital Integral / Gobierno Digital y Normatividad / Actualización de Sección de Transparencia - ALTA - TTO","Time to own",60,minute,Default,"Gestión e Implementación de la Estrategia Digital Integral > Gobierno Digital y Normatividad > Actualización de Sección de Transparencia",ALTA
"Gestión e Implementación de la Estrategia Digital Integral / Gobierno Digital y Normatividad / Actualización de Sección de Transparencia - ALTA - TTR","Time to resolve",240,minute,Default,"Gestión e Implementación de la Estrategia Digital Integral > Gobierno Digital y Normatividad > Actualización de Sección de Transparencia",ALTA
"Gestión e Implementación de la Estrategia Digital Integral / Gobierno Digital y Normatividad / Actualización de Sección de Transparencia - MEDIA - TTO","Time to own",120,minute,Default,"Gestión e Implementación de la Estrategia Digital Integral > Gobierno Digital y Normatividad > Actualización de Sección de Transparencia",MEDIA
"Gestión e Implementación de la Estrategia Digital Integral / Gobierno Digital y Normatividad / Actualización de Sección de Transparencia - MEDIA - TTR","Time to resolve",360,minute,Default,"Gestión e Implementación de la Estrategia Digital Integral > Gobierno Digital y Normatividad > Actualización de Sección de Transparencia",MEDIA
"Gestión e Implementación de la Estrategia Digital Integral / Gobierno Digital y Normatividad / Actualización de Sección de Transparencia - BAJA - TTO","Time to own",240,minute,Default,"Gestión e Implementación de la Estrategia Digital Integral > Gobierno Digital y Normatividad > Actualización de Sección de Transparencia",BAJA
"Gestión e Implementación de la Estrategia Digital Integral / Gobierno Digital y Normatividad / Actualización de Sección de Transparencia - BAJA - TTR","Time to resolve",480,minute,Default,"Gestión e Implementación de la Estrategia Digital Integral > Gobierno Digital y Normatividad > Actualización de Sección de Transparencia",BAJA
"Gestión e Implementación de la Estrategia Digital Integral / Gobierno Digital y Normatividad / Cumplimiento de accesibilidad y lineamientos de Gobierno Digital - CRITICA - TTO","Time to own",30,minute,Default,"Gestión e Implementación de la Estrategia Digital Integral > Gobierno Digital y Normatividad > Cumplimiento de accesibilidad y lineamientos de Gobierno Digital",CRITICA
"Gestión e Implementación de la Estrategia Digital Integral / Gobierno Digital y Normatividad / Cumplimiento de accesibilidad y lineamientos de Gobierno Digital - CRITICA - TTR","Time to resolve",120,minute,Default,"Gestión e Implementación de la Estrategia Digital Integral > Gobierno Digital y Normatividad > Cumplimiento de accesibilidad y lineamientos de Gobierno Digital",CRITICA
"Gestión e Implementación de la Estrategia Digital Integral / Gobierno Digital y Normatividad / Cumplimiento de accesibilidad y lineamientos de Gobierno Digital - ALTA - TTO","Time to own",60,minute,Default,"Gestión e Implementación de la Estrategia Digital Integral > Gobierno Digital y Normatividad > Cumplimiento de accesibilidad y lineamientos de Gobierno Digital",ALTA
"Gestión e Implementación de la Estrategia Digital Integral / Gobierno Digital y Normatividad / Cumplimiento de accesibilidad y lineamientos de Gobierno Digital - ALTA - TTR","Time to resolve",240,minute,Default,"Gestión e Implementación de la Estrategia Digital Integral > Gobierno Digital y Normatividad > Cumplimiento de accesibilidad y lineamientos de Gobierno Digital",ALTA
"Gestión e Implementación de la Estrategia Digital Integral / Gobierno Digital y Normatividad / Cumplimiento de accesibilidad y lineamientos de Gobierno Digital - MEDIA - TTO","Time to own",120,minute,Default,"Gestión e Implementación de la Estrategia Digital Integral > Gobierno Digital y Normatividad > Cumplimiento de accesibilidad y lineamientos de Gobierno Digital",MEDIA
"Gestión e Implementación de la Estrategia Digital Integral / Gobierno Digital y Normatividad / Cumplimiento de accesibilidad y lineamientos de Gobierno Digital - MEDIA - TTR","Time to resolve",360,minute,Default,"Gestión e Implementación de la Estrategia Digital Integral > Gobierno Digital y Normatividad > Cumplimiento de accesibilidad y lineamientos de Gobierno Digital",MEDIA
"Gestión e Implementación de la Estrategia Digital Integral / Gobierno Digital y Normatividad / Cumplimiento de accesibilidad y lineamientos de Gobierno Digital - BAJA - TTO","Time to own",240,minute,Default,"Gestión e Implementación de la Estrategia Digital Integral > Gobierno Digital y Normatividad > Cumplimiento de accesibilidad y lineamientos de Gobierno Digital",BAJA
"Gestión e Implementación de la Estrategia Digital Integral / Gobierno Digital y Normatividad / Cumplimiento de accesibilidad y lineamientos de Gobierno Digital - BAJA - TTR","Time to resolve",480,minute,Default,"Gestión e Implementación de la Estrategia Digital Integral > Gobierno Digital y Normatividad > Cumplimiento de accesibilidad y lineamientos de Gobierno Digital",BAJA
"Gestión e Implementación de la Estrategia Digital Integral / Gobierno Digital y Normatividad / Respuesta a requerimientos ITA y MIPG - CRITICA - TTO","Time to own",30,minute,Default,"Gestión e Implementación de la Estrategia Digital Integral > Gobierno Digital y Normatividad > Respuesta a requerimientos ITA y MIPG",CRITICA
"Gestión e Implementación de la Estrategia Digital Integral / Gobierno Digital y Normatividad / Respuesta a requerimientos ITA y MIPG - CRITICA - TTR","Time to resolve",120,minute,Default,"Gestión e Implementación de la Estrategia Digital Integral > Gobierno Digital y Normatividad > Respuesta a requerimientos ITA y MIPG",CRITICA
"Gestión e Implementación de la Estrategia Digital Integral / Gobierno Digital y Normatividad / Respuesta a requerimientos ITA y MIPG - ALTA - TTO","Time to own",60,minute,Default,"Gestión e Implementación de la Estrategia Digital Integral > Gobierno Digital y Normatividad > Respuesta a requerimientos ITA y MIPG",ALTA
"Gestión e Implementación de la Estrategia Digital Integral / Gobierno Digital y Normatividad / Respuesta a requerimientos ITA y MIPG - ALTA - TTR","Time to resolve",240,minute,Default,"Gestión e Implementación de la Estrategia Digital Integral > Gobierno Digital y Normatividad > Respuesta a requerimientos ITA y MIPG",ALTA
"Gestión e Implementación de la Estrategia Digital Integral / Gobierno Digital y Normatividad / Respuesta a requerimientos ITA y MIPG - MEDIA - TTO","Time to own",120,minute,Default,"Gestión e Implementación de la Estrategia Digital Integral > Gobierno Digital y Normatividad > Respuesta a requerimientos ITA y MIPG",MEDIA
"Gestión e Implementación de la Estrategia Digital Integral / Gobierno Digital y Normatividad / Respuesta a requerimientos ITA y MIPG - MEDIA - TTR","Time to resolve",360,minute,Default,"Gestión e Implementación de la Estrategia Digital Integral > Gobierno Digital y Normatividad > Respuesta a requerimientos ITA y MIPG",MEDIA
"Gestión e Implementación de la Estrategia Digital Integral / Gobierno Digital y Normatividad / Respuesta a requerimientos ITA y MIPG - BAJA - TTO","Time to own",240,minute,Default,"Gestión e Implementación de la Estrategia Digital Integral > Gobierno Digital y Normatividad > Respuesta a requerimientos ITA y MIPG",BAJA
"Gestión e Implementación de la Estrategia Digital Integral / Gobierno Digital y Normatividad / Respuesta a requerimientos ITA y MIPG - BAJA - TTR","Time to resolve",480,minute,Default,"Gestión e Implementación de la Estrategia Digital Integral > Gobierno Digital y Normatividad > Respuesta a requerimientos ITA y MIPG",BAJA
"Gestión e Implementación de la Estrategia Digital Integral / 2. Estrategia y Arquitectura de Comunicación Digital / Formulación y Documentación del Plan de Comunicación Digital Integral - CRITICA - TTO","Time to own",30,minute,Default,"Gestión e Implementación de la Estrategia Digital Integral > 2. Estrategia y Arquitectura de Comunicación Digital > Formulación y Documentación del Plan de Comunicación Digital Integral",CRITICA
"Gestión e Implementación de la Estrategia Digital Integral / 2. Estrategia y Arquitectura de Comunicación Digital / Formulación y Documentación del Plan de Comunicación Digital Integral - CRITICA - TTR","Time to resolve",120,minute,Default,"Gestión e Implementación de la Estrategia Digital Integral > 2. Estrategia y Arquitectura de Comunicación Digital > Formulación y Documentación del Plan de Comunicación Digital Integral",CRITICA
"Gestión e Implementación de la Estrategia Digital Integral / 2. Estrategia y Arquitectura de Comunicación Digital / Formulación y Documentación del Plan de Comunicación Digital Integral - ALTA - TTO","Time to own",60,minute,Default,"Gestión e Implementación de la Estrategia Digital Integral > 2. Estrategia y Arquitectura de Comunicación Digital > Formulación y Documentación del Plan de Comunicación Digital Integral",ALTA
"Gestión e Implementación de la Estrategia Digital Integral / 2. Estrategia y Arquitectura de Comunicación Digital / Formulación y Documentación del Plan de Comunicación Digital Integral - ALTA - TTR","Time to resolve",240,minute,Default,"Gestión e Implementación de la Estrategia Digital Integral > 2. Estrategia y Arquitectura de Comunicación Digital > Formulación y Documentación del Plan de Comunicación Digital Integral",ALTA
"Gestión e Implementación de la Estrategia Digital Integral / 2. Estrategia y Arquitectura de Comunicación Digital / Formulación y Documentación del Plan de Comunicación Digital Integral - MEDIA - TTO","Time to own",120,minute,Default,"Gestión e Implementación de la Estrategia Digital Integral > 2. Estrategia y Arquitectura de Comunicación Digital > Formulación y Documentación del Plan de Comunicación Digital Integral",MEDIA
"Gestión e Implementación de la Estrategia Digital Integral / 2. Estrategia y Arquitectura de Comunicación Digital / Formulación y Documentación del Plan de Comunicación Digital Integral - MEDIA - TTR","Time to resolve",360,minute,Default,"Gestión e Implementación de la Estrategia Digital Integral > 2. Estrategia y Arquitectura de Comunicación Digital > Formulación y Documentación del Plan de Comunicación Digital Integral",MEDIA
"Gestión e Implementación de la Estrategia Digital Integral / 2. Estrategia y Arquitectura de Comunicación Digital / Formulación y Documentación del Plan de Comunicación Digital Integral - BAJA - TTO","Time to own",240,minute,Default,"Gestión e Implementación de la Estrategia Digital Integral > 2. Estrategia y Arquitectura de Comunicación Digital > Formulación y Documentación del Plan de Comunicación Digital Integral",BAJA
"Gestión e Implementación de la Estrategia Digital Integral / 2. Estrategia y Arquitectura de Comunicación Digital / Formulación y Documentación del Plan de Comunicación Digital Integral - BAJA - TTR","Time to resolve",480,minute,Default,"Gestión e Implementación de la Estrategia Digital Integral > 2. Estrategia y Arquitectura de Comunicación Digital > Formulación y Documentación del Plan de Comunicación Digital Integral",BAJA
"Gestión e Implementación de la Estrategia Digital Integral / 2. Estrategia y Arquitectura de Comunicación Digital / Diseño de la Arquitectura de Información y Experiencia de Usuario (UX) - CRITICA - TTO","Time to own",30,minute,Default,"Gestión e Implementación de la Estrategia Digital Integral > 2. Estrategia y Arquitectura de Comunicación Digital > Diseño de la Arquitectura de Información y Experiencia de Usuario (UX)",CRITICA
"Gestión e Implementación de la Estrategia Digital Integral / 2. Estrategia y Arquitectura de Comunicación Digital / Diseño de la Arquitectura de Información y Experiencia de Usuario (UX) - CRITICA - TTR","Time to resolve",120,minute,Default,"Gestión e Implementación de la Estrategia Digital Integral > 2. Estrategia y Arquitectura de Comunicación Digital > Diseño de la Arquitectura de Información y Experiencia de Usuario (UX)",CRITICA
"Gestión e Implementación de la Estrategia Digital Integral / 2. Estrategia y Arquitectura de Comunicación Digital / Diseño de la Arquitectura de Información y Experiencia de Usuario (UX) - ALTA - TTO","Time to own",60,minute,Default,"Gestión e Implementación de la Estrategia Digital Integral > 2. Estrategia y Arquitectura de Comunicación Digital > Diseño de la Arquitectura de Información y Experiencia de Usuario (UX)",ALTA
"Gestión e Implementación de la Estrategia Digital Integral / 2. Estrategia y Arquitectura de Comunicación Digital / Diseño de la Arquitectura de Información y Experiencia de Usuario (UX) - ALTA - TTR","Time to resolve",240,minute,Default,"Gestión e Implementación de la Estrategia Digital Integral > 2. Estrategia y Arquitectura de Comunicación Digital > Diseño de la Arquitectura de Información y Experiencia de Usuario (UX)",ALTA
"Gestión e Implementación de la Estrategia Digital Integral / 2. Estrategia y Arquitectura de Comunicación Digital / Diseño de la Arquitectura de Información y Experiencia de Usuario (UX) - MEDIA - TTO","Time to own",120,minute,Default,"Gestión e Implementación de la Estrategia Digital Integral > 2. Estrategia y Arquitectura de Comunicación Digital > Diseño de la Arquitectura de Información y Experiencia de Usuario (UX)",MEDIA
"Gestión e Implementación de la Estrategia Digital Integral / 2. Estrategia y Arquitectura de Comunicación Digital / Diseño de la Arquitectura de Información y Experiencia de Usuario (UX) - MEDIA - TTR","Time to resolve",360,minute,Default,"Gestión e Implementación de la Estrategia Digital Integral > 2. Estrategia y Arquitectura de Comunicación Digital > Diseño de la Arquitectura de Información y Experiencia de Usuario (UX)",MEDIA
"Gestión e Implementación de la Estrategia Digital Integral / 2. Estrategia y Arquitectura de Comunicación Digital / Diseño de la Arquitectura de Información y Experiencia de Usuario (UX) - BAJA - TTO","Time to own",240,minute,Default,"Gestión e Implementación de la Estrategia Digital Integral > 2. Estrategia y Arquitectura de Comunicación Digital > Diseño de la Arquitectura de Información y Experiencia de Usuario (UX)",BAJA
"Gestión e Implementación de la Estrategia Digital Integral / 2. Estrategia y Arquitectura de Comunicación Digital / Diseño de la Arquitectura de Información y Experiencia de Usuario (UX) - BAJA - TTR","Time to resolve",480,minute,Default,"Gestión e Implementación de la Estrategia Digital Integral > 2. Estrategia y Arquitectura de Comunicación Digital > Diseño de la Arquitectura de Información y Experiencia de Usuario (UX)",BAJA
"Gestión e Implementación de la Estrategia Digital Integral / 2. Estrategia y Arquitectura de Comunicación Digital / Gestión de la Parrilla Editorial y Cronograma de Contenidos Digitales - CRITICA - TTO","Time to own",30,minute,Default,"Gestión e Implementación de la Estrategia Digital Integral > 2. Estrategia y Arquitectura de Comunicación Digital > Gestión de la Parrilla Editorial y Cronograma de Contenidos Digitales",CRITICA
"Gestión e Implementación de la Estrategia Digital Integral / 2. Estrategia y Arquitectura de Comunicación Digital / Gestión de la Parrilla Editorial y Cronograma de Contenidos Digitales - CRITICA - TTR","Time to resolve",120,minute,Default,"Gestión e Implementación de la Estrategia Digital Integral > 2. Estrategia y Arquitectura de Comunicación Digital > Gestión de la Parrilla Editorial y Cronograma de Contenidos Digitales",CRITICA
"Gestión e Implementación de la Estrategia Digital Integral / 2. Estrategia y Arquitectura de Comunicación Digital / Gestión de la Parrilla Editorial y Cronograma de Contenidos Digitales - ALTA - TTO","Time to own",60,minute,Default,"Gestión e Implementación de la Estrategia Digital Integral > 2. Estrategia y Arquitectura de Comunicación Digital > Gestión de la Parrilla Editorial y Cronograma de Contenidos Digitales",ALTA
"Gestión e Implementación de la Estrategia Digital Integral / 2. Estrategia y Arquitectura de Comunicación Digital / Gestión de la Parrilla Editorial y Cronograma de Contenidos Digitales - ALTA - TTR","Time to resolve",240,minute,Default,"Gestión e Implementación de la Estrategia Digital Integral > 2. Estrategia y Arquitectura de Comunicación Digital > Gestión de la Parrilla Editorial y Cronograma de Contenidos Digitales",ALTA
"Gestión e Implementación de la Estrategia Digital Integral / 2. Estrategia y Arquitectura de Comunicación Digital / Gestión de la Parrilla Editorial y Cronograma de Contenidos Digitales - MEDIA - TTO","Time to own",120,minute,Default,"Gestión e Implementación de la Estrategia Digital Integral > 2. Estrategia y Arquitectura de Comunicación Digital > Gestión de la Parrilla Editorial y Cronograma de Contenidos Digitales",MEDIA
"Gestión e Implementación de la Estrategia Digital Integral / 2. Estrategia y Arquitectura de Comunicación Digital / Gestión de la Parrilla Editorial y Cronograma de Contenidos Digitales - MEDIA - TTR","Time to resolve",360,minute,Default,"Gestión e Implementación de la Estrategia Digital Integral > 2. Estrategia y Arquitectura de Comunicación Digital > Gestión de la Parrilla Editorial y Cronograma de Contenidos Digitales",MEDIA
"Gestión e Implementación de la Estrategia Digital Integral / 2. Estrategia y Arquitectura de Comunicación Digital / Gestión de la Parrilla Editorial y Cronograma de Contenidos Digitales - BAJA - TTO","Time to own",240,minute,Default,"Gestión e Implementación de la Estrategia Digital Integral > 2. Estrategia y Arquitectura de Comunicación Digital > Gestión de la Parrilla Editorial y Cronograma de Contenidos Digitales",BAJA
"Gestión e Implementación de la Estrategia Digital Integral / 2. Estrategia y Arquitectura de Comunicación Digital / Gestión de la Parrilla Editorial y Cronograma de Contenidos Digitales - BAJA - TTR","Time to resolve",480,minute,Default,"Gestión e Implementación de la Estrategia Digital Integral > 2. Estrategia y Arquitectura de Comunicación Digital > Gestión de la Parrilla Editorial y Cronograma de Contenidos Digitales",BAJA
"Gestión e Implementación de la Estrategia Digital Integral / 2. Estrategia y Arquitectura de Comunicación Digital / Evaluación y Reporte de Alineación Estratégica - CRITICA - TTO","Time to own",30,minute,Default,"Gestión e Implementación de la Estrategia Digital Integral > 2. Estrategia y Arquitectura de Comunicación Digital > Evaluación y Reporte de Alineación Estratégica",CRITICA
"Gestión e Implementación de la Estrategia Digital Integral / 2. Estrategia y Arquitectura de Comunicación Digital / Evaluación y Reporte de Alineación Estratégica - CRITICA - TTR","Time to resolve",120,minute,Default,"Gestión e Implementación de la Estrategia Digital Integral > 2. Estrategia y Arquitectura de Comunicación Digital > Evaluación y Reporte de Alineación Estratégica",CRITICA
"Gestión e Implementación de la Estrategia Digital Integral / 2. Estrategia y Arquitectura de Comunicación Digital / Evaluación y Reporte de Alineación Estratégica - ALTA - TTO","Time to own",60,minute,Default,"Gestión e Implementación de la Estrategia Digital Integral > 2. Estrategia y Arquitectura de Comunicación Digital > Evaluación y Reporte de Alineación Estratégica",ALTA
"Gestión e Implementación de la Estrategia Digital Integral / 2. Estrategia y Arquitectura de Comunicación Digital / Evaluación y Reporte de Alineación Estratégica - ALTA - TTR","Time to resolve",240,minute,Default,"Gestión e Implementación de la Estrategia Digital Integral > 2. Estrategia y Arquitectura de Comunicación Digital > Evaluación y Reporte de Alineación Estratégica",ALTA
"Gestión e Implementación de la Estrategia Digital Integral / 2. Estrategia y Arquitectura de Comunicación Digital / Evaluación y Reporte de Alineación Estratégica - MEDIA - TTO","Time to own",120,minute,Default,"Gestión e Implementación de la Estrategia Digital Integral > 2. Estrategia y Arquitectura de Comunicación Digital > Evaluación y Reporte de Alineación Estratégica",MEDIA
"Gestión e Implementación de la Estrategia Digital Integral / 2. Estrategia y Arquitectura de Comunicación Digital / Evaluación y Reporte de Alineación Estratégica - MEDIA - TTR","Time to resolve",360,minute,Default,"Gestión e Implementación de la Estrategia Digital Integral > 2. Estrategia y Arquitectura de Comunicación Digital > Evaluación y Reporte de Alineación Estratégica",MEDIA
"Gestión e Implementación de la Estrategia Digital Integral / 2. Estrategia y Arquitectura de Comunicación Digital / Evaluación y Reporte de Alineación Estratégica - BAJA - TTO","Time to own",240,minute,Default,"Gestión e Implementación de la Estrategia Digital Integral > 2. Estrategia y Arquitectura de Comunicación Digital > Evaluación y Reporte de Alineación Estratégica",BAJA
"Gestión e Implementación de la Estrategia Digital Integral / 2. Estrategia y Arquitectura de Comunicación Digital / Evaluación y Reporte de Alineación Estratégica - BAJA - TTR","Time to resolve",480,minute,Default,"Gestión e Implementación de la Estrategia Digital Integral > 2. Estrategia y Arquitectura de Comunicación Digital > Evaluación y Reporte de Alineación Estratégica",BAJA
"Gestión e Implementación de la Estrategia Digital Integral / 3. Desarrollo, Operación y Mantenimiento Técnico Web / Desarrollo y Publicación de Sitios Web y Landings (HTML/CSS/JS) - CRITICA - TTO","Time to own",30,minute,Default,"Gestión e Implementación de la Estrategia Digital Integral > 3. Desarrollo, Operación y Mantenimiento Técnico Web > Desarrollo y Publicación de Sitios Web y Landings (HTML/CSS/JS)",CRITICA
"Gestión e Implementación de la Estrategia Digital Integral / 3. Desarrollo, Operación y Mantenimiento Técnico Web / Desarrollo y Publicación de Sitios Web y Landings (HTML/CSS/JS) - CRITICA - TTR","Time to resolve",120,minute,Default,"Gestión e Implementación de la Estrategia Digital Integral > 3. Desarrollo, Operación y Mantenimiento Técnico Web > Desarrollo y Publicación de Sitios Web y Landings (HTML/CSS/JS)",CRITICA
"Gestión e Implementación de la Estrategia Digital Integral / 3. Desarrollo, Operación y Mantenimiento Técnico Web / Desarrollo y Publicación de Sitios Web y Landings (HTML/CSS/JS) - ALTA - TTO","Time to own",60,minute,Default,"Gestión e Implementación de la Estrategia Digital Integral > 3. Desarrollo, Operación y Mantenimiento Técnico Web > Desarrollo y Publicación de Sitios Web y Landings (HTML/CSS/JS)",ALTA
"Gestión e Implementación de la Estrategia Digital Integral / 3. Desarrollo, Operación y Mantenimiento Técnico Web / Desarrollo y Publicación de Sitios Web y Landings (HTML/CSS/JS) - ALTA - TTR","Time to resolve",240,minute,Default,"Gestión e Implementación de la Estrategia Digital Integral > 3. Desarrollo, Operación y Mantenimiento Técnico Web > Desarrollo y Publicación de Sitios Web y Landings (HTML/CSS/JS)",ALTA
"Gestión e Implementación de la Estrategia Digital Integral / 3. Desarrollo, Operación y Mantenimiento Técnico Web / Desarrollo y Publicación de Sitios Web y Landings (HTML/CSS/JS) - MEDIA - TTO","Time to own",120,minute,Default,"Gestión e Implementación de la Estrategia Digital Integral > 3. Desarrollo, Operación y Mantenimiento Técnico Web > Desarrollo y Publicación de Sitios Web y Landings (HTML/CSS/JS)",MEDIA
"Gestión e Implementación de la Estrategia Digital Integral / 3. Desarrollo, Operación y Mantenimiento Técnico Web / Desarrollo y Publicación de Sitios Web y Landings (HTML/CSS/JS) - MEDIA - TTR","Time to resolve",360,minute,Default,"Gestión e Implementación de la Estrategia Digital Integral > 3. Desarrollo, Operación y Mantenimiento Técnico Web > Desarrollo y Publicación de Sitios Web y Landings (HTML/CSS/JS)",MEDIA
"Gestión e Implementación de la Estrategia Digital Integral / 3. Desarrollo, Operación y Mantenimiento Técnico Web / Desarrollo y Publicación de Sitios Web y Landings (HTML/CSS/JS) - BAJA - TTO","Time to own",240,minute,Default,"Gestión e Implementación de la Estrategia Digital Integral > 3. Desarrollo, Operación y Mantenimiento Técnico Web > Desarrollo y Publicación de Sitios Web y Landings (HTML/CSS/JS)",BAJA
"Gestión e Implementación de la Estrategia Digital Integral / 3. Desarrollo, Operación y Mantenimiento Técnico Web / Desarrollo y Publicación de Sitios Web y Landings (HTML/CSS/JS) - BAJA - TTR","Time to resolve",480,minute,Default,"Gestión e Implementación de la Estrategia Digital Integral > 3. Desarrollo, Operación y Mantenimiento Técnico Web > Desarrollo y Publicación de Sitios Web y Landings (HTML/CSS/JS)",BAJA
"Gestión e Implementación de la Estrategia Digital Integral / 3. Desarrollo, Operación y Mantenimiento Técnico Web / Mantenimiento Correctivo y Evolutivo del Portal Principal - CRITICA - TTO","Time to own",30,minute,Default,"Gestión e Implementación de la Estrategia Digital Integral > 3. Desarrollo, Operación y Mantenimiento Técnico Web > Mantenimiento Correctivo y Evolutivo del Portal Principal",CRITICA
"Gestión e Implementación de la Estrategia Digital Integral / 3. Desarrollo, Operación y Mantenimiento Técnico Web / Mantenimiento Correctivo y Evolutivo del Portal Principal - CRITICA - TTR","Time to resolve",120,minute,Default,"Gestión e Implementación de la Estrategia Digital Integral > 3. Desarrollo, Operación y Mantenimiento Técnico Web > Mantenimiento Correctivo y Evolutivo del Portal Principal",CRITICA
"Gestión e Implementación de la Estrategia Digital Integral / 3. Desarrollo, Operación y Mantenimiento Técnico Web / Mantenimiento Correctivo y Evolutivo del Portal Principal - ALTA - TTO","Time to own",60,minute,Default,"Gestión e Implementación de la Estrategia Digital Integral > 3. Desarrollo, Operación y Mantenimiento Técnico Web > Mantenimiento Correctivo y Evolutivo del Portal Principal",ALTA
"Gestión e Implementación de la Estrategia Digital Integral / 3. Desarrollo, Operación y Mantenimiento Técnico Web / Mantenimiento Correctivo y Evolutivo del Portal Principal - ALTA - TTR","Time to resolve",240,minute,Default,"Gestión e Implementación de la Estrategia Digital Integral > 3. Desarrollo, Operación y Mantenimiento Técnico Web > Mantenimiento Correctivo y Evolutivo del Portal Principal",ALTA
"Gestión e Implementación de la Estrategia Digital Integral / 3. Desarrollo, Operación y Mantenimiento Técnico Web / Mantenimiento Correctivo y Evolutivo del Portal Principal - MEDIA - TTO","Time to own",120,minute,Default,"Gestión e Implementación de la Estrategia Digital Integral > 3. Desarrollo, Operación y Mantenimiento Técnico Web > Mantenimiento Correctivo y Evolutivo del Portal Principal",MEDIA
"Gestión e Implementación de la Estrategia Digital Integral / 3. Desarrollo, Operación y Mantenimiento Técnico Web / Mantenimiento Correctivo y Evolutivo del Portal Principal - MEDIA - TTR","Time to resolve",360,minute,Default,"Gestión e Implementación de la Estrategia Digital Integral > 3. Desarrollo, Operación y Mantenimiento Técnico Web > Mantenimiento Correctivo y Evolutivo del Portal Principal",MEDIA
"Gestión e Implementación de la Estrategia Digital Integral / 3. Desarrollo, Operación y Mantenimiento Técnico Web / Mantenimiento Correctivo y Evolutivo del Portal Principal - BAJA - TTO","Time to own",240,minute,Default,"Gestión e Implementación de la Estrategia Digital Integral > 3. Desarrollo, Operación y Mantenimiento Técnico Web > Mantenimiento Correctivo y Evolutivo del Portal Principal",BAJA
"Gestión e Implementación de la Estrategia Digital Integral / 3. Desarrollo, Operación y Mantenimiento Técnico Web / Mantenimiento Correctivo y Evolutivo del Portal Principal - BAJA - TTR","Time to resolve",480,minute,Default,"Gestión e Implementación de la Estrategia Digital Integral > 3. Desarrollo, Operación y Mantenimiento Técnico Web > Mantenimiento Correctivo y Evolutivo del Portal Principal",BAJA
"Gestión e Implementación de la Estrategia Digital Integral / 3. Desarrollo, Operación y Mantenimiento Técnico Web / Gestión de Hospedaje, Dominios y Subdominios - CRITICA - TTO","Time to own",30,minute,Default,"Gestión e Implementación de la Estrategia Digital Integral > 3. Desarrollo, Operación y Mantenimiento Técnico Web > Gestión de Hospedaje, Dominios y Subdominios",CRITICA
"Gestión e Implementación de la Estrategia Digital Integral / 3. Desarrollo, Operación y Mantenimiento Técnico Web / Gestión de Hospedaje, Dominios y Subdominios - CRITICA - TTR","Time to resolve",120,minute,Default,"Gestión e Implementación de la Estrategia Digital Integral > 3. Desarrollo, Operación y Mantenimiento Técnico Web > Gestión de Hospedaje, Dominios y Subdominios",CRITICA
"Gestión e Implementación de la Estrategia Digital Integral / 3. Desarrollo, Operación y Mantenimiento Técnico Web / Gestión de Hospedaje, Dominios y Subdominios - ALTA - TTO","Time to own",60,minute,Default,"Gestión e Implementación de la Estrategia Digital Integral > 3. Desarrollo, Operación y Mantenimiento Técnico Web > Gestión de Hospedaje, Dominios y Subdominios",ALTA
"Gestión e Implementación de la Estrategia Digital Integral / 3. Desarrollo, Operación y Mantenimiento Técnico Web / Gestión de Hospedaje, Dominios y Subdominios - ALTA - TTR","Time to resolve",240,minute,Default,"Gestión e Implementación de la Estrategia Digital Integral > 3. Desarrollo, Operación y Mantenimiento Técnico Web > Gestión de Hospedaje, Dominios y Subdominios",ALTA
"Gestión e Implementación de la Estrategia Digital Integral / 3. Desarrollo, Operación y Mantenimiento Técnico Web / Gestión de Hospedaje, Dominios y Subdominios - MEDIA - TTO","Time to own",120,minute,Default,"Gestión e Implementación de la Estrategia Digital Integral > 3. Desarrollo, Operación y Mantenimiento Técnico Web > Gestión de Hospedaje, Dominios y Subdominios",MEDIA
"Gestión e Implementación de la Estrategia Digital Integral / 3. Desarrollo, Operación y Mantenimiento Técnico Web / Gestión de Hospedaje, Dominios y Subdominios - MEDIA - TTR","Time to resolve",360,minute,Default,"Gestión e Implementación de la Estrategia Digital Integral > 3. Desarrollo, Operación y Mantenimiento Técnico Web > Gestión de Hospedaje, Dominios y Subdominios",MEDIA
"Gestión e Implementación de la Estrategia Digital Integral / 3. Desarrollo, Operación y Mantenimiento Técnico Web / Gestión de Hospedaje, Dominios y Subdominios - BAJA - TTO","Time to own",240,minute,Default,"Gestión e Implementación de la Estrategia Digital Integral > 3. Desarrollo, Operación y Mantenimiento Técnico Web > Gestión de Hospedaje, Dominios y Subdominios",BAJA
"Gestión e Implementación de la Estrategia Digital Integral / 3. Desarrollo, Operación y Mantenimiento Técnico Web / Gestión de Hospedaje, Dominios y Subdominios - BAJA - TTR","Time to resolve",480,minute,Default,"Gestión e Implementación de la Estrategia Digital Integral > 3. Desarrollo, Operación y Mantenimiento Técnico Web > Gestión de Hospedaje, Dominios y Subdominios",BAJA
"Gestión e Implementación de la Estrategia Digital Integral / 3. Desarrollo, Operación y Mantenimiento Técnico Web / Desarrollo de Aplicativos Web Interactivos (Ej: Mapas de Datos) - CRITICA - TTO","Time to own",30,minute,Default,"Gestión e Implementación de la Estrategia Digital Integral > 3. Desarrollo, Operación y Mantenimiento Técnico Web > Desarrollo de Aplicativos Web Interactivos (Ej: Mapas de Datos)",CRITICA
"Gestión e Implementación de la Estrategia Digital Integral / 3. Desarrollo, Operación y Mantenimiento Técnico Web / Desarrollo de Aplicativos Web Interactivos (Ej: Mapas de Datos) - CRITICA - TTR","Time to resolve",120,minute,Default,"Gestión e Implementación de la Estrategia Digital Integral > 3. Desarrollo, Operación y Mantenimiento Técnico Web > Desarrollo de Aplicativos Web Interactivos (Ej: Mapas de Datos)",CRITICA
"Gestión e Implementación de la Estrategia Digital Integral / 3. Desarrollo, Operación y Mantenimiento Técnico Web / Desarrollo de Aplicativos Web Interactivos (Ej: Mapas de Datos) - ALTA - TTO","Time to own",60,minute,Default,"Gestión e Implementación de la Estrategia Digital Integral > 3. Desarrollo, Operación y Mantenimiento Técnico Web > Desarrollo de Aplicativos Web Interactivos (Ej: Mapas de Datos)",ALTA
"Gestión e Implementación de la Estrategia Digital Integral / 3. Desarrollo, Operación y Mantenimiento Técnico Web / Desarrollo de Aplicativos Web Interactivos (Ej: Mapas de Datos) - ALTA - TTR","Time to resolve",240,minute,Default,"Gestión e Implementación de la Estrategia Digital Integral > 3. Desarrollo, Operación y Mantenimiento Técnico Web > Desarrollo de Aplicativos Web Interactivos (Ej: Mapas de Datos)",ALTA
"Gestión e Implementación de la Estrategia Digital Integral / 3. Desarrollo, Operación y Mantenimiento Técnico Web / Desarrollo de Aplicativos Web Interactivos (Ej: Mapas de Datos) - MEDIA - TTO","Time to own",120,minute,Default,"Gestión e Implementación de la Estrategia Digital Integral > 3. Desarrollo, Operación y Mantenimiento Técnico Web > Desarrollo de Aplicativos Web Interactivos (Ej: Mapas de Datos)",MEDIA
"Gestión e Implementación de la Estrategia Digital Integral / 3. Desarrollo, Operación y Mantenimiento Técnico Web / Desarrollo de Aplicativos Web Interactivos (Ej: Mapas de Datos) - MEDIA - TTR","Time to resolve",360,minute,Default,"Gestión e Implementación de la Estrategia Digital Integral > 3. Desarrollo, Operación y Mantenimiento Técnico Web > Desarrollo de Aplicativos Web Interactivos (Ej: Mapas de Datos)",MEDIA
"Gestión e Implementación de la Estrategia Digital Integral / 3. Desarrollo, Operación y Mantenimiento Técnico Web / Desarrollo de Aplicativos Web Interactivos (Ej: Mapas de Datos) - BAJA - TTO","Time to own",240,minute,Default,"Gestión e Implementación de la Estrategia Digital Integral > 3. Desarrollo, Operación y Mantenimiento Técnico Web > Desarrollo de Aplicativos Web Interactivos (Ej: Mapas de Datos)",BAJA
"Gestión e Implementación de la Estrategia Digital Integral / 3. Desarrollo, Operación y Mantenimiento Técnico Web / Desarrollo de Aplicativos Web Interactivos (Ej: Mapas de Datos) - BAJA - TTR","Time to resolve",480,minute,Default,"Gestión e Implementación de la Estrategia Digital Integral > 3. Desarrollo, Operación y Mantenimiento Técnico Web > Desarrollo de Aplicativos Web Interactivos (Ej: Mapas de Datos)",BAJA
"Gestión e Implementación de la Estrategia Digital Integral / 4. Producción y Gestión Integral de Contenidos Digitales / Edición y Publicación de Contenidos en CMS y HTML - CRITICA - TTO","Time to own",30,minute,Default,"Gestión e Implementación de la Estrategia Digital Integral > 4. Producción y Gestión Integral de Contenidos Digitales > Edición y Publicación de Contenidos en CMS y HTML",CRITICA
"Gestión e Implementación de la Estrategia Digital Integral / 4. Producción y Gestión Integral de Contenidos Digitales / Edición y Publicación de Contenidos en CMS y HTML - CRITICA - TTR","Time to resolve",120,minute,Default,"Gestión e Implementación de la Estrategia Digital Integral > 4. Producción y Gestión Integral de Contenidos Digitales > Edición y Publicación de Contenidos en CMS y HTML",CRITICA
"Gestión e Implementación de la Estrategia Digital Integral / 4. Producción y Gestión Integral de Contenidos Digitales / Edición y Publicación de Contenidos en CMS y HTML - ALTA - TTO","Time to own",60,minute,Default,"Gestión e Implementación de la Estrategia Digital Integral > 4. Producción y Gestión Integral de Contenidos Digitales > Edición y Publicación de Contenidos en CMS y HTML",ALTA
"Gestión e Implementación de la Estrategia Digital Integral / 4. Producción y Gestión Integral de Contenidos Digitales / Edición y Publicación de Contenidos en CMS y HTML - ALTA - TTR","Time to resolve",240,minute,Default,"Gestión e Implementación de la Estrategia Digital Integral > 4. Producción y Gestión Integral de Contenidos Digitales > Edición y Publicación de Contenidos en CMS y HTML",ALTA
"Gestión e Implementación de la Estrategia Digital Integral / 4. Producción y Gestión Integral de Contenidos Digitales / Edición y Publicación de Contenidos en CMS y HTML - MEDIA - TTO","Time to own",120,minute,Default,"Gestión e Implementación de la Estrategia Digital Integral > 4. Producción y Gestión Integral de Contenidos Digitales > Edición y Publicación de Contenidos en CMS y HTML",MEDIA
"Gestión e Implementación de la Estrategia Digital Integral / 4. Producción y Gestión Integral de Contenidos Digitales / Edición y Publicación de Contenidos en CMS y HTML - MEDIA - TTR","Time to resolve",360,minute,Default,"Gestión e Implementación de la Estrategia Digital Integral > 4. Producción y Gestión Integral de Contenidos Digitales > Edición y Publicación de Contenidos en CMS y HTML",MEDIA
"Gestión e Implementación de la Estrategia Digital Integral / 4. Producción y Gestión Integral de Contenidos Digitales / Edición y Publicación de Contenidos en CMS y HTML - BAJA - TTO","Time to own",240,minute,Default,"Gestión e Implementación de la Estrategia Digital Integral > 4. Producción y Gestión Integral de Contenidos Digitales > Edición y Publicación de Contenidos en CMS y HTML",BAJA
"Gestión e Implementación de la Estrategia Digital Integral / 4. Producción y Gestión Integral de Contenidos Digitales / Edición y Publicación de Contenidos en CMS y HTML - BAJA - TTR","Time to resolve",480,minute,Default,"Gestión e Implementación de la Estrategia Digital Integral > 4. Producción y Gestión Integral de Contenidos Digitales > Edición y Publicación de Contenidos en CMS y HTML",BAJA
"Gestión e Implementación de la Estrategia Digital Integral / 4. Producción y Gestión Integral de Contenidos Digitales / Producción Multimedia y Cubrimiento de Eventos - CRITICA - TTO","Time to own",30,minute,Default,"Gestión e Implementación de la Estrategia Digital Integral > 4. Producción y Gestión Integral de Contenidos Digitales > Producción Multimedia y Cubrimiento de Eventos",CRITICA
"Gestión e Implementación de la Estrategia Digital Integral / 4. Producción y Gestión Integral de Contenidos Digitales / Producción Multimedia y Cubrimiento de Eventos - CRITICA - TTR","Time to resolve",120,minute,Default,"Gestión e Implementación de la Estrategia Digital Integral > 4. Producción y Gestión Integral de Contenidos Digitales > Producción Multimedia y Cubrimiento de Eventos",CRITICA
"Gestión e Implementación de la Estrategia Digital Integral / 4. Producción y Gestión Integral de Contenidos Digitales / Producción Multimedia y Cubrimiento de Eventos - ALTA - TTO","Time to own",60,minute,Default,"Gestión e Implementación de la Estrategia Digital Integral > 4. Producción y Gestión Integral de Contenidos Digitales > Producción Multimedia y Cubrimiento de Eventos",ALTA
"Gestión e Implementación de la Estrategia Digital Integral / 4. Producción y Gestión Integral de Contenidos Digitales / Producción Multimedia y Cubrimiento de Eventos - ALTA - TTR","Time to resolve",240,minute,Default,"Gestión e Implementación de la Estrategia Digital Integral > 4. Producción y Gestión Integral de Contenidos Digitales > Producción Multimedia y Cubrimiento de Eventos",ALTA
"Gestión e Implementación de la Estrategia Digital Integral / 4. Producción y Gestión Integral de Contenidos Digitales / Producción Multimedia y Cubrimiento de Eventos - MEDIA - TTO","Time to own",120,minute,Default,"Gestión e Implementación de la Estrategia Digital Integral > 4. Producción y Gestión Integral de Contenidos Digitales > Producción Multimedia y Cubrimiento de Eventos",MEDIA
"Gestión e Implementación de la Estrategia Digital Integral / 4. Producción y Gestión Integral de Contenidos Digitales / Producción Multimedia y Cubrimiento de Eventos - MEDIA - TTR","Time to resolve",360,minute,Default,"Gestión e Implementación de la Estrategia Digital Integral > 4. Producción y Gestión Integral de Contenidos Digitales > Producción Multimedia y Cubrimiento de Eventos",MEDIA
"Gestión e Implementación de la Estrategia Digital Integral / 4. Producción y Gestión Integral de Contenidos Digitales / Producción Multimedia y Cubrimiento de Eventos - BAJA - TTO","Time to own",240,minute,Default,"Gestión e Implementación de la Estrategia Digital Integral > 4. Producción y Gestión Integral de Contenidos Digitales > Producción Multimedia y Cubrimiento de Eventos",BAJA
"Gestión e Implementación de la Estrategia Digital Integral / 4. Producción y Gestión Integral de Contenidos Digitales / Producción Multimedia y Cubrimiento de Eventos - BAJA - TTR","Time to resolve",480,minute,Default,"Gestión e Implementación de la Estrategia Digital Integral > 4. Producción y Gestión Integral de Contenidos Digitales > Producción Multimedia y Cubrimiento de Eventos",BAJA
"Gestión e Implementación de la Estrategia Digital Integral / 4. Producción y Gestión Integral de Contenidos Digitales / Gestión de Redes Sociales Institucionales (Desde Perspectiva de Contenido Web) - CRITICA - TTO","Time to own",30,minute,Default,"Gestión e Implementación de la Estrategia Digital Integral > 4. Producción y Gestión Integral de Contenidos Digitales > Gestión de Redes Sociales Institucionales (Desde Perspectiva de Contenido Web)",CRITICA
"Gestión e Implementación de la Estrategia Digital Integral / 4. Producción y Gestión Integral de Contenidos Digitales / Gestión de Redes Sociales Institucionales (Desde Perspectiva de Contenido Web) - CRITICA - TTR","Time to resolve",120,minute,Default,"Gestión e Implementación de la Estrategia Digital Integral > 4. Producción y Gestión Integral de Contenidos Digitales > Gestión de Redes Sociales Institucionales (Desde Perspectiva de Contenido Web)",CRITICA
"Gestión e Implementación de la Estrategia Digital Integral / 4. Producción y Gestión Integral de Contenidos Digitales / Gestión de Redes Sociales Institucionales (Desde Perspectiva de Contenido Web) - ALTA - TTO","Time to own",60,minute,Default,"Gestión e Implementación de la Estrategia Digital Integral > 4. Producción y Gestión Integral de Contenidos Digitales > Gestión de Redes Sociales Institucionales (Desde Perspectiva de Contenido Web)",ALTA
"Gestión e Implementación de la Estrategia Digital Integral / 4. Producción y Gestión Integral de Contenidos Digitales / Gestión de Redes Sociales Institucionales (Desde Perspectiva de Contenido Web) - ALTA - TTR","Time to resolve",240,minute,Default,"Gestión e Implementación de la Estrategia Digital Integral > 4. Producción y Gestión Integral de Contenidos Digitales > Gestión de Redes Sociales Institucionales (Desde Perspectiva de Contenido Web)",ALTA
"Gestión e Implementación de la Estrategia Digital Integral / 4. Producción y Gestión Integral de Contenidos Digitales / Gestión de Redes Sociales Institucionales (Desde Perspectiva de Contenido Web) - MEDIA - TTO","Time to own",120,minute,Default,"Gestión e Implementación de la Estrategia Digital Integral > 4. Producción y Gestión Integral de Contenidos Digitales > Gestión de Redes Sociales Institucionales (Desde Perspectiva de Contenido Web)",MEDIA
"Gestión e Implementación de la Estrategia Digital Integral / 4. Producción y Gestión Integral de Contenidos Digitales / Gestión de Redes Sociales Institucionales (Desde Perspectiva de Contenido Web) - MEDIA - TTR","Time to resolve",360,minute,Default,"Gestión e Implementación de la Estrategia Digital Integral > 4. Producción y Gestión Integral de Contenidos Digitales > Gestión de Redes Sociales Institucionales (Desde Perspectiva de Contenido Web)",MEDIA
"Gestión e Implementación de la Estrategia Digital Integral / 4. Producción y Gestión Integral de Contenidos Digitales / Gestión de Redes Sociales Institucionales (Desde Perspectiva de Contenido Web) - BAJA - TTO","Time to own",240,minute,Default,"Gestión e Implementación de la Estrategia Digital Integral > 4. Producción y Gestión Integral de Contenidos Digitales > Gestión de Redes Sociales Institucionales (Desde Perspectiva de Contenido Web)",BAJA
"Gestión e Implementación de la Estrategia Digital Integral / 4. Producción y Gestión Integral de Contenidos Digitales / Gestión de Redes Sociales Institucionales (Desde Perspectiva de Contenido Web) - BAJA - TTR","Time to resolve",480,minute,Default,"Gestión e Implementación de la Estrategia Digital Integral > 4. Producción y Gestión Integral de Contenidos Digitales > Gestión de Redes Sociales Institucionales (Desde Perspectiva de Contenido Web)",BAJA
"Gestión e Implementación de la Estrategia Digital Integral / 4. Producción y Gestión Integral de Contenidos Digitales / Gestión del Archivo Digital y Repositorio de Activos - CRITICA - TTO","Time to own",30,minute,Default,"Gestión e Implementación de la Estrategia Digital Integral > 4. Producción y Gestión Integral de Contenidos Digitales > Gestión del Archivo Digital y Repositorio de Activos",CRITICA
"Gestión e Implementación de la Estrategia Digital Integral / 4. Producción y Gestión Integral de Contenidos Digitales / Gestión del Archivo Digital y Repositorio de Activos - CRITICA - TTR","Time to resolve",120,minute,Default,"Gestión e Implementación de la Estrategia Digital Integral > 4. Producción y Gestión Integral de Contenidos Digitales > Gestión del Archivo Digital y Repositorio de Activos",CRITICA
"Gestión e Implementación de la Estrategia Digital Integral / 4. Producción y Gestión Integral de Contenidos Digitales / Gestión del Archivo Digital y Repositorio de Activos - ALTA - TTO","Time to own",60,minute,Default,"Gestión e Implementación de la Estrategia Digital Integral > 4. Producción y Gestión Integral de Contenidos Digitales > Gestión del Archivo Digital y Repositorio de Activos",ALTA
"Gestión e Implementación de la Estrategia Digital Integral / 4. Producción y Gestión Integral de Contenidos Digitales / Gestión del Archivo Digital y Repositorio de Activos - ALTA - TTR","Time to resolve",240,minute,Default,"Gestión e Implementación de la Estrategia Digital Integral > 4. Producción y Gestión Integral de Contenidos Digitales > Gestión del Archivo Digital y Repositorio de Activos",ALTA
"Gestión e Implementación de la Estrategia Digital Integral / 4. Producción y Gestión Integral de Contenidos Digitales / Gestión del Archivo Digital y Repositorio de Activos - MEDIA - TTO","Time to own",120,minute,Default,"Gestión e Implementación de la Estrategia Digital Integral > 4. Producción y Gestión Integral de Contenidos Digitales > Gestión del Archivo Digital y Repositorio de Activos",MEDIA
"Gestión e Implementación de la Estrategia Digital Integral / 4. Producción y Gestión Integral de Contenidos Digitales / Gestión del Archivo Digital y Repositorio de Activos - MEDIA - TTR","Time to resolve",360,minute,Default,"Gestión e Implementación de la Estrategia Digital Integral > 4. Producción y Gestión Integral de Contenidos Digitales > Gestión del Archivo Digital y Repositorio de Activos",MEDIA
"Gestión e Implementación de la Estrategia Digital Integral / 4. Producción y Gestión Integral de Contenidos Digitales / Gestión del Archivo Digital y Repositorio de Activos - BAJA - TTO","Time to own",240,minute,Default,"Gestión e Implementación de la Estrategia Digital Integral > 4. Producción y Gestión Integral de Contenidos Digitales > Gestión del Archivo Digital y Repositorio de Activos",BAJA
"Gestión e Implementación de la Estrategia Digital Integral / 4. Producción y Gestión Integral de Contenidos Digitales / Gestión del Archivo Digital y Repositorio de Activos - BAJA - TTR","Time to resolve",480,minute,Default,"Gestión e Implementación de la Estrategia Digital Integral > 4. Producción y Gestión Integral de Contenidos Digitales > Gestión del Archivo Digital y Repositorio de Activos",BAJA
"Gestión e Implementación de la Estrategia Digital Integral / 5. Análisis, Métricas y Mejora Continua Digital / Análisis de Tráfico, Usabilidad y Comportamiento Web (Google Analytics, Heatmaps) - CRITICA - TTO","Time to own",30,minute,Default,"Gestión e Implementación de la Estrategia Digital Integral > 5. Análisis, Métricas y Mejora Continua Digital > Análisis de Tráfico, Usabilidad y Comportamiento Web (Google Analytics, Heatmaps)",CRITICA
"Gestión e Implementación de la Estrategia Digital Integral / 5. Análisis, Métricas y Mejora Continua Digital / Análisis de Tráfico, Usabilidad y Comportamiento Web (Google Analytics, Heatmaps) - CRITICA - TTR","Time to resolve",120,minute,Default,"Gestión e Implementación de la Estrategia Digital Integral > 5. Análisis, Métricas y Mejora Continua Digital > Análisis de Tráfico, Usabilidad y Comportamiento Web (Google Analytics, Heatmaps)",CRITICA
"Gestión e Implementación de la Estrategia Digital Integral / 5. Análisis, Métricas y Mejora Continua Digital / Análisis de Tráfico, Usabilidad y Comportamiento Web (Google Analytics, Heatmaps) - ALTA - TTO","Time to own",60,minute,Default,"Gestión e Implementación de la Estrategia Digital Integral > 5. Análisis, Métricas y Mejora Continua Digital > Análisis de Tráfico, Usabilidad y Comportamiento Web (Google Analytics, Heatmaps)",ALTA
"Gestión e Implementación de la Estrategia Digital Integral / 5. Análisis, Métricas y Mejora Continua Digital / Análisis de Tráfico, Usabilidad y Comportamiento Web (Google Analytics, Heatmaps) - ALTA - TTR","Time to resolve",240,minute,Default,"Gestión e Implementación de la Estrategia Digital Integral > 5. Análisis, Métricas y Mejora Continua Digital > Análisis de Tráfico, Usabilidad y Comportamiento Web (Google Analytics, Heatmaps)",ALTA
"Gestión e Implementación de la Estrategia Digital Integral / 5. Análisis, Métricas y Mejora Continua Digital / Análisis de Tráfico, Usabilidad y Comportamiento Web (Google Analytics, Heatmaps) - MEDIA - TTO","Time to own",120,minute,Default,"Gestión e Implementación de la Estrategia Digital Integral > 5. Análisis, Métricas y Mejora Continua Digital > Análisis de Tráfico, Usabilidad y Comportamiento Web (Google Analytics, Heatmaps)",MEDIA
"Gestión e Implementación de la Estrategia Digital Integral / 5. Análisis, Métricas y Mejora Continua Digital / Análisis de Tráfico, Usabilidad y Comportamiento Web (Google Analytics, Heatmaps) - MEDIA - TTR","Time to resolve",360,minute,Default,"Gestión e Implementación de la Estrategia Digital Integral > 5. Análisis, Métricas y Mejora Continua Digital > Análisis de Tráfico, Usabilidad y Comportamiento Web (Google Analytics, Heatmaps)",MEDIA
"Gestión e Implementación de la Estrategia Digital Integral / 5. Análisis, Métricas y Mejora Continua Digital / Análisis de Tráfico, Usabilidad y Comportamiento Web (Google Analytics, Heatmaps) - BAJA - TTO","Time to own",240,minute,Default,"Gestión e Implementación de la Estrategia Digital Integral > 5. Análisis, Métricas y Mejora Continua Digital > Análisis de Tráfico, Usabilidad y Comportamiento Web (Google Analytics, Heatmaps)",BAJA
"Gestión e Implementación de la Estrategia Digital Integral / 5. Análisis, Métricas y Mejora Continua Digital / Análisis de Tráfico, Usabilidad y Comportamiento Web (Google Analytics, Heatmaps) - BAJA - TTR","Time to resolve",480,minute,Default,"Gestión e Implementación de la Estrategia Digital Integral > 5. Análisis, Métricas y Mejora Continua Digital > Análisis de Tráfico, Usabilidad y Comportamiento Web (Google Analytics, Heatmaps)",BAJA
"Gestión e Implementación de la Estrategia Digital Integral / 5. Análisis, Métricas y Mejora Continua Digital / Medición de Desempeño de Contenidos y Campañas Digitales - CRITICA - TTO","Time to own",30,minute,Default,"Gestión e Implementación de la Estrategia Digital Integral > 5. Análisis, Métricas y Mejora Continua Digital > Medición de Desempeño de Contenidos y Campañas Digitales",CRITICA
"Gestión e Implementación de la Estrategia Digital Integral / 5. Análisis, Métricas y Mejora Continua Digital / Medición de Desempeño de Contenidos y Campañas Digitales - CRITICA - TTR","Time to resolve",120,minute,Default,"Gestión e Implementación de la Estrategia Digital Integral > 5. Análisis, Métricas y Mejora Continua Digital > Medición de Desempeño de Contenidos y Campañas Digitales",CRITICA
"Gestión e Implementación de la Estrategia Digital Integral / 5. Análisis, Métricas y Mejora Continua Digital / Medición de Desempeño de Contenidos y Campañas Digitales - ALTA - TTO","Time to own",60,minute,Default,"Gestión e Implementación de la Estrategia Digital Integral > 5. Análisis, Métricas y Mejora Continua Digital > Medición de Desempeño de Contenidos y Campañas Digitales",ALTA
"Gestión e Implementación de la Estrategia Digital Integral / 5. Análisis, Métricas y Mejora Continua Digital / Medición de Desempeño de Contenidos y Campañas Digitales - ALTA - TTR","Time to resolve",240,minute,Default,"Gestión e Implementación de la Estrategia Digital Integral > 5. Análisis, Métricas y Mejora Continua Digital > Medición de Desempeño de Contenidos y Campañas Digitales",ALTA
"Gestión e Implementación de la Estrategia Digital Integral / 5. Análisis, Métricas y Mejora Continua Digital / Medición de Desempeño de Contenidos y Campañas Digitales - MEDIA - TTO","Time to own",120,minute,Default,"Gestión e Implementación de la Estrategia Digital Integral > 5. Análisis, Métricas y Mejora Continua Digital > Medición de Desempeño de Contenidos y Campañas Digitales",MEDIA
"Gestión e Implementación de la Estrategia Digital Integral / 5. Análisis, Métricas y Mejora Continua Digital / Medición de Desempeño de Contenidos y Campañas Digitales - MEDIA - TTR","Time to resolve",360,minute,Default,"Gestión e Implementación de la Estrategia Digital Integral > 5. Análisis, Métricas y Mejora Continua Digital > Medición de Desempeño de Contenidos y Campañas Digitales",MEDIA
"Gestión e Implementación de la Estrategia Digital Integral / 5. Análisis, Métricas y Mejora Continua Digital / Medición de Desempeño de Contenidos y Campañas Digitales - BAJA - TTO","Time to own",240,minute,Default,"Gestión e Implementación de la Estrategia Digital Integral > 5. Análisis, Métricas y Mejora Continua Digital > Medición de Desempeño de Contenidos y Campañas Digitales",BAJA
"Gestión e Implementación de la Estrategia Digital Integral / 5. Análisis, Métricas y Mejora Continua Digital / Medición de Desempeño de Contenidos y Campañas Digitales - BAJA - TTR","Time to resolve",480,minute,Default,"Gestión e Implementación de la Estrategia Digital Integral > 5. Análisis, Métricas y Mejora Continua Digital > Medición de Desempeño de Contenidos y Campañas Digitales",BAJA
"Gestión e Implementación de la Estrategia Digital Integral / 5. Análisis, Métricas y Mejora Continua Digital / Pruebas de Usabilidad y Optimización (A/B Testing, SEO Técnico) - CRITICA - TTO","Time to own",30,minute,Default,"Gestión e Implementación de la Estrategia Digital Integral > 5. Análisis, Métricas y Mejora Continua Digital > Pruebas de Usabilidad y Optimización (A/B Testing, SEO Técnico)",CRITICA
"Gestión e Implementación de la Estrategia Digital Integral / 5. Análisis, Métricas y Mejora Continua Digital / Pruebas de Usabilidad y Optimización (A/B Testing, SEO Técnico) - CRITICA - TTR","Time to resolve",120,minute,Default,"Gestión e Implementación de la Estrategia Digital Integral > 5. Análisis, Métricas y Mejora Continua Digital > Pruebas de Usabilidad y Optimización (A/B Testing, SEO Técnico)",CRITICA
"Gestión e Implementación de la Estrategia Digital Integral / 5. Análisis, Métricas y Mejora Continua Digital / Pruebas de Usabilidad y Optimización (A/B Testing, SEO Técnico) - ALTA - TTO","Time to own",60,minute,Default,"Gestión e Implementación de la Estrategia Digital Integral > 5. Análisis, Métricas y Mejora Continua Digital > Pruebas de Usabilidad y Optimización (A/B Testing, SEO Técnico)",ALTA
"Gestión e Implementación de la Estrategia Digital Integral / 5. Análisis, Métricas y Mejora Continua Digital / Pruebas de Usabilidad y Optimización (A/B Testing, SEO Técnico) - ALTA - TTR","Time to resolve",240,minute,Default,"Gestión e Implementación de la Estrategia Digital Integral > 5. Análisis, Métricas y Mejora Continua Digital > Pruebas de Usabilidad y Optimización (A/B Testing, SEO Técnico)",ALTA
"Gestión e Implementación de la Estrategia Digital Integral / 5. Análisis, Métricas y Mejora Continua Digital / Pruebas de Usabilidad y Optimización (A/B Testing, SEO Técnico) - MEDIA - TTO","Time to own",120,minute,Default,"Gestión e Implementación de la Estrategia Digital Integral > 5. Análisis, Métricas y Mejora Continua Digital > Pruebas de Usabilidad y Optimización (A/B Testing, SEO Técnico)",MEDIA
"Gestión e Implementación de la Estrategia Digital Integral / 5. Análisis, Métricas y Mejora Continua Digital / Pruebas de Usabilidad y Optimización (A/B Testing, SEO Técnico) - MEDIA - TTR","Time to resolve",360,minute,Default,"Gestión e Implementación de la Estrategia Digital Integral > 5. Análisis, Métricas y Mejora Continua Digital > Pruebas de Usabilidad y Optimización (A/B Testing, SEO Técnico)",MEDIA
"Gestión e Implementación de la Estrategia Digital Integral / 5. Análisis, Métricas y Mejora Continua Digital / Pruebas de Usabilidad y Optimización (A/B Testing, SEO Técnico) - BAJA - TTO","Time to own",240,minute,Default,"Gestión e Implementación de la Estrategia Digital Integral > 5. Análisis, Métricas y Mejora Continua Digital > Pruebas de Usabilidad y Optimización (A/B Testing, SEO Técnico)",BAJA
"Gestión e Implementación de la Estrategia Digital Integral / 5. Análisis, Métricas y Mejora Continua Digital / Pruebas de Usabilidad y Optimización (A/B Testing, SEO Técnico) - BAJA - TTR","Time to resolve",480,minute,Default,"Gestión e Implementación de la Estrategia Digital Integral > 5. Análisis, Métricas y Mejora Continua Digital > Pruebas de Usabilidad y Optimización (A/B Testing, SEO Técnico)",BAJA
"Gestión e Implementación de la Estrategia Digital Integral / 5. Análisis, Métricas y Mejora Continua Digital / Generación de Reportes Integrales de Gestión Digital - CRITICA - TTO","Time to own",30,minute,Default,"Gestión e Implementación de la Estrategia Digital Integral > 5. Análisis, Métricas y Mejora Continua Digital > Generación de Reportes Integrales de Gestión Digital",CRITICA
"Gestión e Implementación de la Estrategia Digital Integral / 5. Análisis, Métricas y Mejora Continua Digital / Generación de Reportes Integrales de Gestión Digital - CRITICA - TTR","Time to resolve",120,minute,Default,"Gestión e Implementación de la Estrategia Digital Integral > 5. Análisis, Métricas y Mejora Continua Digital > Generación de Reportes Integrales de Gestión Digital",CRITICA
"Gestión e Implementación de la Estrategia Digital Integral / 5. Análisis, Métricas y Mejora Continua Digital / Generación de Reportes Integrales de Gestión Digital - ALTA - TTO","Time to own",60,minute,Default,"Gestión e Implementación de la Estrategia Digital Integral > 5. Análisis, Métricas y Mejora Continua Digital > Generación de Reportes Integrales de Gestión Digital",ALTA
"Gestión e Implementación de la Estrategia Digital Integral / 5. Análisis, Métricas y Mejora Continua Digital / Generación de Reportes Integrales de Gestión Digital - ALTA - TTR","Time to resolve",240,minute,Default,"Gestión e Implementación de la Estrategia Digital Integral > 5. Análisis, Métricas y Mejora Continua Digital > Generación de Reportes Integrales de Gestión Digital",ALTA
"Gestión e Implementación de la Estrategia Digital Integral / 5. Análisis, Métricas y Mejora Continua Digital / Generación de Reportes Integrales de Gestión Digital - MEDIA - TTO","Time to own",120,minute,Default,"Gestión e Implementación de la Estrategia Digital Integral > 5. Análisis, Métricas y Mejora Continua Digital > Generación de Reportes Integrales de Gestión Digital",MEDIA
"Gestión e Implementación de la Estrategia Digital Integral / 5. Análisis, Métricas y Mejora Continua Digital / Generación de Reportes Integrales de Gestión Digital - MEDIA - TTR","Time to resolve",360,minute,Default,"Gestión e Implementación de la Estrategia Digital Integral > 5. Análisis, Métricas y Mejora Continua Digital > Generación de Reportes Integrales de Gestión Digital",MEDIA
"Gestión e Implementación de la Estrategia Digital Integral / 5. Análisis, Métricas y Mejora Continua Digital / Generación de Reportes Integrales de Gestión Digital - BAJA - TTO","Time to own",240,minute,Default,"Gestión e Implementación de la Estrategia Digital Integral > 5. Análisis, Métricas y Mejora Continua Digital > Generación de Reportes Integrales de Gestión Digital",BAJA
"Gestión e Implementación de la Estrategia Digital Integral / 5. Análisis, Métricas y Mejora Continua Digital / Generación de Reportes Integrales de Gestión Digital - BAJA - TTR","Time to resolve",480,minute,Default,"Gestión e Implementación de la Estrategia Digital Integral > 5. Análisis, Métricas y Mejora Continua Digital > Generación de Reportes Integrales de Gestión Digital",BAJA
"Implementación de Estrategia de Gobierno Digital / Gobierno Digital y Normatividad / Actualización de Sección de Transparencia - CRITICA - TTO","Time to own",30,minute,Default,"Implementación de Estrategia de Gobierno Digital > Gobierno Digital y Normatividad > Actualización de Sección de Transparencia",CRITICA
"Implementación de Estrategia de Gobierno Digital / Gobierno Digital y Normatividad / Actualización de Sección de Transparencia - CRITICA - TTR","Time to resolve",120,minute,Default,"Implementación de Estrategia de Gobierno Digital > Gobierno Digital y Normatividad > Actualización de Sección de Transparencia",CRITICA
"Implementación de Estrategia de Gobierno Digital / Gobierno Digital y Normatividad / Actualización de Sección de Transparencia - ALTA - TTO","Time to own",60,minute,Default,"Implementación de Estrategia de Gobierno Digital > Gobierno Digital y Normatividad > Actualización de Sección de Transparencia",ALTA
"Implementación de Estrategia de Gobierno Digital / Gobierno Digital y Normatividad / Actualización de Sección de Transparencia - ALTA - TTR","Time to resolve",240,minute,Default,"Implementación de Estrategia de Gobierno Digital > Gobierno Digital y Normatividad > Actualización de Sección de Transparencia",ALTA
"Implementación de Estrategia de Gobierno Digital / Gobierno Digital y Normatividad / Actualización de Sección de Transparencia - MEDIA - TTO","Time to own",120,minute,Default,"Implementación de Estrategia de Gobierno Digital > Gobierno Digital y Normatividad > Actualización de Sección de Transparencia",MEDIA
"Implementación de Estrategia de Gobierno Digital / Gobierno Digital y Normatividad / Actualización de Sección de Transparencia - MEDIA - TTR","Time to resolve",360,minute,Default,"Implementación de Estrategia de Gobierno Digital > Gobierno Digital y Normatividad > Actualización de Sección de Transparencia",MEDIA
"Implementación de Estrategia de Gobierno Digital / Gobierno Digital y Normatividad / Actualización de Sección de Transparencia - BAJA - TTO","Time to own",240,minute,Default,"Implementación de Estrategia de Gobierno Digital > Gobierno Digital y Normatividad > Actualización de Sección de Transparencia",BAJA
"Implementación de Estrategia de Gobierno Digital / Gobierno Digital y Normatividad / Actualización de Sección de Transparencia - BAJA - TTR","Time to resolve",480,minute,Default,"Implementación de Estrategia de Gobierno Digital > Gobierno Digital y Normatividad > Actualización de Sección de Transparencia",BAJA
"Implementación de Estrategia de Gobierno Digital / Gobierno Digital y Normatividad / Cumplimiento de accesibilidad y lineamientos de Gobierno Digital - CRITICA - TTO","Time to own",30,minute,Default,"Implementación de Estrategia de Gobierno Digital > Gobierno Digital y Normatividad > Cumplimiento de accesibilidad y lineamientos de Gobierno Digital",CRITICA
"Implementación de Estrategia de Gobierno Digital / Gobierno Digital y Normatividad / Cumplimiento de accesibilidad y lineamientos de Gobierno Digital - CRITICA - TTR","Time to resolve",120,minute,Default,"Implementación de Estrategia de Gobierno Digital > Gobierno Digital y Normatividad > Cumplimiento de accesibilidad y lineamientos de Gobierno Digital",CRITICA
"Implementación de Estrategia de Gobierno Digital / Gobierno Digital y Normatividad / Cumplimiento de accesibilidad y lineamientos de Gobierno Digital - ALTA - TTO","Time to own",60,minute,Default,"Implementación de Estrategia de Gobierno Digital > Gobierno Digital y Normatividad > Cumplimiento de accesibilidad y lineamientos de Gobierno Digital",ALTA
"Implementación de Estrategia de Gobierno Digital / Gobierno Digital y Normatividad / Cumplimiento de accesibilidad y lineamientos de Gobierno Digital - ALTA - TTR","Time to resolve",240,minute,Default,"Implementación de Estrategia de Gobierno Digital > Gobierno Digital y Normatividad > Cumplimiento de accesibilidad y lineamientos de Gobierno Digital",ALTA
"Implementación de Estrategia de Gobierno Digital / Gobierno Digital y Normatividad / Cumplimiento de accesibilidad y lineamientos de Gobierno Digital - MEDIA - TTO","Time to own",120,minute,Default,"Implementación de Estrategia de Gobierno Digital > Gobierno Digital y Normatividad > Cumplimiento de accesibilidad y lineamientos de Gobierno Digital",MEDIA
"Implementación de Estrategia de Gobierno Digital / Gobierno Digital y Normatividad / Cumplimiento de accesibilidad y lineamientos de Gobierno Digital - MEDIA - TTR","Time to resolve",360,minute,Default,"Implementación de Estrategia de Gobierno Digital > Gobierno Digital y Normatividad > Cumplimiento de accesibilidad y lineamientos de Gobierno Digital",MEDIA
"Implementación de Estrategia de Gobierno Digital / Gobierno Digital y Normatividad / Cumplimiento de accesibilidad y lineamientos de Gobierno Digital - BAJA - TTO","Time to own",240,minute,Default,"Implementación de Estrategia de Gobierno Digital > Gobierno Digital y Normatividad > Cumplimiento de accesibilidad y lineamientos de Gobierno Digital",BAJA
"Implementación de Estrategia de Gobierno Digital / Gobierno Digital y Normatividad / Cumplimiento de accesibilidad y lineamientos de Gobierno Digital - BAJA - TTR","Time to resolve",480,minute,Default,"Implementación de Estrategia de Gobierno Digital > Gobierno Digital y Normatividad > Cumplimiento de accesibilidad y lineamientos de Gobierno Digital",BAJA
"Implementación de Estrategia de Gobierno Digital / Gobierno Digital y Normatividad / Respuesta a requerimientos ITA y MIPG - CRITICA - TTO","Time to own",30,minute,Default,"Implementación de Estrategia de Gobierno Digital > Gobierno Digital y Normatividad > Respuesta a requerimientos ITA y MIPG",CRITICA
"Implementación de Estrategia de Gobierno Digital / Gobierno Digital y Normatividad / Respuesta a requerimientos ITA y MIPG - CRITICA - TTR","Time to resolve",120,minute,Default,"Implementación de Estrategia de Gobierno Digital > Gobierno Digital y Normatividad > Respuesta a requerimientos ITA y MIPG",CRITICA
"Implementación de Estrategia de Gobierno Digital / Gobierno Digital y Normatividad / Respuesta a requerimientos ITA y MIPG - ALTA - TTO","Time to own",60,minute,Default,"Implementación de Estrategia de Gobierno Digital > Gobierno Digital y Normatividad > Respuesta a requerimientos ITA y MIPG",ALTA
"Implementación de Estrategia de Gobierno Digital / Gobierno Digital y Normatividad / Respuesta a requerimientos ITA y MIPG - ALTA - TTR","Time to resolve",240,minute,Default,"Implementación de Estrategia de Gobierno Digital > Gobierno Digital y Normatividad > Respuesta a requerimientos ITA y MIPG",ALTA
"Implementación de Estrategia de Gobierno Digital / Gobierno Digital y Normatividad / Respuesta a requerimientos ITA y MIPG - MEDIA - TTO","Time to own",120,minute,Default,"Implementación de Estrategia de Gobierno Digital > Gobierno Digital y Normatividad > Respuesta a requerimientos ITA y MIPG",MEDIA
"Implementación de Estrategia de Gobierno Digital / Gobierno Digital y Normatividad / Respuesta a requerimientos ITA y MIPG - MEDIA - TTR","Time to resolve",360,minute,Default,"Implementación de Estrategia de Gobierno Digital > Gobierno Digital y Normatividad > Respuesta a requerimientos ITA y MIPG",MEDIA
"Implementación de Estrategia de Gobierno Digital / Gobierno Digital y Normatividad / Respuesta a requerimientos ITA y MIPG - BAJA - TTO","Time to own",240,minute,Default,"Implementación de Estrategia de Gobierno Digital > Gobierno Digital y Normatividad > Respuesta a requerimientos ITA y MIPG",BAJA
"Implementación de Estrategia de Gobierno Digital / Gobierno Digital y Normatividad / Respuesta a requerimientos ITA y MIPG - BAJA - TTR","Time to resolve",480,minute,Default,"Implementación de Estrategia de Gobierno Digital > Gobierno Digital y Normatividad > Respuesta a requerimientos ITA y MIPG",BAJA
"Cubrimiento de Eventos y Actividades / Cubrimiento Digital de Eventos / Creación de sitios y landings para eventos - CRITICA - TTO","Time to own",30,minute,Default,"Cubrimiento de Eventos y Actividades > Cubrimiento Digital de Eventos > Creación de sitios y landings para eventos",CRITICA
"Cubrimiento de Eventos y Actividades / Cubrimiento Digital de Eventos / Creación de sitios y landings para eventos - CRITICA - TTR","Time to resolve",7200,minute,Default,"Cubrimiento de Eventos y Actividades > Cubrimiento Digital de Eventos > Creación de sitios y landings para eventos",CRITICA
"Cubrimiento de Eventos y Actividades / Cubrimiento Digital de Eventos / Creación de sitios y landings para eventos - ALTA - TTO","Time to own",60,minute,Default,"Cubrimiento de Eventos y Actividades > Cubrimiento Digital de Eventos > Creación de sitios y landings para eventos",ALTA
"Cubrimiento de Eventos y Actividades / Cubrimiento Digital de Eventos / Creación de sitios y landings para eventos - ALTA - TTR","Time to resolve",14400,minute,Default,"Cubrimiento de Eventos y Actividades > Cubrimiento Digital de Eventos > Creación de sitios y landings para eventos",ALTA
"Cubrimiento de Eventos y Actividades / Cubrimiento Digital de Eventos / Creación de sitios y landings para eventos - MEDIA - TTO","Time to own",120,minute,Default,"Cubrimiento de Eventos y Actividades > Cubrimiento Digital de Eventos > Creación de sitios y landings para eventos",MEDIA
"Cubrimiento de Eventos y Actividades / Cubrimiento Digital de Eventos / Creación de sitios y landings para eventos - MEDIA - TTR","Time to resolve",28800,minute,Default,"Cubrimiento de Eventos y Actividades > Cubrimiento Digital de Eventos > Creación de sitios y landings para eventos",MEDIA
"Cubrimiento de Eventos y Actividades / Cubrimiento Digital de Eventos / Creación de sitios y landings para eventos - BAJA - TTO","Time to own",240,minute,Default,"Cubrimiento de Eventos y Actividades > Cubrimiento Digital de Eventos > Creación de sitios y landings para eventos",BAJA
"Cubrimiento de Eventos y Actividades / Cubrimiento Digital de Eventos / Creación de sitios y landings para eventos - BAJA - TTR","Time to resolve",43200,minute,Default,"Cubrimiento de Eventos y Actividades > Cubrimiento Digital de Eventos > Creación de sitios y landings para eventos",BAJA
"Cubrimiento de Eventos y Actividades / Cubrimiento Digital de Eventos / Actualización y publicación de contenidos de eventos - CRITICA - TTO","Time to own",30,minute,Default,"Cubrimiento de Eventos y Actividades > Cubrimiento Digital de Eventos > Actualización y publicación de contenidos de eventos",CRITICA
"Cubrimiento de Eventos y Actividades / Cubrimiento Digital de Eventos / Actualización y publicación de contenidos de eventos - CRITICA - TTR","Time to resolve",120,minute,Default,"Cubrimiento de Eventos y Actividades > Cubrimiento Digital de Eventos > Actualización y publicación de contenidos de eventos",CRITICA
"Cubrimiento de Eventos y Actividades / Cubrimiento Digital de Eventos / Actualización y publicación de contenidos de eventos - ALTA - TTO","Time to own",60,minute,Default,"Cubrimiento de Eventos y Actividades > Cubrimiento Digital de Eventos > Actualización y publicación de contenidos de eventos",ALTA
"Cubrimiento de Eventos y Actividades / Cubrimiento Digital de Eventos / Actualización y publicación de contenidos de eventos - ALTA - TTR","Time to resolve",240,minute,Default,"Cubrimiento de Eventos y Actividades > Cubrimiento Digital de Eventos > Actualización y publicación de contenidos de eventos",ALTA
"Cubrimiento de Eventos y Actividades / Cubrimiento Digital de Eventos / Actualización y publicación de contenidos de eventos - MEDIA - TTO","Time to own",120,minute,Default,"Cubrimiento de Eventos y Actividades > Cubrimiento Digital de Eventos > Actualización y publicación de contenidos de eventos",MEDIA
"Cubrimiento de Eventos y Actividades / Cubrimiento Digital de Eventos / Actualización y publicación de contenidos de eventos - MEDIA - TTR","Time to resolve",360,minute,Default,"Cubrimiento de Eventos y Actividades > Cubrimiento Digital de Eventos > Actualización y publicación de contenidos de eventos",MEDIA
"Cubrimiento de Eventos y Actividades / Cubrimiento Digital de Eventos / Actualización y publicación de contenidos de eventos - BAJA - TTO","Time to own",240,minute,Default,"Cubrimiento de Eventos y Actividades > Cubrimiento Digital de Eventos > Actualización y publicación de contenidos de eventos",BAJA
"Cubrimiento de Eventos y Actividades / Cubrimiento Digital de Eventos / Actualización y publicación de contenidos de eventos - BAJA - TTR","Time to resolve",480,minute,Default,"Cubrimiento de Eventos y Actividades > Cubrimiento Digital de Eventos > Actualización y publicación de contenidos de eventos",BAJA
"Gestión de la Parrilla y Análisis de Contenidos Digitales / 1. Diseño y Programación de la Parrilla Editorial Digital / Diseño de la Arquitectura de Contenidos por Canal - CRITICA - TTO","Time to own",30,minute,Default,"Gestión de la Parrilla y Análisis de Contenidos Digitales > 1. Diseño y Programación de la Parrilla Editorial Digital > Diseño de la Arquitectura de Contenidos por Canal",CRITICA
"Gestión de la Parrilla y Análisis de Contenidos Digitales / 1. Diseño y Programación de la Parrilla Editorial Digital / Diseño de la Arquitectura de Contenidos por Canal - CRITICA - TTR","Time to resolve",120,minute,Default,"Gestión de la Parrilla y Análisis de Contenidos Digitales > 1. Diseño y Programación de la Parrilla Editorial Digital > Diseño de la Arquitectura de Contenidos por Canal",CRITICA
"Gestión de la Parrilla y Análisis de Contenidos Digitales / 1. Diseño y Programación de la Parrilla Editorial Digital / Diseño de la Arquitectura de Contenidos por Canal - ALTA - TTO","Time to own",60,minute,Default,"Gestión de la Parrilla y Análisis de Contenidos Digitales > 1. Diseño y Programación de la Parrilla Editorial Digital > Diseño de la Arquitectura de Contenidos por Canal",ALTA
"Gestión de la Parrilla y Análisis de Contenidos Digitales / 1. Diseño y Programación de la Parrilla Editorial Digital / Diseño de la Arquitectura de Contenidos por Canal - ALTA - TTR","Time to resolve",240,minute,Default,"Gestión de la Parrilla y Análisis de Contenidos Digitales > 1. Diseño y Programación de la Parrilla Editorial Digital > Diseño de la Arquitectura de Contenidos por Canal",ALTA
"Gestión de la Parrilla y Análisis de Contenidos Digitales / 1. Diseño y Programación de la Parrilla Editorial Digital / Diseño de la Arquitectura de Contenidos por Canal - MEDIA - TTO","Time to own",120,minute,Default,"Gestión de la Parrilla y Análisis de Contenidos Digitales > 1. Diseño y Programación de la Parrilla Editorial Digital > Diseño de la Arquitectura de Contenidos por Canal",MEDIA
"Gestión de la Parrilla y Análisis de Contenidos Digitales / 1. Diseño y Programación de la Parrilla Editorial Digital / Diseño de la Arquitectura de Contenidos por Canal - MEDIA - TTR","Time to resolve",360,minute,Default,"Gestión de la Parrilla y Análisis de Contenidos Digitales > 1. Diseño y Programación de la Parrilla Editorial Digital > Diseño de la Arquitectura de Contenidos por Canal",MEDIA
"Gestión de la Parrilla y Análisis de Contenidos Digitales / 1. Diseño y Programación de la Parrilla Editorial Digital / Diseño de la Arquitectura de Contenidos por Canal - BAJA - TTO","Time to own",240,minute,Default,"Gestión de la Parrilla y Análisis de Contenidos Digitales > 1. Diseño y Programación de la Parrilla Editorial Digital > Diseño de la Arquitectura de Contenidos por Canal",BAJA
"Gestión de la Parrilla y Análisis de Contenidos Digitales / 1. Diseño y Programación de la Parrilla Editorial Digital / Diseño de la Arquitectura de Contenidos por Canal - BAJA - TTR","Time to resolve",480,minute,Default,"Gestión de la Parrilla y Análisis de Contenidos Digitales > 1. Diseño y Programación de la Parrilla Editorial Digital > Diseño de la Arquitectura de Contenidos por Canal",BAJA
"Gestión de la Parrilla y Análisis de Contenidos Digitales / 1. Diseño y Programación de la Parrilla Editorial Digital / Programación Semanal/Mensual de Contenidos - CRITICA - TTO","Time to own",30,minute,Default,"Gestión de la Parrilla y Análisis de Contenidos Digitales > 1. Diseño y Programación de la Parrilla Editorial Digital > Programación Semanal/Mensual de Contenidos",CRITICA
"Gestión de la Parrilla y Análisis de Contenidos Digitales / 1. Diseño y Programación de la Parrilla Editorial Digital / Programación Semanal/Mensual de Contenidos - CRITICA - TTR","Time to resolve",120,minute,Default,"Gestión de la Parrilla y Análisis de Contenidos Digitales > 1. Diseño y Programación de la Parrilla Editorial Digital > Programación Semanal/Mensual de Contenidos",CRITICA
"Gestión de la Parrilla y Análisis de Contenidos Digitales / 1. Diseño y Programación de la Parrilla Editorial Digital / Programación Semanal/Mensual de Contenidos - ALTA - TTO","Time to own",60,minute,Default,"Gestión de la Parrilla y Análisis de Contenidos Digitales > 1. Diseño y Programación de la Parrilla Editorial Digital > Programación Semanal/Mensual de Contenidos",ALTA
"Gestión de la Parrilla y Análisis de Contenidos Digitales / 1. Diseño y Programación de la Parrilla Editorial Digital / Programación Semanal/Mensual de Contenidos - ALTA - TTR","Time to resolve",240,minute,Default,"Gestión de la Parrilla y Análisis de Contenidos Digitales > 1. Diseño y Programación de la Parrilla Editorial Digital > Programación Semanal/Mensual de Contenidos",ALTA
"Gestión de la Parrilla y Análisis de Contenidos Digitales / 1. Diseño y Programación de la Parrilla Editorial Digital / Programación Semanal/Mensual de Contenidos - MEDIA - TTO","Time to own",120,minute,Default,"Gestión de la Parrilla y Análisis de Contenidos Digitales > 1. Diseño y Programación de la Parrilla Editorial Digital > Programación Semanal/Mensual de Contenidos",MEDIA
"Gestión de la Parrilla y Análisis de Contenidos Digitales / 1. Diseño y Programación de la Parrilla Editorial Digital / Programación Semanal/Mensual de Contenidos - MEDIA - TTR","Time to resolve",360,minute,Default,"Gestión de la Parrilla y Análisis de Contenidos Digitales > 1. Diseño y Programación de la Parrilla Editorial Digital > Programación Semanal/Mensual de Contenidos",MEDIA
"Gestión de la Parrilla y Análisis de Contenidos Digitales / 1. Diseño y Programación de la Parrilla Editorial Digital / Programación Semanal/Mensual de Contenidos - BAJA - TTO","Time to own",240,minute,Default,"Gestión de la Parrilla y Análisis de Contenidos Digitales > 1. Diseño y Programación de la Parrilla Editorial Digital > Programación Semanal/Mensual de Contenidos",BAJA
"Gestión de la Parrilla y Análisis de Contenidos Digitales / 1. Diseño y Programación de la Parrilla Editorial Digital / Programación Semanal/Mensual de Contenidos - BAJA - TTR","Time to resolve",480,minute,Default,"Gestión de la Parrilla y Análisis de Contenidos Digitales > 1. Diseño y Programación de la Parrilla Editorial Digital > Programación Semanal/Mensual de Contenidos",BAJA
"Gestión de la Parrilla y Análisis de Contenidos Digitales / 1. Diseño y Programación de la Parrilla Editorial Digital / Gestión del Calendario Editorial Digital - CRITICA - TTO","Time to own",30,minute,Default,"Gestión de la Parrilla y Análisis de Contenidos Digitales > 1. Diseño y Programación de la Parrilla Editorial Digital > Gestión del Calendario Editorial Digital",CRITICA
"Gestión de la Parrilla y Análisis de Contenidos Digitales / 1. Diseño y Programación de la Parrilla Editorial Digital / Gestión del Calendario Editorial Digital - CRITICA - TTR","Time to resolve",120,minute,Default,"Gestión de la Parrilla y Análisis de Contenidos Digitales > 1. Diseño y Programación de la Parrilla Editorial Digital > Gestión del Calendario Editorial Digital",CRITICA
"Gestión de la Parrilla y Análisis de Contenidos Digitales / 1. Diseño y Programación de la Parrilla Editorial Digital / Gestión del Calendario Editorial Digital - ALTA - TTO","Time to own",60,minute,Default,"Gestión de la Parrilla y Análisis de Contenidos Digitales > 1. Diseño y Programación de la Parrilla Editorial Digital > Gestión del Calendario Editorial Digital",ALTA
"Gestión de la Parrilla y Análisis de Contenidos Digitales / 1. Diseño y Programación de la Parrilla Editorial Digital / Gestión del Calendario Editorial Digital - ALTA - TTR","Time to resolve",240,minute,Default,"Gestión de la Parrilla y Análisis de Contenidos Digitales > 1. Diseño y Programación de la Parrilla Editorial Digital > Gestión del Calendario Editorial Digital",ALTA
"Gestión de la Parrilla y Análisis de Contenidos Digitales / 1. Diseño y Programación de la Parrilla Editorial Digital / Gestión del Calendario Editorial Digital - MEDIA - TTO","Time to own",120,minute,Default,"Gestión de la Parrilla y Análisis de Contenidos Digitales > 1. Diseño y Programación de la Parrilla Editorial Digital > Gestión del Calendario Editorial Digital",MEDIA
"Gestión de la Parrilla y Análisis de Contenidos Digitales / 1. Diseño y Programación de la Parrilla Editorial Digital / Gestión del Calendario Editorial Digital - MEDIA - TTR","Time to resolve",360,minute,Default,"Gestión de la Parrilla y Análisis de Contenidos Digitales > 1. Diseño y Programación de la Parrilla Editorial Digital > Gestión del Calendario Editorial Digital",MEDIA
"Gestión de la Parrilla y Análisis de Contenidos Digitales / 1. Diseño y Programación de la Parrilla Editorial Digital / Gestión del Calendario Editorial Digital - BAJA - TTO","Time to own",240,minute,Default,"Gestión de la Parrilla y Análisis de Contenidos Digitales > 1. Diseño y Programación de la Parrilla Editorial Digital > Gestión del Calendario Editorial Digital",BAJA
"Gestión de la Parrilla y Análisis de Contenidos Digitales / 1. Diseño y Programación de la Parrilla Editorial Digital / Gestión del Calendario Editorial Digital - BAJA - TTR","Time to resolve",480,minute,Default,"Gestión de la Parrilla y Análisis de Contenidos Digitales > 1. Diseño y Programación de la Parrilla Editorial Digital > Gestión del Calendario Editorial Digital",BAJA
"Gestión de la Parrilla y Análisis de Contenidos Digitales / 1. Diseño y Programación de la Parrilla Editorial Digital / Ajuste de la Parrilla por Prioridades o Coyunturas - CRITICA - TTO","Time to own",30,minute,Default,"Gestión de la Parrilla y Análisis de Contenidos Digitales > 1. Diseño y Programación de la Parrilla Editorial Digital > Ajuste de la Parrilla por Prioridades o Coyunturas",CRITICA
"Gestión de la Parrilla y Análisis de Contenidos Digitales / 1. Diseño y Programación de la Parrilla Editorial Digital / Ajuste de la Parrilla por Prioridades o Coyunturas - CRITICA - TTR","Time to resolve",120,minute,Default,"Gestión de la Parrilla y Análisis de Contenidos Digitales > 1. Diseño y Programación de la Parrilla Editorial Digital > Ajuste de la Parrilla por Prioridades o Coyunturas",CRITICA
"Gestión de la Parrilla y Análisis de Contenidos Digitales / 1. Diseño y Programación de la Parrilla Editorial Digital / Ajuste de la Parrilla por Prioridades o Coyunturas - ALTA - TTO","Time to own",60,minute,Default,"Gestión de la Parrilla y Análisis de Contenidos Digitales > 1. Diseño y Programación de la Parrilla Editorial Digital > Ajuste de la Parrilla por Prioridades o Coyunturas",ALTA
"Gestión de la Parrilla y Análisis de Contenidos Digitales / 1. Diseño y Programación de la Parrilla Editorial Digital / Ajuste de la Parrilla por Prioridades o Coyunturas - ALTA - TTR","Time to resolve",240,minute,Default,"Gestión de la Parrilla y Análisis de Contenidos Digitales > 1. Diseño y Programación de la Parrilla Editorial Digital > Ajuste de la Parrilla por Prioridades o Coyunturas",ALTA
"Gestión de la Parrilla y Análisis de Contenidos Digitales / 1. Diseño y Programación de la Parrilla Editorial Digital / Ajuste de la Parrilla por Prioridades o Coyunturas - MEDIA - TTO","Time to own",120,minute,Default,"Gestión de la Parrilla y Análisis de Contenidos Digitales > 1. Diseño y Programación de la Parrilla Editorial Digital > Ajuste de la Parrilla por Prioridades o Coyunturas",MEDIA
"Gestión de la Parrilla y Análisis de Contenidos Digitales / 1. Diseño y Programación de la Parrilla Editorial Digital / Ajuste de la Parrilla por Prioridades o Coyunturas - MEDIA - TTR","Time to resolve",360,minute,Default,"Gestión de la Parrilla y Análisis de Contenidos Digitales > 1. Diseño y Programación de la Parrilla Editorial Digital > Ajuste de la Parrilla por Prioridades o Coyunturas",MEDIA
"Gestión de la Parrilla y Análisis de Contenidos Digitales / 1. Diseño y Programación de la Parrilla Editorial Digital / Ajuste de la Parrilla por Prioridades o Coyunturas - BAJA - TTO","Time to own",240,minute,Default,"Gestión de la Parrilla y Análisis de Contenidos Digitales > 1. Diseño y Programación de la Parrilla Editorial Digital > Ajuste de la Parrilla por Prioridades o Coyunturas",BAJA
"Gestión de la Parrilla y Análisis de Contenidos Digitales / 1. Diseño y Programación de la Parrilla Editorial Digital / Ajuste de la Parrilla por Prioridades o Coyunturas - BAJA - TTR","Time to resolve",480,minute,Default,"Gestión de la Parrilla y Análisis de Contenidos Digitales > 1. Diseño y Programación de la Parrilla Editorial Digital > Ajuste de la Parrilla por Prioridades o Coyunturas",BAJA
"Gestión de la Parrilla y Análisis de Contenidos Digitales / Cubrimiento de Eventos y Actividades / Creación de sitios y landings para eventos - CRITICA - TTO","Time to own",30,minute,Default,"Gestión de la Parrilla y Análisis de Contenidos Digitales > Cubrimiento de Eventos y Actividades > Creación de sitios y landings para eventos",CRITICA
"Gestión de la Parrilla y Análisis de Contenidos Digitales / Cubrimiento de Eventos y Actividades / Creación de sitios y landings para eventos - CRITICA - TTR","Time to resolve",120,minute,Default,"Gestión de la Parrilla y Análisis de Contenidos Digitales > Cubrimiento de Eventos y Actividades > Creación de sitios y landings para eventos",CRITICA
"Gestión de la Parrilla y Análisis de Contenidos Digitales / Cubrimiento de Eventos y Actividades / Creación de sitios y landings para eventos - ALTA - TTO","Time to own",60,minute,Default,"Gestión de la Parrilla y Análisis de Contenidos Digitales > Cubrimiento de Eventos y Actividades > Creación de sitios y landings para eventos",ALTA
"Gestión de la Parrilla y Análisis de Contenidos Digitales / Cubrimiento de Eventos y Actividades / Creación de sitios y landings para eventos - ALTA - TTR","Time to resolve",240,minute,Default,"Gestión de la Parrilla y Análisis de Contenidos Digitales > Cubrimiento de Eventos y Actividades > Creación de sitios y landings para eventos",ALTA
"Gestión de la Parrilla y Análisis de Contenidos Digitales / Cubrimiento de Eventos y Actividades / Creación de sitios y landings para eventos - MEDIA - TTO","Time to own",120,minute,Default,"Gestión de la Parrilla y Análisis de Contenidos Digitales > Cubrimiento de Eventos y Actividades > Creación de sitios y landings para eventos",MEDIA
"Gestión de la Parrilla y Análisis de Contenidos Digitales / Cubrimiento de Eventos y Actividades / Creación de sitios y landings para eventos - MEDIA - TTR","Time to resolve",360,minute,Default,"Gestión de la Parrilla y Análisis de Contenidos Digitales > Cubrimiento de Eventos y Actividades > Creación de sitios y landings para eventos",MEDIA
"Gestión de la Parrilla y Análisis de Contenidos Digitales / Cubrimiento de Eventos y Actividades / Creación de sitios y landings para eventos - BAJA - TTO","Time to own",240,minute,Default,"Gestión de la Parrilla y Análisis de Contenidos Digitales > Cubrimiento de Eventos y Actividades > Creación de sitios y landings para eventos",BAJA
"Gestión de la Parrilla y Análisis de Contenidos Digitales / Cubrimiento de Eventos y Actividades / Creación de sitios y landings para eventos - BAJA - TTR","Time to resolve",480,minute,Default,"Gestión de la Parrilla y Análisis de Contenidos Digitales > Cubrimiento de Eventos y Actividades > Creación de sitios y landings para eventos",BAJA
"Gestión de la Parrilla y Análisis de Contenidos Digitales / Cubrimiento de Eventos y Actividades / Actualización y publicación de contenidos de eventos - CRITICA - TTO","Time to own",30,minute,Default,"Gestión de la Parrilla y Análisis de Contenidos Digitales > Cubrimiento de Eventos y Actividades > Actualización y publicación de contenidos de eventos",CRITICA
"Gestión de la Parrilla y Análisis de Contenidos Digitales / Cubrimiento de Eventos y Actividades / Actualización y publicación de contenidos de eventos - CRITICA - TTR","Time to resolve",120,minute,Default,"Gestión de la Parrilla y Análisis de Contenidos Digitales > Cubrimiento de Eventos y Actividades > Actualización y publicación de contenidos de eventos",CRITICA
"Gestión de la Parrilla y Análisis de Contenidos Digitales / Cubrimiento de Eventos y Actividades / Actualización y publicación de contenidos de eventos - ALTA - TTO","Time to own",60,minute,Default,"Gestión de la Parrilla y Análisis de Contenidos Digitales > Cubrimiento de Eventos y Actividades > Actualización y publicación de contenidos de eventos",ALTA
"Gestión de la Parrilla y Análisis de Contenidos Digitales / Cubrimiento de Eventos y Actividades / Actualización y publicación de contenidos de eventos - ALTA - TTR","Time to resolve",240,minute,Default,"Gestión de la Parrilla y Análisis de Contenidos Digitales > Cubrimiento de Eventos y Actividades > Actualización y publicación de contenidos de eventos",ALTA
"Gestión de la Parrilla y Análisis de Contenidos Digitales / Cubrimiento de Eventos y Actividades / Actualización y publicación de contenidos de eventos - MEDIA - TTO","Time to own",120,minute,Default,"Gestión de la Parrilla y Análisis de Contenidos Digitales > Cubrimiento de Eventos y Actividades > Actualización y publicación de contenidos de eventos",MEDIA
"Gestión de la Parrilla y Análisis de Contenidos Digitales / Cubrimiento de Eventos y Actividades / Actualización y publicación de contenidos de eventos - MEDIA - TTR","Time to resolve",360,minute,Default,"Gestión de la Parrilla y Análisis de Contenidos Digitales > Cubrimiento de Eventos y Actividades > Actualización y publicación de contenidos de eventos",MEDIA
"Gestión de la Parrilla y Análisis de Contenidos Digitales / Cubrimiento de Eventos y Actividades / Actualización y publicación de contenidos de eventos - BAJA - TTO","Time to own",240,minute,Default,"Gestión de la Parrilla y Análisis de Contenidos Digitales > Cubrimiento de Eventos y Actividades > Actualización y publicación de contenidos de eventos",BAJA
"Gestión de la Parrilla y Análisis de Contenidos Digitales / Cubrimiento de Eventos y Actividades / Actualización y publicación de contenidos de eventos - BAJA - TTR","Time to resolve",480,minute,Default,"Gestión de la Parrilla y Análisis de Contenidos Digitales > Cubrimiento de Eventos y Actividades > Actualización y publicación de contenidos de eventos",BAJA
"Gestión de la Parrilla y Análisis de Contenidos Digitales / 2. Registro y Sistematización de Publicaciones / Registro Diario de Publicaciones por Canal - CRITICA - TTO","Time to own",30,minute,Default,"Gestión de la Parrilla y Análisis de Contenidos Digitales > 2. Registro y Sistematización de Publicaciones > Registro Diario de Publicaciones por Canal",CRITICA
"Gestión de la Parrilla y Análisis de Contenidos Digitales / 2. Registro y Sistematización de Publicaciones / Registro Diario de Publicaciones por Canal - CRITICA - TTR","Time to resolve",120,minute,Default,"Gestión de la Parrilla y Análisis de Contenidos Digitales > 2. Registro y Sistematización de Publicaciones > Registro Diario de Publicaciones por Canal",CRITICA
"Gestión de la Parrilla y Análisis de Contenidos Digitales / 2. Registro y Sistematización de Publicaciones / Registro Diario de Publicaciones por Canal - ALTA - TTO","Time to own",60,minute,Default,"Gestión de la Parrilla y Análisis de Contenidos Digitales > 2. Registro y Sistematización de Publicaciones > Registro Diario de Publicaciones por Canal",ALTA
"Gestión de la Parrilla y Análisis de Contenidos Digitales / 2. Registro y Sistematización de Publicaciones / Registro Diario de Publicaciones por Canal - ALTA - TTR","Time to resolve",240,minute,Default,"Gestión de la Parrilla y Análisis de Contenidos Digitales > 2. Registro y Sistematización de Publicaciones > Registro Diario de Publicaciones por Canal",ALTA
"Gestión de la Parrilla y Análisis de Contenidos Digitales / 2. Registro y Sistematización de Publicaciones / Registro Diario de Publicaciones por Canal - MEDIA - TTO","Time to own",120,minute,Default,"Gestión de la Parrilla y Análisis de Contenidos Digitales > 2. Registro y Sistematización de Publicaciones > Registro Diario de Publicaciones por Canal",MEDIA
"Gestión de la Parrilla y Análisis de Contenidos Digitales / 2. Registro y Sistematización de Publicaciones / Registro Diario de Publicaciones por Canal - MEDIA - TTR","Time to resolve",360,minute,Default,"Gestión de la Parrilla y Análisis de Contenidos Digitales > 2. Registro y Sistematización de Publicaciones > Registro Diario de Publicaciones por Canal",MEDIA
"Gestión de la Parrilla y Análisis de Contenidos Digitales / 2. Registro y Sistematización de Publicaciones / Registro Diario de Publicaciones por Canal - BAJA - TTO","Time to own",240,minute,Default,"Gestión de la Parrilla y Análisis de Contenidos Digitales > 2. Registro y Sistematización de Publicaciones > Registro Diario de Publicaciones por Canal",BAJA
"Gestión de la Parrilla y Análisis de Contenidos Digitales / 2. Registro y Sistematización de Publicaciones / Registro Diario de Publicaciones por Canal - BAJA - TTR","Time to resolve",480,minute,Default,"Gestión de la Parrilla y Análisis de Contenidos Digitales > 2. Registro y Sistematización de Publicaciones > Registro Diario de Publicaciones por Canal",BAJA
"Gestión de la Parrilla y Análisis de Contenidos Digitales / 2. Registro y Sistematización de Publicaciones / Catalogación y Etiquetado de Contenidos - CRITICA - TTO","Time to own",30,minute,Default,"Gestión de la Parrilla y Análisis de Contenidos Digitales > 2. Registro y Sistematización de Publicaciones > Catalogación y Etiquetado de Contenidos",CRITICA
"Gestión de la Parrilla y Análisis de Contenidos Digitales / 2. Registro y Sistematización de Publicaciones / Catalogación y Etiquetado de Contenidos - CRITICA - TTR","Time to resolve",120,minute,Default,"Gestión de la Parrilla y Análisis de Contenidos Digitales > 2. Registro y Sistematización de Publicaciones > Catalogación y Etiquetado de Contenidos",CRITICA
"Gestión de la Parrilla y Análisis de Contenidos Digitales / 2. Registro y Sistematización de Publicaciones / Catalogación y Etiquetado de Contenidos - ALTA - TTO","Time to own",60,minute,Default,"Gestión de la Parrilla y Análisis de Contenidos Digitales > 2. Registro y Sistematización de Publicaciones > Catalogación y Etiquetado de Contenidos",ALTA
"Gestión de la Parrilla y Análisis de Contenidos Digitales / 2. Registro y Sistematización de Publicaciones / Catalogación y Etiquetado de Contenidos - ALTA - TTR","Time to resolve",240,minute,Default,"Gestión de la Parrilla y Análisis de Contenidos Digitales > 2. Registro y Sistematización de Publicaciones > Catalogación y Etiquetado de Contenidos",ALTA
"Gestión de la Parrilla y Análisis de Contenidos Digitales / 2. Registro y Sistematización de Publicaciones / Catalogación y Etiquetado de Contenidos - MEDIA - TTO","Time to own",120,minute,Default,"Gestión de la Parrilla y Análisis de Contenidos Digitales > 2. Registro y Sistematización de Publicaciones > Catalogación y Etiquetado de Contenidos",MEDIA
"Gestión de la Parrilla y Análisis de Contenidos Digitales / 2. Registro y Sistematización de Publicaciones / Catalogación y Etiquetado de Contenidos - MEDIA - TTR","Time to resolve",360,minute,Default,"Gestión de la Parrilla y Análisis de Contenidos Digitales > 2. Registro y Sistematización de Publicaciones > Catalogación y Etiquetado de Contenidos",MEDIA
"Gestión de la Parrilla y Análisis de Contenidos Digitales / 2. Registro y Sistematización de Publicaciones / Catalogación y Etiquetado de Contenidos - BAJA - TTO","Time to own",240,minute,Default,"Gestión de la Parrilla y Análisis de Contenidos Digitales > 2. Registro y Sistematización de Publicaciones > Catalogación y Etiquetado de Contenidos",BAJA
"Gestión de la Parrilla y Análisis de Contenidos Digitales / 2. Registro y Sistematización de Publicaciones / Catalogación y Etiquetado de Contenidos - BAJA - TTR","Time to resolve",480,minute,Default,"Gestión de la Parrilla y Análisis de Contenidos Digitales > 2. Registro y Sistematización de Publicaciones > Catalogación y Etiquetado de Contenidos",BAJA
"Gestión de la Parrilla y Análisis de Contenidos Digitales / 2. Registro y Sistematización de Publicaciones / Mantenimiento del Inventario Digital de Contenidos - CRITICA - TTO","Time to own",30,minute,Default,"Gestión de la Parrilla y Análisis de Contenidos Digitales > 2. Registro y Sistematización de Publicaciones > Mantenimiento del Inventario Digital de Contenidos",CRITICA
"Gestión de la Parrilla y Análisis de Contenidos Digitales / 2. Registro y Sistematización de Publicaciones / Mantenimiento del Inventario Digital de Contenidos - CRITICA - TTR","Time to resolve",120,minute,Default,"Gestión de la Parrilla y Análisis de Contenidos Digitales > 2. Registro y Sistematización de Publicaciones > Mantenimiento del Inventario Digital de Contenidos",CRITICA
"Gestión de la Parrilla y Análisis de Contenidos Digitales / 2. Registro y Sistematización de Publicaciones / Mantenimiento del Inventario Digital de Contenidos - ALTA - TTO","Time to own",60,minute,Default,"Gestión de la Parrilla y Análisis de Contenidos Digitales > 2. Registro y Sistematización de Publicaciones > Mantenimiento del Inventario Digital de Contenidos",ALTA
"Gestión de la Parrilla y Análisis de Contenidos Digitales / 2. Registro y Sistematización de Publicaciones / Mantenimiento del Inventario Digital de Contenidos - ALTA - TTR","Time to resolve",240,minute,Default,"Gestión de la Parrilla y Análisis de Contenidos Digitales > 2. Registro y Sistematización de Publicaciones > Mantenimiento del Inventario Digital de Contenidos",ALTA
"Gestión de la Parrilla y Análisis de Contenidos Digitales / 2. Registro y Sistematización de Publicaciones / Mantenimiento del Inventario Digital de Contenidos - MEDIA - TTO","Time to own",120,minute,Default,"Gestión de la Parrilla y Análisis de Contenidos Digitales > 2. Registro y Sistematización de Publicaciones > Mantenimiento del Inventario Digital de Contenidos",MEDIA
"Gestión de la Parrilla y Análisis de Contenidos Digitales / 2. Registro y Sistematización de Publicaciones / Mantenimiento del Inventario Digital de Contenidos - MEDIA - TTR","Time to resolve",360,minute,Default,"Gestión de la Parrilla y Análisis de Contenidos Digitales > 2. Registro y Sistematización de Publicaciones > Mantenimiento del Inventario Digital de Contenidos",MEDIA
"Gestión de la Parrilla y Análisis de Contenidos Digitales / 2. Registro y Sistematización de Publicaciones / Mantenimiento del Inventario Digital de Contenidos - BAJA - TTO","Time to own",240,minute,Default,"Gestión de la Parrilla y Análisis de Contenidos Digitales > 2. Registro y Sistematización de Publicaciones > Mantenimiento del Inventario Digital de Contenidos",BAJA
"Gestión de la Parrilla y Análisis de Contenidos Digitales / 2. Registro y Sistematización de Publicaciones / Mantenimiento del Inventario Digital de Contenidos - BAJA - TTR","Time to resolve",480,minute,Default,"Gestión de la Parrilla y Análisis de Contenidos Digitales > 2. Registro y Sistematización de Publicaciones > Mantenimiento del Inventario Digital de Contenidos",BAJA
"Gestión de la Parrilla y Análisis de Contenidos Digitales / 2. Registro y Sistematización de Publicaciones / Validación de Consistencia entre Parrilla y Publicaciones - CRITICA - TTO","Time to own",30,minute,Default,"Gestión de la Parrilla y Análisis de Contenidos Digitales > 2. Registro y Sistematización de Publicaciones > Validación de Consistencia entre Parrilla y Publicaciones",CRITICA
"Gestión de la Parrilla y Análisis de Contenidos Digitales / 2. Registro y Sistematización de Publicaciones / Validación de Consistencia entre Parrilla y Publicaciones - CRITICA - TTR","Time to resolve",120,minute,Default,"Gestión de la Parrilla y Análisis de Contenidos Digitales > 2. Registro y Sistematización de Publicaciones > Validación de Consistencia entre Parrilla y Publicaciones",CRITICA
"Gestión de la Parrilla y Análisis de Contenidos Digitales / 2. Registro y Sistematización de Publicaciones / Validación de Consistencia entre Parrilla y Publicaciones - ALTA - TTO","Time to own",60,minute,Default,"Gestión de la Parrilla y Análisis de Contenidos Digitales > 2. Registro y Sistematización de Publicaciones > Validación de Consistencia entre Parrilla y Publicaciones",ALTA
"Gestión de la Parrilla y Análisis de Contenidos Digitales / 2. Registro y Sistematización de Publicaciones / Validación de Consistencia entre Parrilla y Publicaciones - ALTA - TTR","Time to resolve",240,minute,Default,"Gestión de la Parrilla y Análisis de Contenidos Digitales > 2. Registro y Sistematización de Publicaciones > Validación de Consistencia entre Parrilla y Publicaciones",ALTA
"Gestión de la Parrilla y Análisis de Contenidos Digitales / 2. Registro y Sistematización de Publicaciones / Validación de Consistencia entre Parrilla y Publicaciones - MEDIA - TTO","Time to own",120,minute,Default,"Gestión de la Parrilla y Análisis de Contenidos Digitales > 2. Registro y Sistematización de Publicaciones > Validación de Consistencia entre Parrilla y Publicaciones",MEDIA
"Gestión de la Parrilla y Análisis de Contenidos Digitales / 2. Registro y Sistematización de Publicaciones / Validación de Consistencia entre Parrilla y Publicaciones - MEDIA - TTR","Time to resolve",360,minute,Default,"Gestión de la Parrilla y Análisis de Contenidos Digitales > 2. Registro y Sistematización de Publicaciones > Validación de Consistencia entre Parrilla y Publicaciones",MEDIA
"Gestión de la Parrilla y Análisis de Contenidos Digitales / 2. Registro y Sistematización de Publicaciones / Validación de Consistencia entre Parrilla y Publicaciones - BAJA - TTO","Time to own",240,minute,Default,"Gestión de la Parrilla y Análisis de Contenidos Digitales > 2. Registro y Sistematización de Publicaciones > Validación de Consistencia entre Parrilla y Publicaciones",BAJA
"Gestión de la Parrilla y Análisis de Contenidos Digitales / 2. Registro y Sistematización de Publicaciones / Validación de Consistencia entre Parrilla y Publicaciones - BAJA - TTR","Time to resolve",480,minute,Default,"Gestión de la Parrilla y Análisis de Contenidos Digitales > 2. Registro y Sistematización de Publicaciones > Validación de Consistencia entre Parrilla y Publicaciones",BAJA
"Gestión de la Parrilla y Análisis de Contenidos Digitales / 3. Análisis de Desempeño y Métricas de Contenidos / Generación de Reportes de Estadísticas Básicas - CRITICA - TTO","Time to own",30,minute,Default,"Gestión de la Parrilla y Análisis de Contenidos Digitales > 3. Análisis de Desempeño y Métricas de Contenidos > Generación de Reportes de Estadísticas Básicas",CRITICA
"Gestión de la Parrilla y Análisis de Contenidos Digitales / 3. Análisis de Desempeño y Métricas de Contenidos / Generación de Reportes de Estadísticas Básicas - CRITICA - TTR","Time to resolve",120,minute,Default,"Gestión de la Parrilla y Análisis de Contenidos Digitales > 3. Análisis de Desempeño y Métricas de Contenidos > Generación de Reportes de Estadísticas Básicas",CRITICA
"Gestión de la Parrilla y Análisis de Contenidos Digitales / 3. Análisis de Desempeño y Métricas de Contenidos / Generación de Reportes de Estadísticas Básicas - ALTA - TTO","Time to own",60,minute,Default,"Gestión de la Parrilla y Análisis de Contenidos Digitales > 3. Análisis de Desempeño y Métricas de Contenidos > Generación de Reportes de Estadísticas Básicas",ALTA
"Gestión de la Parrilla y Análisis de Contenidos Digitales / 3. Análisis de Desempeño y Métricas de Contenidos / Generación de Reportes de Estadísticas Básicas - ALTA - TTR","Time to resolve",240,minute,Default,"Gestión de la Parrilla y Análisis de Contenidos Digitales > 3. Análisis de Desempeño y Métricas de Contenidos > Generación de Reportes de Estadísticas Básicas",ALTA
"Gestión de la Parrilla y Análisis de Contenidos Digitales / 3. Análisis de Desempeño y Métricas de Contenidos / Generación de Reportes de Estadísticas Básicas - MEDIA - TTO","Time to own",120,minute,Default,"Gestión de la Parrilla y Análisis de Contenidos Digitales > 3. Análisis de Desempeño y Métricas de Contenidos > Generación de Reportes de Estadísticas Básicas",MEDIA
"Gestión de la Parrilla y Análisis de Contenidos Digitales / 3. Análisis de Desempeño y Métricas de Contenidos / Generación de Reportes de Estadísticas Básicas - MEDIA - TTR","Time to resolve",360,minute,Default,"Gestión de la Parrilla y Análisis de Contenidos Digitales > 3. Análisis de Desempeño y Métricas de Contenidos > Generación de Reportes de Estadísticas Básicas",MEDIA
"Gestión de la Parrilla y Análisis de Contenidos Digitales / 3. Análisis de Desempeño y Métricas de Contenidos / Generación de Reportes de Estadísticas Básicas - BAJA - TTO","Time to own",240,minute,Default,"Gestión de la Parrilla y Análisis de Contenidos Digitales > 3. Análisis de Desempeño y Métricas de Contenidos > Generación de Reportes de Estadísticas Básicas",BAJA
"Gestión de la Parrilla y Análisis de Contenidos Digitales / 3. Análisis de Desempeño y Métricas de Contenidos / Generación de Reportes de Estadísticas Básicas - BAJA - TTR","Time to resolve",480,minute,Default,"Gestión de la Parrilla y Análisis de Contenidos Digitales > 3. Análisis de Desempeño y Métricas de Contenidos > Generación de Reportes de Estadísticas Básicas",BAJA
"Gestión de la Parrilla y Análisis de Contenidos Digitales / 3. Análisis de Desempeño y Métricas de Contenidos / Análisis de Temáticas y Formatos más Efectivos - CRITICA - TTO","Time to own",30,minute,Default,"Gestión de la Parrilla y Análisis de Contenidos Digitales > 3. Análisis de Desempeño y Métricas de Contenidos > Análisis de Temáticas y Formatos más Efectivos",CRITICA
"Gestión de la Parrilla y Análisis de Contenidos Digitales / 3. Análisis de Desempeño y Métricas de Contenidos / Análisis de Temáticas y Formatos más Efectivos - CRITICA - TTR","Time to resolve",120,minute,Default,"Gestión de la Parrilla y Análisis de Contenidos Digitales > 3. Análisis de Desempeño y Métricas de Contenidos > Análisis de Temáticas y Formatos más Efectivos",CRITICA
"Gestión de la Parrilla y Análisis de Contenidos Digitales / 3. Análisis de Desempeño y Métricas de Contenidos / Análisis de Temáticas y Formatos más Efectivos - ALTA - TTO","Time to own",60,minute,Default,"Gestión de la Parrilla y Análisis de Contenidos Digitales > 3. Análisis de Desempeño y Métricas de Contenidos > Análisis de Temáticas y Formatos más Efectivos",ALTA
"Gestión de la Parrilla y Análisis de Contenidos Digitales / 3. Análisis de Desempeño y Métricas de Contenidos / Análisis de Temáticas y Formatos más Efectivos - ALTA - TTR","Time to resolve",240,minute,Default,"Gestión de la Parrilla y Análisis de Contenidos Digitales > 3. Análisis de Desempeño y Métricas de Contenidos > Análisis de Temáticas y Formatos más Efectivos",ALTA
"Gestión de la Parrilla y Análisis de Contenidos Digitales / 3. Análisis de Desempeño y Métricas de Contenidos / Análisis de Temáticas y Formatos más Efectivos - MEDIA - TTO","Time to own",120,minute,Default,"Gestión de la Parrilla y Análisis de Contenidos Digitales > 3. Análisis de Desempeño y Métricas de Contenidos > Análisis de Temáticas y Formatos más Efectivos",MEDIA
"Gestión de la Parrilla y Análisis de Contenidos Digitales / 3. Análisis de Desempeño y Métricas de Contenidos / Análisis de Temáticas y Formatos más Efectivos - MEDIA - TTR","Time to resolve",360,minute,Default,"Gestión de la Parrilla y Análisis de Contenidos Digitales > 3. Análisis de Desempeño y Métricas de Contenidos > Análisis de Temáticas y Formatos más Efectivos",MEDIA
"Gestión de la Parrilla y Análisis de Contenidos Digitales / 3. Análisis de Desempeño y Métricas de Contenidos / Análisis de Temáticas y Formatos más Efectivos - BAJA - TTO","Time to own",240,minute,Default,"Gestión de la Parrilla y Análisis de Contenidos Digitales > 3. Análisis de Desempeño y Métricas de Contenidos > Análisis de Temáticas y Formatos más Efectivos",BAJA
"Gestión de la Parrilla y Análisis de Contenidos Digitales / 3. Análisis de Desempeño y Métricas de Contenidos / Análisis de Temáticas y Formatos más Efectivos - BAJA - TTR","Time to resolve",480,minute,Default,"Gestión de la Parrilla y Análisis de Contenidos Digitales > 3. Análisis de Desempeño y Métricas de Contenidos > Análisis de Temáticas y Formatos más Efectivos",BAJA
"Gestión de la Parrilla y Análisis de Contenidos Digitales / 3. Análisis de Desempeño y Métricas de Contenidos / Reporte de Desempeño por Área o Dependencia Solicitante - CRITICA - TTO","Time to own",30,minute,Default,"Gestión de la Parrilla y Análisis de Contenidos Digitales > 3. Análisis de Desempeño y Métricas de Contenidos > Reporte de Desempeño por Área o Dependencia Solicitante",CRITICA
"Gestión de la Parrilla y Análisis de Contenidos Digitales / 3. Análisis de Desempeño y Métricas de Contenidos / Reporte de Desempeño por Área o Dependencia Solicitante - CRITICA - TTR","Time to resolve",120,minute,Default,"Gestión de la Parrilla y Análisis de Contenidos Digitales > 3. Análisis de Desempeño y Métricas de Contenidos > Reporte de Desempeño por Área o Dependencia Solicitante",CRITICA
"Gestión de la Parrilla y Análisis de Contenidos Digitales / 3. Análisis de Desempeño y Métricas de Contenidos / Reporte de Desempeño por Área o Dependencia Solicitante - ALTA - TTO","Time to own",60,minute,Default,"Gestión de la Parrilla y Análisis de Contenidos Digitales > 3. Análisis de Desempeño y Métricas de Contenidos > Reporte de Desempeño por Área o Dependencia Solicitante",ALTA
"Gestión de la Parrilla y Análisis de Contenidos Digitales / 3. Análisis de Desempeño y Métricas de Contenidos / Reporte de Desempeño por Área o Dependencia Solicitante - ALTA - TTR","Time to resolve",240,minute,Default,"Gestión de la Parrilla y Análisis de Contenidos Digitales > 3. Análisis de Desempeño y Métricas de Contenidos > Reporte de Desempeño por Área o Dependencia Solicitante",ALTA
"Gestión de la Parrilla y Análisis de Contenidos Digitales / 3. Análisis de Desempeño y Métricas de Contenidos / Reporte de Desempeño por Área o Dependencia Solicitante - MEDIA - TTO","Time to own",120,minute,Default,"Gestión de la Parrilla y Análisis de Contenidos Digitales > 3. Análisis de Desempeño y Métricas de Contenidos > Reporte de Desempeño por Área o Dependencia Solicitante",MEDIA
"Gestión de la Parrilla y Análisis de Contenidos Digitales / 3. Análisis de Desempeño y Métricas de Contenidos / Reporte de Desempeño por Área o Dependencia Solicitante - MEDIA - TTR","Time to resolve",360,minute,Default,"Gestión de la Parrilla y Análisis de Contenidos Digitales > 3. Análisis de Desempeño y Métricas de Contenidos > Reporte de Desempeño por Área o Dependencia Solicitante",MEDIA
"Gestión de la Parrilla y Análisis de Contenidos Digitales / 3. Análisis de Desempeño y Métricas de Contenidos / Reporte de Desempeño por Área o Dependencia Solicitante - BAJA - TTO","Time to own",240,minute,Default,"Gestión de la Parrilla y Análisis de Contenidos Digitales > 3. Análisis de Desempeño y Métricas de Contenidos > Reporte de Desempeño por Área o Dependencia Solicitante",BAJA
"Gestión de la Parrilla y Análisis de Contenidos Digitales / 3. Análisis de Desempeño y Métricas de Contenidos / Reporte de Desempeño por Área o Dependencia Solicitante - BAJA - TTR","Time to resolve",480,minute,Default,"Gestión de la Parrilla y Análisis de Contenidos Digitales > 3. Análisis de Desempeño y Métricas de Contenidos > Reporte de Desempeño por Área o Dependencia Solicitante",BAJA
"Gestión de la Parrilla y Análisis de Contenidos Digitales / 3. Análisis de Desempeño y Métricas de Contenidos / Monitoreo de Tendencias y Comportamiento de Audiencia - CRITICA - TTO","Time to own",30,minute,Default,"Gestión de la Parrilla y Análisis de Contenidos Digitales > 3. Análisis de Desempeño y Métricas de Contenidos > Monitoreo de Tendencias y Comportamiento de Audiencia",CRITICA
"Gestión de la Parrilla y Análisis de Contenidos Digitales / 3. Análisis de Desempeño y Métricas de Contenidos / Monitoreo de Tendencias y Comportamiento de Audiencia - CRITICA - TTR","Time to resolve",120,minute,Default,"Gestión de la Parrilla y Análisis de Contenidos Digitales > 3. Análisis de Desempeño y Métricas de Contenidos > Monitoreo de Tendencias y Comportamiento de Audiencia",CRITICA
"Gestión de la Parrilla y Análisis de Contenidos Digitales / 3. Análisis de Desempeño y Métricas de Contenidos / Monitoreo de Tendencias y Comportamiento de Audiencia - ALTA - TTO","Time to own",60,minute,Default,"Gestión de la Parrilla y Análisis de Contenidos Digitales > 3. Análisis de Desempeño y Métricas de Contenidos > Monitoreo de Tendencias y Comportamiento de Audiencia",ALTA
"Gestión de la Parrilla y Análisis de Contenidos Digitales / 3. Análisis de Desempeño y Métricas de Contenidos / Monitoreo de Tendencias y Comportamiento de Audiencia - ALTA - TTR","Time to resolve",240,minute,Default,"Gestión de la Parrilla y Análisis de Contenidos Digitales > 3. Análisis de Desempeño y Métricas de Contenidos > Monitoreo de Tendencias y Comportamiento de Audiencia",ALTA
"Gestión de la Parrilla y Análisis de Contenidos Digitales / 3. Análisis de Desempeño y Métricas de Contenidos / Monitoreo de Tendencias y Comportamiento de Audiencia - MEDIA - TTO","Time to own",120,minute,Default,"Gestión de la Parrilla y Análisis de Contenidos Digitales > 3. Análisis de Desempeño y Métricas de Contenidos > Monitoreo de Tendencias y Comportamiento de Audiencia",MEDIA
"Gestión de la Parrilla y Análisis de Contenidos Digitales / 3. Análisis de Desempeño y Métricas de Contenidos / Monitoreo de Tendencias y Comportamiento de Audiencia - MEDIA - TTR","Time to resolve",360,minute,Default,"Gestión de la Parrilla y Análisis de Contenidos Digitales > 3. Análisis de Desempeño y Métricas de Contenidos > Monitoreo de Tendencias y Comportamiento de Audiencia",MEDIA
"Gestión de la Parrilla y Análisis de Contenidos Digitales / 3. Análisis de Desempeño y Métricas de Contenidos / Monitoreo de Tendencias y Comportamiento de Audiencia - BAJA - TTO","Time to own",240,minute,Default,"Gestión de la Parrilla y Análisis de Contenidos Digitales > 3. Análisis de Desempeño y Métricas de Contenidos > Monitoreo de Tendencias y Comportamiento de Audiencia",BAJA
"Gestión de la Parrilla y Análisis de Contenidos Digitales / 3. Análisis de Desempeño y Métricas de Contenidos / Monitoreo de Tendencias y Comportamiento de Audiencia - BAJA - TTR","Time to resolve",480,minute,Default,"Gestión de la Parrilla y Análisis de Contenidos Digitales > 3. Análisis de Desempeño y Métricas de Contenidos > Monitoreo de Tendencias y Comportamiento de Audiencia",BAJA
"Gestión de la Parrilla y Análisis de Contenidos Digitales / 4. Optimización y Recomendaciones Estratégicas / Elaboración de Informes Ejecutivos de Resultados - CRITICA - TTO","Time to own",30,minute,Default,"Gestión de la Parrilla y Análisis de Contenidos Digitales > 4. Optimización y Recomendaciones Estratégicas > Elaboración de Informes Ejecutivos de Resultados",CRITICA
"Gestión de la Parrilla y Análisis de Contenidos Digitales / 4. Optimización y Recomendaciones Estratégicas / Elaboración de Informes Ejecutivos de Resultados - CRITICA - TTR","Time to resolve",120,minute,Default,"Gestión de la Parrilla y Análisis de Contenidos Digitales > 4. Optimización y Recomendaciones Estratégicas > Elaboración de Informes Ejecutivos de Resultados",CRITICA
"Gestión de la Parrilla y Análisis de Contenidos Digitales / 4. Optimización y Recomendaciones Estratégicas / Elaboración de Informes Ejecutivos de Resultados - ALTA - TTO","Time to own",60,minute,Default,"Gestión de la Parrilla y Análisis de Contenidos Digitales > 4. Optimización y Recomendaciones Estratégicas > Elaboración de Informes Ejecutivos de Resultados",ALTA
"Gestión de la Parrilla y Análisis de Contenidos Digitales / 4. Optimización y Recomendaciones Estratégicas / Elaboración de Informes Ejecutivos de Resultados - ALTA - TTR","Time to resolve",240,minute,Default,"Gestión de la Parrilla y Análisis de Contenidos Digitales > 4. Optimización y Recomendaciones Estratégicas > Elaboración de Informes Ejecutivos de Resultados",ALTA
"Gestión de la Parrilla y Análisis de Contenidos Digitales / 4. Optimización y Recomendaciones Estratégicas / Elaboración de Informes Ejecutivos de Resultados - MEDIA - TTO","Time to own",120,minute,Default,"Gestión de la Parrilla y Análisis de Contenidos Digitales > 4. Optimización y Recomendaciones Estratégicas > Elaboración de Informes Ejecutivos de Resultados",MEDIA
"Gestión de la Parrilla y Análisis de Contenidos Digitales / 4. Optimización y Recomendaciones Estratégicas / Elaboración de Informes Ejecutivos de Resultados - MEDIA - TTR","Time to resolve",360,minute,Default,"Gestión de la Parrilla y Análisis de Contenidos Digitales > 4. Optimización y Recomendaciones Estratégicas > Elaboración de Informes Ejecutivos de Resultados",MEDIA
"Gestión de la Parrilla y Análisis de Contenidos Digitales / 4. Optimización y Recomendaciones Estratégicas / Elaboración de Informes Ejecutivos de Resultados - BAJA - TTO","Time to own",240,minute,Default,"Gestión de la Parrilla y Análisis de Contenidos Digitales > 4. Optimización y Recomendaciones Estratégicas > Elaboración de Informes Ejecutivos de Resultados",BAJA
"Gestión de la Parrilla y Análisis de Contenidos Digitales / 4. Optimización y Recomendaciones Estratégicas / Elaboración de Informes Ejecutivos de Resultados - BAJA - TTR","Time to resolve",480,minute,Default,"Gestión de la Parrilla y Análisis de Contenidos Digitales > 4. Optimización y Recomendaciones Estratégicas > Elaboración de Informes Ejecutivos de Resultados",BAJA
"Gestión de la Parrilla y Análisis de Contenidos Digitales / 4. Optimización y Recomendaciones Estratégicas / Propuestas de Ajuste a la Estrategia de Contenidos - CRITICA - TTO","Time to own",30,minute,Default,"Gestión de la Parrilla y Análisis de Contenidos Digitales > 4. Optimización y Recomendaciones Estratégicas > Propuestas de Ajuste a la Estrategia de Contenidos",CRITICA
"Gestión de la Parrilla y Análisis de Contenidos Digitales / 4. Optimización y Recomendaciones Estratégicas / Propuestas de Ajuste a la Estrategia de Contenidos - CRITICA - TTR","Time to resolve",120,minute,Default,"Gestión de la Parrilla y Análisis de Contenidos Digitales > 4. Optimización y Recomendaciones Estratégicas > Propuestas de Ajuste a la Estrategia de Contenidos",CRITICA
"Gestión de la Parrilla y Análisis de Contenidos Digitales / 4. Optimización y Recomendaciones Estratégicas / Propuestas de Ajuste a la Estrategia de Contenidos - ALTA - TTO","Time to own",60,minute,Default,"Gestión de la Parrilla y Análisis de Contenidos Digitales > 4. Optimización y Recomendaciones Estratégicas > Propuestas de Ajuste a la Estrategia de Contenidos",ALTA
"Gestión de la Parrilla y Análisis de Contenidos Digitales / 4. Optimización y Recomendaciones Estratégicas / Propuestas de Ajuste a la Estrategia de Contenidos - ALTA - TTR","Time to resolve",240,minute,Default,"Gestión de la Parrilla y Análisis de Contenidos Digitales > 4. Optimización y Recomendaciones Estratégicas > Propuestas de Ajuste a la Estrategia de Contenidos",ALTA
"Gestión de la Parrilla y Análisis de Contenidos Digitales / 4. Optimización y Recomendaciones Estratégicas / Propuestas de Ajuste a la Estrategia de Contenidos - MEDIA - TTO","Time to own",120,minute,Default,"Gestión de la Parrilla y Análisis de Contenidos Digitales > 4. Optimización y Recomendaciones Estratégicas > Propuestas de Ajuste a la Estrategia de Contenidos",MEDIA
"Gestión de la Parrilla y Análisis de Contenidos Digitales / 4. Optimización y Recomendaciones Estratégicas / Propuestas de Ajuste a la Estrategia de Contenidos - MEDIA - TTR","Time to resolve",360,minute,Default,"Gestión de la Parrilla y Análisis de Contenidos Digitales > 4. Optimización y Recomendaciones Estratégicas > Propuestas de Ajuste a la Estrategia de Contenidos",MEDIA
"Gestión de la Parrilla y Análisis de Contenidos Digitales / 4. Optimización y Recomendaciones Estratégicas / Propuestas de Ajuste a la Estrategia de Contenidos - BAJA - TTO","Time to own",240,minute,Default,"Gestión de la Parrilla y Análisis de Contenidos Digitales > 4. Optimización y Recomendaciones Estratégicas > Propuestas de Ajuste a la Estrategia de Contenidos",BAJA
"Gestión de la Parrilla y Análisis de Contenidos Digitales / 4. Optimización y Recomendaciones Estratégicas / Propuestas de Ajuste a la Estrategia de Contenidos - BAJA - TTR","Time to resolve",480,minute,Default,"Gestión de la Parrilla y Análisis de Contenidos Digitales > 4. Optimización y Recomendaciones Estratégicas > Propuestas de Ajuste a la Estrategia de Contenidos",BAJA
"Gestión de la Parrilla y Análisis de Contenidos Digitales / 4. Optimización y Recomendaciones Estratégicas / Soporte para la Toma de Decisiones Comunicacionales - CRITICA - TTO","Time to own",30,minute,Default,"Gestión de la Parrilla y Análisis de Contenidos Digitales > 4. Optimización y Recomendaciones Estratégicas > Soporte para la Toma de Decisiones Comunicacionales",CRITICA
"Gestión de la Parrilla y Análisis de Contenidos Digitales / 4. Optimización y Recomendaciones Estratégicas / Soporte para la Toma de Decisiones Comunicacionales - CRITICA - TTR","Time to resolve",120,minute,Default,"Gestión de la Parrilla y Análisis de Contenidos Digitales > 4. Optimización y Recomendaciones Estratégicas > Soporte para la Toma de Decisiones Comunicacionales",CRITICA
"Gestión de la Parrilla y Análisis de Contenidos Digitales / 4. Optimización y Recomendaciones Estratégicas / Soporte para la Toma de Decisiones Comunicacionales - ALTA - TTO","Time to own",60,minute,Default,"Gestión de la Parrilla y Análisis de Contenidos Digitales > 4. Optimización y Recomendaciones Estratégicas > Soporte para la Toma de Decisiones Comunicacionales",ALTA
"Gestión de la Parrilla y Análisis de Contenidos Digitales / 4. Optimización y Recomendaciones Estratégicas / Soporte para la Toma de Decisiones Comunicacionales - ALTA - TTR","Time to resolve",240,minute,Default,"Gestión de la Parrilla y Análisis de Contenidos Digitales > 4. Optimización y Recomendaciones Estratégicas > Soporte para la Toma de Decisiones Comunicacionales",ALTA
"Gestión de la Parrilla y Análisis de Contenidos Digitales / 4. Optimización y Recomendaciones Estratégicas / Soporte para la Toma de Decisiones Comunicacionales - MEDIA - TTO","Time to own",120,minute,Default,"Gestión de la Parrilla y Análisis de Contenidos Digitales > 4. Optimización y Recomendaciones Estratégicas > Soporte para la Toma de Decisiones Comunicacionales",MEDIA
"Gestión de la Parrilla y Análisis de Contenidos Digitales / 4. Optimización y Recomendaciones Estratégicas / Soporte para la Toma de Decisiones Comunicacionales - MEDIA - TTR","Time to resolve",360,minute,Default,"Gestión de la Parrilla y Análisis de Contenidos Digitales > 4. Optimización y Recomendaciones Estratégicas > Soporte para la Toma de Decisiones Comunicacionales",MEDIA
"Gestión de la Parrilla y Análisis de Contenidos Digitales / 4. Optimización y Recomendaciones Estratégicas / Soporte para la Toma de Decisiones Comunicacionales - BAJA - TTO","Time to own",240,minute,Default,"Gestión de la Parrilla y Análisis de Contenidos Digitales > 4. Optimización y Recomendaciones Estratégicas > Soporte para la Toma de Decisiones Comunicacionales",BAJA
"Gestión de la Parrilla y Análisis de Contenidos Digitales / 4. Optimización y Recomendaciones Estratégicas / Soporte para la Toma de Decisiones Comunicacionales - BAJA - TTR","Time to resolve",480,minute,Default,"Gestión de la Parrilla y Análisis de Contenidos Digitales > 4. Optimización y Recomendaciones Estratégicas > Soporte para la Toma de Decisiones Comunicacionales",BAJA
"Gestión de la Parrilla y Análisis de Contenidos Digitales / 4. Optimización y Recomendaciones Estratégicas / Retroalimentación a Creadores de Contenido y Áreas - CRITICA - TTO","Time to own",30,minute,Default,"Gestión de la Parrilla y Análisis de Contenidos Digitales > 4. Optimización y Recomendaciones Estratégicas > Retroalimentación a Creadores de Contenido y Áreas",CRITICA
"Gestión de la Parrilla y Análisis de Contenidos Digitales / 4. Optimización y Recomendaciones Estratégicas / Retroalimentación a Creadores de Contenido y Áreas - CRITICA - TTR","Time to resolve",120,minute,Default,"Gestión de la Parrilla y Análisis de Contenidos Digitales > 4. Optimización y Recomendaciones Estratégicas > Retroalimentación a Creadores de Contenido y Áreas",CRITICA
"Gestión de la Parrilla y Análisis de Contenidos Digitales / 4. Optimización y Recomendaciones Estratégicas / Retroalimentación a Creadores de Contenido y Áreas - ALTA - TTO","Time to own",60,minute,Default,"Gestión de la Parrilla y Análisis de Contenidos Digitales > 4. Optimización y Recomendaciones Estratégicas > Retroalimentación a Creadores de Contenido y Áreas",ALTA
"Gestión de la Parrilla y Análisis de Contenidos Digitales / 4. Optimización y Recomendaciones Estratégicas / Retroalimentación a Creadores de Contenido y Áreas - ALTA - TTR","Time to resolve",240,minute,Default,"Gestión de la Parrilla y Análisis de Contenidos Digitales > 4. Optimización y Recomendaciones Estratégicas > Retroalimentación a Creadores de Contenido y Áreas",ALTA
"Gestión de la Parrilla y Análisis de Contenidos Digitales / 4. Optimización y Recomendaciones Estratégicas / Retroalimentación a Creadores de Contenido y Áreas - MEDIA - TTO","Time to own",120,minute,Default,"Gestión de la Parrilla y Análisis de Contenidos Digitales > 4. Optimización y Recomendaciones Estratégicas > Retroalimentación a Creadores de Contenido y Áreas",MEDIA
"Gestión de la Parrilla y Análisis de Contenidos Digitales / 4. Optimización y Recomendaciones Estratégicas / Retroalimentación a Creadores de Contenido y Áreas - MEDIA - TTR","Time to resolve",360,minute,Default,"Gestión de la Parrilla y Análisis de Contenidos Digitales > 4. Optimización y Recomendaciones Estratégicas > Retroalimentación a Creadores de Contenido y Áreas",MEDIA
"Gestión de la Parrilla y Análisis de Contenidos Digitales / 4. Optimización y Recomendaciones Estratégicas / Retroalimentación a Creadores de Contenido y Áreas - BAJA - TTO","Time to own",240,minute,Default,"Gestión de la Parrilla y Análisis de Contenidos Digitales > 4. Optimización y Recomendaciones Estratégicas > Retroalimentación a Creadores de Contenido y Áreas",BAJA
"Gestión de la Parrilla y Análisis de Contenidos Digitales / 4. Optimización y Recomendaciones Estratégicas / Retroalimentación a Creadores de Contenido y Áreas - BAJA - TTR","Time to resolve",480,minute,Default,"Gestión de la Parrilla y Análisis de Contenidos Digitales > 4. Optimización y Recomendaciones Estratégicas > Retroalimentación a Creadores de Contenido y Áreas",BAJA
"Cubrimiento y Registro de Eventos / Reuniones de Estrategia Digital / Reuniones de seguimiento con supervisión - CRITICA - TTO","Time to own",30,minute,Default,"Cubrimiento y Registro de Eventos > Reuniones de Estrategia Digital > Reuniones de seguimiento con supervisión",CRITICA
"Cubrimiento y Registro de Eventos / Reuniones de Estrategia Digital / Reuniones de seguimiento con supervisión - CRITICA - TTR","Time to resolve",120,minute,Default,"Cubrimiento y Registro de Eventos > Reuniones de Estrategia Digital > Reuniones de seguimiento con supervisión",CRITICA
"Cubrimiento y Registro de Eventos / Reuniones de Estrategia Digital / Reuniones de seguimiento con supervisión - ALTA - TTO","Time to own",60,minute,Default,"Cubrimiento y Registro de Eventos > Reuniones de Estrategia Digital > Reuniones de seguimiento con supervisión",ALTA
"Cubrimiento y Registro de Eventos / Reuniones de Estrategia Digital / Reuniones de seguimiento con supervisión - ALTA - TTR","Time to resolve",240,minute,Default,"Cubrimiento y Registro de Eventos > Reuniones de Estrategia Digital > Reuniones de seguimiento con supervisión",ALTA
"Cubrimiento y Registro de Eventos / Reuniones de Estrategia Digital / Reuniones de seguimiento con supervisión - MEDIA - TTO","Time to own",120,minute,Default,"Cubrimiento y Registro de Eventos > Reuniones de Estrategia Digital > Reuniones de seguimiento con supervisión",MEDIA
"Cubrimiento y Registro de Eventos / Reuniones de Estrategia Digital / Reuniones de seguimiento con supervisión - MEDIA - TTR","Time to resolve",360,minute,Default,"Cubrimiento y Registro de Eventos > Reuniones de Estrategia Digital > Reuniones de seguimiento con supervisión",MEDIA
"Cubrimiento y Registro de Eventos / Reuniones de Estrategia Digital / Reuniones de seguimiento con supervisión - BAJA - TTO","Time to own",240,minute,Default,"Cubrimiento y Registro de Eventos > Reuniones de Estrategia Digital > Reuniones de seguimiento con supervisión",BAJA
"Cubrimiento y Registro de Eventos / Reuniones de Estrategia Digital / Reuniones de seguimiento con supervisión - BAJA - TTR","Time to resolve",480,minute,Default,"Cubrimiento y Registro de Eventos > Reuniones de Estrategia Digital > Reuniones de seguimiento con supervisión",BAJA
"Cubrimiento y Registro de Eventos / Reuniones de Estrategia Digital / Reuniones de validación y concepto con áreas - CRITICA - TTO","Time to own",30,minute,Default,"Cubrimiento y Registro de Eventos > Reuniones de Estrategia Digital > Reuniones de validación y concepto con áreas",CRITICA
"Cubrimiento y Registro de Eventos / Reuniones de Estrategia Digital / Reuniones de validación y concepto con áreas - CRITICA - TTR","Time to resolve",120,minute,Default,"Cubrimiento y Registro de Eventos > Reuniones de Estrategia Digital > Reuniones de validación y concepto con áreas",CRITICA
"Cubrimiento y Registro de Eventos / Reuniones de Estrategia Digital / Reuniones de validación y concepto con áreas - ALTA - TTO","Time to own",60,minute,Default,"Cubrimiento y Registro de Eventos > Reuniones de Estrategia Digital > Reuniones de validación y concepto con áreas",ALTA
"Cubrimiento y Registro de Eventos / Reuniones de Estrategia Digital / Reuniones de validación y concepto con áreas - ALTA - TTR","Time to resolve",240,minute,Default,"Cubrimiento y Registro de Eventos > Reuniones de Estrategia Digital > Reuniones de validación y concepto con áreas",ALTA
"Cubrimiento y Registro de Eventos / Reuniones de Estrategia Digital / Reuniones de validación y concepto con áreas - MEDIA - TTO","Time to own",120,minute,Default,"Cubrimiento y Registro de Eventos > Reuniones de Estrategia Digital > Reuniones de validación y concepto con áreas",MEDIA
"Cubrimiento y Registro de Eventos / Reuniones de Estrategia Digital / Reuniones de validación y concepto con áreas - MEDIA - TTR","Time to resolve",360,minute,Default,"Cubrimiento y Registro de Eventos > Reuniones de Estrategia Digital > Reuniones de validación y concepto con áreas",MEDIA
"Cubrimiento y Registro de Eventos / Reuniones de Estrategia Digital / Reuniones de validación y concepto con áreas - BAJA - TTO","Time to own",240,minute,Default,"Cubrimiento y Registro de Eventos > Reuniones de Estrategia Digital > Reuniones de validación y concepto con áreas",BAJA
"Cubrimiento y Registro de Eventos / Reuniones de Estrategia Digital / Reuniones de validación y concepto con áreas - BAJA - TTR","Time to resolve",480,minute,Default,"Cubrimiento y Registro de Eventos > Reuniones de Estrategia Digital > Reuniones de validación y concepto con áreas",BAJA
"Cubrimiento y Registro de Eventos / Reuniones de Estrategia Digital / Mesas técnicas para renovación de contenidos - CRITICA - TTO","Time to own",30,minute,Default,"Cubrimiento y Registro de Eventos > Reuniones de Estrategia Digital > Mesas técnicas para renovación de contenidos",CRITICA
"Cubrimiento y Registro de Eventos / Reuniones de Estrategia Digital / Mesas técnicas para renovación de contenidos - CRITICA - TTR","Time to resolve",120,minute,Default,"Cubrimiento y Registro de Eventos > Reuniones de Estrategia Digital > Mesas técnicas para renovación de contenidos",CRITICA
"Cubrimiento y Registro de Eventos / Reuniones de Estrategia Digital / Mesas técnicas para renovación de contenidos - ALTA - TTO","Time to own",60,minute,Default,"Cubrimiento y Registro de Eventos > Reuniones de Estrategia Digital > Mesas técnicas para renovación de contenidos",ALTA
"Cubrimiento y Registro de Eventos / Reuniones de Estrategia Digital / Mesas técnicas para renovación de contenidos - ALTA - TTR","Time to resolve",240,minute,Default,"Cubrimiento y Registro de Eventos > Reuniones de Estrategia Digital > Mesas técnicas para renovación de contenidos",ALTA
"Cubrimiento y Registro de Eventos / Reuniones de Estrategia Digital / Mesas técnicas para renovación de contenidos - MEDIA - TTO","Time to own",120,minute,Default,"Cubrimiento y Registro de Eventos > Reuniones de Estrategia Digital > Mesas técnicas para renovación de contenidos",MEDIA
"Cubrimiento y Registro de Eventos / Reuniones de Estrategia Digital / Mesas técnicas para renovación de contenidos - MEDIA - TTR","Time to resolve",360,minute,Default,"Cubrimiento y Registro de Eventos > Reuniones de Estrategia Digital > Mesas técnicas para renovación de contenidos",MEDIA
"Cubrimiento y Registro de Eventos / Reuniones de Estrategia Digital / Mesas técnicas para renovación de contenidos - BAJA - TTO","Time to own",240,minute,Default,"Cubrimiento y Registro de Eventos > Reuniones de Estrategia Digital > Mesas técnicas para renovación de contenidos",BAJA
"Cubrimiento y Registro de Eventos / Reuniones de Estrategia Digital / Mesas técnicas para renovación de contenidos - BAJA - TTR","Time to resolve",480,minute,Default,"Cubrimiento y Registro de Eventos > Reuniones de Estrategia Digital > Mesas técnicas para renovación de contenidos",BAJA
"Cubrimiento y Registro de Eventos / Ejecución y Registro en Vivo de Eventos / Cobertura para Redes Sociales en Tiempo Real - CRITICA - TTO","Time to own",30,minute,Default,"Cubrimiento y Registro de Eventos > Ejecución y Registro en Vivo de Eventos > Cobertura para Redes Sociales en Tiempo Real",CRITICA
"Cubrimiento y Registro de Eventos / Ejecución y Registro en Vivo de Eventos / Cobertura para Redes Sociales en Tiempo Real - CRITICA - TTR","Time to resolve",120,minute,Default,"Cubrimiento y Registro de Eventos > Ejecución y Registro en Vivo de Eventos > Cobertura para Redes Sociales en Tiempo Real",CRITICA
"Cubrimiento y Registro de Eventos / Ejecución y Registro en Vivo de Eventos / Cobertura para Redes Sociales en Tiempo Real - ALTA - TTO","Time to own",60,minute,Default,"Cubrimiento y Registro de Eventos > Ejecución y Registro en Vivo de Eventos > Cobertura para Redes Sociales en Tiempo Real",ALTA
"Cubrimiento y Registro de Eventos / Ejecución y Registro en Vivo de Eventos / Cobertura para Redes Sociales en Tiempo Real - ALTA - TTR","Time to resolve",240,minute,Default,"Cubrimiento y Registro de Eventos > Ejecución y Registro en Vivo de Eventos > Cobertura para Redes Sociales en Tiempo Real",ALTA
"Cubrimiento y Registro de Eventos / Ejecución y Registro en Vivo de Eventos / Cobertura para Redes Sociales en Tiempo Real - MEDIA - TTO","Time to own",120,minute,Default,"Cubrimiento y Registro de Eventos > Ejecución y Registro en Vivo de Eventos > Cobertura para Redes Sociales en Tiempo Real",MEDIA
"Cubrimiento y Registro de Eventos / Ejecución y Registro en Vivo de Eventos / Cobertura para Redes Sociales en Tiempo Real - MEDIA - TTR","Time to resolve",360,minute,Default,"Cubrimiento y Registro de Eventos > Ejecución y Registro en Vivo de Eventos > Cobertura para Redes Sociales en Tiempo Real",MEDIA
"Cubrimiento y Registro de Eventos / Ejecución y Registro en Vivo de Eventos / Cobertura para Redes Sociales en Tiempo Real - BAJA - TTO","Time to own",240,minute,Default,"Cubrimiento y Registro de Eventos > Ejecución y Registro en Vivo de Eventos > Cobertura para Redes Sociales en Tiempo Real",BAJA
"Cubrimiento y Registro de Eventos / Ejecución y Registro en Vivo de Eventos / Cobertura para Redes Sociales en Tiempo Real - BAJA - TTR","Time to resolve",480,minute,Default,"Cubrimiento y Registro de Eventos > Ejecución y Registro en Vivo de Eventos > Cobertura para Redes Sociales en Tiempo Real",BAJA
"Reuniones de Estrategia de Comunicación Digital / Reuniones de Estrategia Digital / Reuniones de seguimiento con supervisión - CRITICA - TTO","Time to own",30,minute,Default,"Reuniones de Estrategia de Comunicación Digital > Reuniones de Estrategia Digital > Reuniones de seguimiento con supervisión",CRITICA
"Reuniones de Estrategia de Comunicación Digital / Reuniones de Estrategia Digital / Reuniones de seguimiento con supervisión - CRITICA - TTR","Time to resolve",120,minute,Default,"Reuniones de Estrategia de Comunicación Digital > Reuniones de Estrategia Digital > Reuniones de seguimiento con supervisión",CRITICA
"Reuniones de Estrategia de Comunicación Digital / Reuniones de Estrategia Digital / Reuniones de seguimiento con supervisión - ALTA - TTO","Time to own",60,minute,Default,"Reuniones de Estrategia de Comunicación Digital > Reuniones de Estrategia Digital > Reuniones de seguimiento con supervisión",ALTA
"Reuniones de Estrategia de Comunicación Digital / Reuniones de Estrategia Digital / Reuniones de seguimiento con supervisión - ALTA - TTR","Time to resolve",240,minute,Default,"Reuniones de Estrategia de Comunicación Digital > Reuniones de Estrategia Digital > Reuniones de seguimiento con supervisión",ALTA
"Reuniones de Estrategia de Comunicación Digital / Reuniones de Estrategia Digital / Reuniones de seguimiento con supervisión - MEDIA - TTO","Time to own",120,minute,Default,"Reuniones de Estrategia de Comunicación Digital > Reuniones de Estrategia Digital > Reuniones de seguimiento con supervisión",MEDIA
"Reuniones de Estrategia de Comunicación Digital / Reuniones de Estrategia Digital / Reuniones de seguimiento con supervisión - MEDIA - TTR","Time to resolve",360,minute,Default,"Reuniones de Estrategia de Comunicación Digital > Reuniones de Estrategia Digital > Reuniones de seguimiento con supervisión",MEDIA
"Reuniones de Estrategia de Comunicación Digital / Reuniones de Estrategia Digital / Reuniones de seguimiento con supervisión - BAJA - TTO","Time to own",240,minute,Default,"Reuniones de Estrategia de Comunicación Digital > Reuniones de Estrategia Digital > Reuniones de seguimiento con supervisión",BAJA
"Reuniones de Estrategia de Comunicación Digital / Reuniones de Estrategia Digital / Reuniones de seguimiento con supervisión - BAJA - TTR","Time to resolve",480,minute,Default,"Reuniones de Estrategia de Comunicación Digital > Reuniones de Estrategia Digital > Reuniones de seguimiento con supervisión",BAJA
"Reuniones de Estrategia de Comunicación Digital / Reuniones de Estrategia Digital / Reuniones de validación y concepto con áreas - CRITICA - TTO","Time to own",30,minute,Default,"Reuniones de Estrategia de Comunicación Digital > Reuniones de Estrategia Digital > Reuniones de validación y concepto con áreas",CRITICA
"Reuniones de Estrategia de Comunicación Digital / Reuniones de Estrategia Digital / Reuniones de validación y concepto con áreas - CRITICA - TTR","Time to resolve",120,minute,Default,"Reuniones de Estrategia de Comunicación Digital > Reuniones de Estrategia Digital > Reuniones de validación y concepto con áreas",CRITICA
"Reuniones de Estrategia de Comunicación Digital / Reuniones de Estrategia Digital / Reuniones de validación y concepto con áreas - ALTA - TTO","Time to own",60,minute,Default,"Reuniones de Estrategia de Comunicación Digital > Reuniones de Estrategia Digital > Reuniones de validación y concepto con áreas",ALTA
"Reuniones de Estrategia de Comunicación Digital / Reuniones de Estrategia Digital / Reuniones de validación y concepto con áreas - ALTA - TTR","Time to resolve",240,minute,Default,"Reuniones de Estrategia de Comunicación Digital > Reuniones de Estrategia Digital > Reuniones de validación y concepto con áreas",ALTA
"Reuniones de Estrategia de Comunicación Digital / Reuniones de Estrategia Digital / Reuniones de validación y concepto con áreas - MEDIA - TTO","Time to own",120,minute,Default,"Reuniones de Estrategia de Comunicación Digital > Reuniones de Estrategia Digital > Reuniones de validación y concepto con áreas",MEDIA
"Reuniones de Estrategia de Comunicación Digital / Reuniones de Estrategia Digital / Reuniones de validación y concepto con áreas - MEDIA - TTR","Time to resolve",360,minute,Default,"Reuniones de Estrategia de Comunicación Digital > Reuniones de Estrategia Digital > Reuniones de validación y concepto con áreas",MEDIA
"Reuniones de Estrategia de Comunicación Digital / Reuniones de Estrategia Digital / Reuniones de validación y concepto con áreas - BAJA - TTO","Time to own",240,minute,Default,"Reuniones de Estrategia de Comunicación Digital > Reuniones de Estrategia Digital > Reuniones de validación y concepto con áreas",BAJA
"Reuniones de Estrategia de Comunicación Digital / Reuniones de Estrategia Digital / Reuniones de validación y concepto con áreas - BAJA - TTR","Time to resolve",480,minute,Default,"Reuniones de Estrategia de Comunicación Digital > Reuniones de Estrategia Digital > Reuniones de validación y concepto con áreas",BAJA
"Reuniones de Estrategia de Comunicación Digital / Reuniones de Estrategia Digital / Mesas técnicas para renovación de contenidos - CRITICA - TTO","Time to own",30,minute,Default,"Reuniones de Estrategia de Comunicación Digital > Reuniones de Estrategia Digital > Mesas técnicas para renovación de contenidos",CRITICA
"Reuniones de Estrategia de Comunicación Digital / Reuniones de Estrategia Digital / Mesas técnicas para renovación de contenidos - CRITICA - TTR","Time to resolve",120,minute,Default,"Reuniones de Estrategia de Comunicación Digital > Reuniones de Estrategia Digital > Mesas técnicas para renovación de contenidos",CRITICA
"Reuniones de Estrategia de Comunicación Digital / Reuniones de Estrategia Digital / Mesas técnicas para renovación de contenidos - ALTA - TTO","Time to own",60,minute,Default,"Reuniones de Estrategia de Comunicación Digital > Reuniones de Estrategia Digital > Mesas técnicas para renovación de contenidos",ALTA
"Reuniones de Estrategia de Comunicación Digital / Reuniones de Estrategia Digital / Mesas técnicas para renovación de contenidos - ALTA - TTR","Time to resolve",240,minute,Default,"Reuniones de Estrategia de Comunicación Digital > Reuniones de Estrategia Digital > Mesas técnicas para renovación de contenidos",ALTA
"Reuniones de Estrategia de Comunicación Digital / Reuniones de Estrategia Digital / Mesas técnicas para renovación de contenidos - MEDIA - TTO","Time to own",120,minute,Default,"Reuniones de Estrategia de Comunicación Digital > Reuniones de Estrategia Digital > Mesas técnicas para renovación de contenidos",MEDIA
"Reuniones de Estrategia de Comunicación Digital / Reuniones de Estrategia Digital / Mesas técnicas para renovación de contenidos - MEDIA - TTR","Time to resolve",360,minute,Default,"Reuniones de Estrategia de Comunicación Digital > Reuniones de Estrategia Digital > Mesas técnicas para renovación de contenidos",MEDIA
"Reuniones de Estrategia de Comunicación Digital / Reuniones de Estrategia Digital / Mesas técnicas para renovación de contenidos - BAJA - TTO","Time to own",240,minute,Default,"Reuniones de Estrategia de Comunicación Digital > Reuniones de Estrategia Digital > Mesas técnicas para renovación de contenidos",BAJA
"Reuniones de Estrategia de Comunicación Digital / Reuniones de Estrategia Digital / Mesas técnicas para renovación de contenidos - BAJA - TTR","Time to resolve",480,minute,Default,"Reuniones de Estrategia de Comunicación Digital > Reuniones de Estrategia Digital > Mesas técnicas para renovación de contenidos",BAJA
"Actividades de Soporte y Tareas Conexas del Contrato / Confidencialidad de Información / Custodia y gestión de información reservada - CRITICA - TTO","Time to own",30,minute,Default,"Actividades de Soporte y Tareas Conexas del Contrato > Confidencialidad de Información > Custodia y gestión de información reservada",CRITICA
"Actividades de Soporte y Tareas Conexas del Contrato / Confidencialidad de Información / Custodia y gestión de información reservada - CRITICA - TTR","Time to resolve",120,minute,Default,"Actividades de Soporte y Tareas Conexas del Contrato > Confidencialidad de Información > Custodia y gestión de información reservada",CRITICA
"Actividades de Soporte y Tareas Conexas del Contrato / Confidencialidad de Información / Custodia y gestión de información reservada - ALTA - TTO","Time to own",60,minute,Default,"Actividades de Soporte y Tareas Conexas del Contrato > Confidencialidad de Información > Custodia y gestión de información reservada",ALTA
"Actividades de Soporte y Tareas Conexas del Contrato / Confidencialidad de Información / Custodia y gestión de información reservada - ALTA - TTR","Time to resolve",240,minute,Default,"Actividades de Soporte y Tareas Conexas del Contrato > Confidencialidad de Información > Custodia y gestión de información reservada",ALTA
"Actividades de Soporte y Tareas Conexas del Contrato / Confidencialidad de Información / Custodia y gestión de información reservada - MEDIA - TTO","Time to own",120,minute,Default,"Actividades de Soporte y Tareas Conexas del Contrato > Confidencialidad de Información > Custodia y gestión de información reservada",MEDIA
"Actividades de Soporte y Tareas Conexas del Contrato / Confidencialidad de Información / Custodia y gestión de información reservada - MEDIA - TTR","Time to resolve",360,minute,Default,"Actividades de Soporte y Tareas Conexas del Contrato > Confidencialidad de Información > Custodia y gestión de información reservada",MEDIA
"Actividades de Soporte y Tareas Conexas del Contrato / Confidencialidad de Información / Custodia y gestión de información reservada - BAJA - TTO","Time to own",240,minute,Default,"Actividades de Soporte y Tareas Conexas del Contrato > Confidencialidad de Información > Custodia y gestión de información reservada",BAJA
"Actividades de Soporte y Tareas Conexas del Contrato / Confidencialidad de Información / Custodia y gestión de información reservada - BAJA - TTR","Time to resolve",480,minute,Default,"Actividades de Soporte y Tareas Conexas del Contrato > Confidencialidad de Información > Custodia y gestión de información reservada",BAJA
"Actividades de Soporte y Tareas Conexas del Contrato / Confidencialidad de Información / Informe de cumplimiento de confidencialidad - CRITICA - TTO","Time to own",30,minute,Default,"Actividades de Soporte y Tareas Conexas del Contrato > Confidencialidad de Información > Informe de cumplimiento de confidencialidad",CRITICA
"Actividades de Soporte y Tareas Conexas del Contrato / Confidencialidad de Información / Informe de cumplimiento de confidencialidad - CRITICA - TTR","Time to resolve",120,minute,Default,"Actividades de Soporte y Tareas Conexas del Contrato > Confidencialidad de Información > Informe de cumplimiento de confidencialidad",CRITICA
"Actividades de Soporte y Tareas Conexas del Contrato / Confidencialidad de Información / Informe de cumplimiento de confidencialidad - ALTA - TTO","Time to own",60,minute,Default,"Actividades de Soporte y Tareas Conexas del Contrato > Confidencialidad de Información > Informe de cumplimiento de confidencialidad",ALTA
"Actividades de Soporte y Tareas Conexas del Contrato / Confidencialidad de Información / Informe de cumplimiento de confidencialidad - ALTA - TTR","Time to resolve",240,minute,Default,"Actividades de Soporte y Tareas Conexas del Contrato > Confidencialidad de Información > Informe de cumplimiento de confidencialidad",ALTA
"Actividades de Soporte y Tareas Conexas del Contrato / Confidencialidad de Información / Informe de cumplimiento de confidencialidad - MEDIA - TTO","Time to own",120,minute,Default,"Actividades de Soporte y Tareas Conexas del Contrato > Confidencialidad de Información > Informe de cumplimiento de confidencialidad",MEDIA
"Actividades de Soporte y Tareas Conexas del Contrato / Confidencialidad de Información / Informe de cumplimiento de confidencialidad - MEDIA - TTR","Time to resolve",360,minute,Default,"Actividades de Soporte y Tareas Conexas del Contrato > Confidencialidad de Información > Informe de cumplimiento de confidencialidad",MEDIA
"Actividades de Soporte y Tareas Conexas del Contrato / Confidencialidad de Información / Informe de cumplimiento de confidencialidad - BAJA - TTO","Time to own",240,minute,Default,"Actividades de Soporte y Tareas Conexas del Contrato > Confidencialidad de Información > Informe de cumplimiento de confidencialidad",BAJA
"Actividades de Soporte y Tareas Conexas del Contrato / Confidencialidad de Información / Informe de cumplimiento de confidencialidad - BAJA - TTR","Time to resolve",480,minute,Default,"Actividades de Soporte y Tareas Conexas del Contrato > Confidencialidad de Información > Informe de cumplimiento de confidencialidad",BAJA
"Actividades de Soporte y Tareas Conexas del Contrato / Asesoría y Acompañamiento en Solicitudes Específicas / Acompañamiento en Evaluaciones o Auditorías Adicionales - CRITICA - TTO","Time to own",30,minute,Default,"Actividades de Soporte y Tareas Conexas del Contrato > Asesoría y Acompañamiento en Solicitudes Específicas > Acompañamiento en Evaluaciones o Auditorías Adicionales",CRITICA
"Actividades de Soporte y Tareas Conexas del Contrato / Asesoría y Acompañamiento en Solicitudes Específicas / Acompañamiento en Evaluaciones o Auditorías Adicionales - CRITICA - TTR","Time to resolve",120,minute,Default,"Actividades de Soporte y Tareas Conexas del Contrato > Asesoría y Acompañamiento en Solicitudes Específicas > Acompañamiento en Evaluaciones o Auditorías Adicionales",CRITICA
"Actividades de Soporte y Tareas Conexas del Contrato / Asesoría y Acompañamiento en Solicitudes Específicas / Acompañamiento en Evaluaciones o Auditorías Adicionales - ALTA - TTO","Time to own",60,minute,Default,"Actividades de Soporte y Tareas Conexas del Contrato > Asesoría y Acompañamiento en Solicitudes Específicas > Acompañamiento en Evaluaciones o Auditorías Adicionales",ALTA
"Actividades de Soporte y Tareas Conexas del Contrato / Asesoría y Acompañamiento en Solicitudes Específicas / Acompañamiento en Evaluaciones o Auditorías Adicionales - ALTA - TTR","Time to resolve",240,minute,Default,"Actividades de Soporte y Tareas Conexas del Contrato > Asesoría y Acompañamiento en Solicitudes Específicas > Acompañamiento en Evaluaciones o Auditorías Adicionales",ALTA
"Actividades de Soporte y Tareas Conexas del Contrato / Asesoría y Acompañamiento en Solicitudes Específicas / Acompañamiento en Evaluaciones o Auditorías Adicionales - MEDIA - TTO","Time to own",120,minute,Default,"Actividades de Soporte y Tareas Conexas del Contrato > Asesoría y Acompañamiento en Solicitudes Específicas > Acompañamiento en Evaluaciones o Auditorías Adicionales",MEDIA
"Actividades de Soporte y Tareas Conexas del Contrato / Asesoría y Acompañamiento en Solicitudes Específicas / Acompañamiento en Evaluaciones o Auditorías Adicionales - MEDIA - TTR","Time to resolve",360,minute,Default,"Actividades de Soporte y Tareas Conexas del Contrato > Asesoría y Acompañamiento en Solicitudes Específicas > Acompañamiento en Evaluaciones o Auditorías Adicionales",MEDIA
"Actividades de Soporte y Tareas Conexas del Contrato / Asesoría y Acompañamiento en Solicitudes Específicas / Acompañamiento en Evaluaciones o Auditorías Adicionales - BAJA - TTO","Time to own",240,minute,Default,"Actividades de Soporte y Tareas Conexas del Contrato > Asesoría y Acompañamiento en Solicitudes Específicas > Acompañamiento en Evaluaciones o Auditorías Adicionales",BAJA
"Actividades de Soporte y Tareas Conexas del Contrato / Asesoría y Acompañamiento en Solicitudes Específicas / Acompañamiento en Evaluaciones o Auditorías Adicionales - BAJA - TTR","Time to resolve",480,minute,Default,"Actividades de Soporte y Tareas Conexas del Contrato > Asesoría y Acompañamiento en Solicitudes Específicas > Acompañamiento en Evaluaciones o Auditorías Adicionales",BAJA
"Confidencialidad de Información Reservada / Gestión de Información Reservada / Custodia y gestión de información reservada - CRITICA - TTO","Time to own",30,minute,Default,"Confidencialidad de Información Reservada > Gestión de Información Reservada > Custodia y gestión de información reservada",CRITICA
"Confidencialidad de Información Reservada / Gestión de Información Reservada / Custodia y gestión de información reservada - CRITICA - TTR","Time to resolve",120,minute,Default,"Confidencialidad de Información Reservada > Gestión de Información Reservada > Custodia y gestión de información reservada",CRITICA
"Confidencialidad de Información Reservada / Gestión de Información Reservada / Custodia y gestión de información reservada - ALTA - TTO","Time to own",60,minute,Default,"Confidencialidad de Información Reservada > Gestión de Información Reservada > Custodia y gestión de información reservada",ALTA
"Confidencialidad de Información Reservada / Gestión de Información Reservada / Custodia y gestión de información reservada - ALTA - TTR","Time to resolve",240,minute,Default,"Confidencialidad de Información Reservada > Gestión de Información Reservada > Custodia y gestión de información reservada",ALTA
"Confidencialidad de Información Reservada / Gestión de Información Reservada / Custodia y gestión de información reservada - MEDIA - TTO","Time to own",120,minute,Default,"Confidencialidad de Información Reservada > Gestión de Información Reservada > Custodia y gestión de información reservada",MEDIA
"Confidencialidad de Información Reservada / Gestión de Información Reservada / Custodia y gestión de información reservada - MEDIA - TTR","Time to resolve",360,minute,Default,"Confidencialidad de Información Reservada > Gestión de Información Reservada > Custodia y gestión de información reservada",MEDIA
"Confidencialidad de Información Reservada / Gestión de Información Reservada / Custodia y gestión de información reservada - BAJA - TTO","Time to own",240,minute,Default,"Confidencialidad de Información Reservada > Gestión de Información Reservada > Custodia y gestión de información reservada",BAJA
"Confidencialidad de Información Reservada / Gestión de Información Reservada / Custodia y gestión de información reservada - BAJA - TTR","Time to resolve",480,minute,Default,"Confidencialidad de Información Reservada > Gestión de Información Reservada > Custodia y gestión de información reservada",BAJA
"Confidencialidad de Información Reservada / Gestión de Información Reservada / Informe de cumplimiento de confidencialidad - CRITICA - TTO","Time to own",30,minute,Default,"Confidencialidad de Información Reservada > Gestión de Información Reservada > Informe de cumplimiento de confidencialidad",CRITICA
"Confidencialidad de Información Reservada / Gestión de Información Reservada / Informe de cumplimiento de confidencialidad - CRITICA - TTR","Time to resolve",120,minute,Default,"Confidencialidad de Información Reservada > Gestión de Información Reservada > Informe de cumplimiento de confidencialidad",CRITICA
"Confidencialidad de Información Reservada / Gestión de Información Reservada / Informe de cumplimiento de confidencialidad - ALTA - TTO","Time to own",60,minute,Default,"Confidencialidad de Información Reservada > Gestión de Información Reservada > Informe de cumplimiento de confidencialidad",ALTA
"Confidencialidad de Información Reservada / Gestión de Información Reservada / Informe de cumplimiento de confidencialidad - ALTA - TTR","Time to resolve",240,minute,Default,"Confidencialidad de Información Reservada > Gestión de Información Reservada > Informe de cumplimiento de confidencialidad",ALTA
"Confidencialidad de Información Reservada / Gestión de Información Reservada / Informe de cumplimiento de confidencialidad - MEDIA - TTO","Time to own",120,minute,Default,"Confidencialidad de Información Reservada > Gestión de Información Reservada > Informe de cumplimiento de confidencialidad",MEDIA
"Confidencialidad de Información Reservada / Gestión de Información Reservada / Informe de cumplimiento de confidencialidad - MEDIA - TTR","Time to resolve",360,minute,Default,"Confidencialidad de Información Reservada > Gestión de Información Reservada > Informe de cumplimiento de confidencialidad",MEDIA
"Confidencialidad de Información Reservada / Gestión de Información Reservada / Informe de cumplimiento de confidencialidad - BAJA - TTO","Time to own",240,minute,Default,"Confidencialidad de Información Reservada > Gestión de Información Reservada > Informe de cumplimiento de confidencialidad",BAJA
"Confidencialidad de Información Reservada / Gestión de Información Reservada / Informe de cumplimiento de confidencialidad - BAJA - TTR","Time to resolve",480,minute,Default,"Confidencialidad de Información Reservada > Gestión de Información Reservada > Informe de cumplimiento de confidencialidad",BAJA
"Demás Actividades Asignadas por el Supervisor / Actividades Asignadas por Supervisor / Correcciones y ajustes de último momento - CRITICA - TTO","Time to own",30,minute,Default,"Demás Actividades Asignadas por el Supervisor > Actividades Asignadas por Supervisor > Correcciones y ajustes de último momento",CRITICA
"Demás Actividades Asignadas por el Supervisor / Actividades Asignadas por Supervisor / Correcciones y ajustes de último momento - CRITICA - TTR","Time to resolve",120,minute,Default,"Demás Actividades Asignadas por el Supervisor > Actividades Asignadas por Supervisor > Correcciones y ajustes de último momento",CRITICA
"Demás Actividades Asignadas por el Supervisor / Actividades Asignadas por Supervisor / Correcciones y ajustes de último momento - ALTA - TTO","Time to own",60,minute,Default,"Demás Actividades Asignadas por el Supervisor > Actividades Asignadas por Supervisor > Correcciones y ajustes de último momento",ALTA
"Demás Actividades Asignadas por el Supervisor / Actividades Asignadas por Supervisor / Correcciones y ajustes de último momento - ALTA - TTR","Time to resolve",240,minute,Default,"Demás Actividades Asignadas por el Supervisor > Actividades Asignadas por Supervisor > Correcciones y ajustes de último momento",ALTA
"Demás Actividades Asignadas por el Supervisor / Actividades Asignadas por Supervisor / Correcciones y ajustes de último momento - MEDIA - TTO","Time to own",120,minute,Default,"Demás Actividades Asignadas por el Supervisor > Actividades Asignadas por Supervisor > Correcciones y ajustes de último momento",MEDIA
"Demás Actividades Asignadas por el Supervisor / Actividades Asignadas por Supervisor / Correcciones y ajustes de último momento - MEDIA - TTR","Time to resolve",360,minute,Default,"Demás Actividades Asignadas por el Supervisor > Actividades Asignadas por Supervisor > Correcciones y ajustes de último momento",MEDIA
"Demás Actividades Asignadas por el Supervisor / Actividades Asignadas por Supervisor / Correcciones y ajustes de último momento - BAJA - TTO","Time to own",240,minute,Default,"Demás Actividades Asignadas por el Supervisor > Actividades Asignadas por Supervisor > Correcciones y ajustes de último momento",BAJA
"Demás Actividades Asignadas por el Supervisor / Actividades Asignadas por Supervisor / Correcciones y ajustes de último momento - BAJA - TTR","Time to resolve",480,minute,Default,"Demás Actividades Asignadas por el Supervisor > Actividades Asignadas por Supervisor > Correcciones y ajustes de último momento",BAJA
"Demás Actividades Asignadas por el Supervisor / Actividades Asignadas por Supervisor / Tareas administrativas e informes - CRITICA - TTO","Time to own",30,minute,Default,"Demás Actividades Asignadas por el Supervisor > Actividades Asignadas por Supervisor > Tareas administrativas e informes",CRITICA
"Demás Actividades Asignadas por el Supervisor / Actividades Asignadas por Supervisor / Tareas administrativas e informes - CRITICA - TTR","Time to resolve",120,minute,Default,"Demás Actividades Asignadas por el Supervisor > Actividades Asignadas por Supervisor > Tareas administrativas e informes",CRITICA
"Demás Actividades Asignadas por el Supervisor / Actividades Asignadas por Supervisor / Tareas administrativas e informes - ALTA - TTO","Time to own",60,minute,Default,"Demás Actividades Asignadas por el Supervisor > Actividades Asignadas por Supervisor > Tareas administrativas e informes",ALTA
"Demás Actividades Asignadas por el Supervisor / Actividades Asignadas por Supervisor / Tareas administrativas e informes - ALTA - TTR","Time to resolve",240,minute,Default,"Demás Actividades Asignadas por el Supervisor > Actividades Asignadas por Supervisor > Tareas administrativas e informes",ALTA
"Demás Actividades Asignadas por el Supervisor / Actividades Asignadas por Supervisor / Tareas administrativas e informes - MEDIA - TTO","Time to own",120,minute,Default,"Demás Actividades Asignadas por el Supervisor > Actividades Asignadas por Supervisor > Tareas administrativas e informes",MEDIA
"Demás Actividades Asignadas por el Supervisor / Actividades Asignadas por Supervisor / Tareas administrativas e informes - MEDIA - TTR","Time to resolve",360,minute,Default,"Demás Actividades Asignadas por el Supervisor > Actividades Asignadas por Supervisor > Tareas administrativas e informes",MEDIA
"Demás Actividades Asignadas por el Supervisor / Actividades Asignadas por Supervisor / Tareas administrativas e informes - BAJA - TTO","Time to own",240,minute,Default,"Demás Actividades Asignadas por el Supervisor > Actividades Asignadas por Supervisor > Tareas administrativas e informes",BAJA
"Demás Actividades Asignadas por el Supervisor / Actividades Asignadas por Supervisor / Tareas administrativas e informes - BAJA - TTR","Time to resolve",480,minute,Default,"Demás Actividades Asignadas por el Supervisor > Actividades Asignadas por Supervisor > Tareas administrativas e informes",BAJA
"Demás Actividades Asignadas por el Supervisor / Actividades Asignadas por Supervisor / Capacitaciones y sesiones de formación - CRITICA - TTO","Time to own",30,minute,Default,"Demás Actividades Asignadas por el Supervisor > Actividades Asignadas por Supervisor > Capacitaciones y sesiones de formación",CRITICA
"Demás Actividades Asignadas por el Supervisor / Actividades Asignadas por Supervisor / Capacitaciones y sesiones de formación - CRITICA - TTR","Time to resolve",120,minute,Default,"Demás Actividades Asignadas por el Supervisor > Actividades Asignadas por Supervisor > Capacitaciones y sesiones de formación",CRITICA
"Demás Actividades Asignadas por el Supervisor / Actividades Asignadas por Supervisor / Capacitaciones y sesiones de formación - ALTA - TTO","Time to own",60,minute,Default,"Demás Actividades Asignadas por el Supervisor > Actividades Asignadas por Supervisor > Capacitaciones y sesiones de formación",ALTA
"Demás Actividades Asignadas por el Supervisor / Actividades Asignadas por Supervisor / Capacitaciones y sesiones de formación - ALTA - TTR","Time to resolve",240,minute,Default,"Demás Actividades Asignadas por el Supervisor > Actividades Asignadas por Supervisor > Capacitaciones y sesiones de formación",ALTA
"Demás Actividades Asignadas por el Supervisor / Actividades Asignadas por Supervisor / Capacitaciones y sesiones de formación - MEDIA - TTO","Time to own",120,minute,Default,"Demás Actividades Asignadas por el Supervisor > Actividades Asignadas por Supervisor > Capacitaciones y sesiones de formación",MEDIA
"Demás Actividades Asignadas por el Supervisor / Actividades Asignadas por Supervisor / Capacitaciones y sesiones de formación - MEDIA - TTR","Time to resolve",360,minute,Default,"Demás Actividades Asignadas por el Supervisor > Actividades Asignadas por Supervisor > Capacitaciones y sesiones de formación",MEDIA
"Demás Actividades Asignadas por el Supervisor / Actividades Asignadas por Supervisor / Capacitaciones y sesiones de formación - BAJA - TTO","Time to own",240,minute,Default,"Demás Actividades Asignadas por el Supervisor > Actividades Asignadas por Supervisor > Capacitaciones y sesiones de formación",BAJA
"Demás Actividades Asignadas por el Supervisor / Actividades Asignadas por Supervisor / Capacitaciones y sesiones de formación - BAJA - TTR","Time to resolve",480,minute,Default,"Demás Actividades Asignadas por el Supervisor > Actividades Asignadas por Supervisor > Capacitaciones y sesiones de formación",BAJA
"Demás Actividades Asignadas por el Supervisor / Actividades Asignadas por Supervisor / Asignación de tarea no especificada - CRITICA - TTO","Time to own",30,minute,Default,"Demás Actividades Asignadas por el Supervisor > Actividades Asignadas por Supervisor > Asignación de tarea no especificada",CRITICA
"Demás Actividades Asignadas por el Supervisor / Actividades Asignadas por Supervisor / Asignación de tarea no especificada - CRITICA - TTR","Time to resolve",120,minute,Default,"Demás Actividades Asignadas por el Supervisor > Actividades Asignadas por Supervisor > Asignación de tarea no especificada",CRITICA
"Demás Actividades Asignadas por el Supervisor / Actividades Asignadas por Supervisor / Asignación de tarea no especificada - ALTA - TTO","Time to own",60,minute,Default,"Demás Actividades Asignadas por el Supervisor > Actividades Asignadas por Supervisor > Asignación de tarea no especificada",ALTA
"Demás Actividades Asignadas por el Supervisor / Actividades Asignadas por Supervisor / Asignación de tarea no especificada - ALTA - TTR","Time to resolve",240,minute,Default,"Demás Actividades Asignadas por el Supervisor > Actividades Asignadas por Supervisor > Asignación de tarea no especificada",ALTA
"Demás Actividades Asignadas por el Supervisor / Actividades Asignadas por Supervisor / Asignación de tarea no especificada - MEDIA - TTO","Time to own",120,minute,Default,"Demás Actividades Asignadas por el Supervisor > Actividades Asignadas por Supervisor > Asignación de tarea no especificada",MEDIA
"Demás Actividades Asignadas por el Supervisor / Actividades Asignadas por Supervisor / Asignación de tarea no especificada - MEDIA - TTR","Time to resolve",360,minute,Default,"Demás Actividades Asignadas por el Supervisor > Actividades Asignadas por Supervisor > Asignación de tarea no especificada",MEDIA
"Demás Actividades Asignadas por el Supervisor / Actividades Asignadas por Supervisor / Asignación de tarea no especificada - BAJA - TTO","Time to own",240,minute,Default,"Demás Actividades Asignadas por el Supervisor > Actividades Asignadas por Supervisor > Asignación de tarea no especificada",BAJA
"Demás Actividades Asignadas por el Supervisor / Actividades Asignadas por Supervisor / Asignación de tarea no especificada - BAJA - TTR","Time to resolve",480,minute,Default,"Demás Actividades Asignadas por el Supervisor > Actividades Asignadas por Supervisor > Asignación de tarea no especificada",BAJA
